100     0.26166    0.02271    0.02686    0.01538      0.17962      0.17091      0.00000      0.00000      0.00000      
200     0.23757    0.02364    0.02838    0.01360      0.15538      0.16571      0.00000      0.00000      0.00000      
300     0.23047    0.02467    0.02994    0.01349      0.14807      0.14290      0.00000      0.00000      0.00000      
400     0.22445    0.02581    0.03156    0.01126      0.14411      0.11713      0.00000      0.00000      0.00000      
500     0.21849    0.02651    0.03281    0.00981      0.14251      0.06840      0.00000      0.00000      0.00000      
600     0.21593    0.02749    0.03421    0.01038      0.13534      0.08511      0.00000      0.00000      0.00000      
700     0.20835    0.02800    0.03504    0.00655      0.13275      0.06013      0.00000      0.00000      0.00000      
800     0.20616    0.02887    0.03621    0.01110      0.12466      0.05308      0.00000      0.00000      0.00000      
900     0.20167    0.02992    0.03764    0.00780      0.12216      0.04144      0.00000      0.00000      0.00000      
1000    0.19813    0.03079    0.03862    0.00785      0.11406      0.06815      0.00000      0.00000      0.00000      
1100    0.19324    0.03113    0.03919    0.00996      0.10774      0.05219      0.00000      0.00000      0.00000      
1200    0.19668    0.03173    0.04006    0.01117      0.10902      0.04705      0.00000      0.00000      0.00000      
1300    0.19223    0.03205    0.04062    0.00811      0.10807      0.03381      0.00000      0.00000      0.00000      
1400    0.19288    0.03289    0.04168    0.00750      0.10756      0.03251      0.00000      0.00000      0.00000      
1500    0.19838    0.03360    0.04275    0.00738      0.11181      0.02839      0.00000      0.00000      0.00000      
1600    0.19392    0.03407    0.04343    0.00723      0.10525      0.03934      0.00000      0.00000      0.00000      
1700    0.18965    0.03492    0.04451    0.00683      0.10018      0.03208      0.00000      0.00000      0.00000      
1800    0.19863    0.03533    0.04507    0.00836      0.10354      0.06329      0.00000      0.00000      0.00000      
1900    0.18868    0.03591    0.04600    0.00641      0.09660      0.03766      0.00000      0.00000      0.00000      
2000    0.19066    0.03640    0.04669    0.00736      0.09456      0.05653      0.00000      0.00000      0.00000      
2100    0.19063    0.03715    0.04765    0.00761      0.09539      0.02835      0.00000      0.00000      0.00000      
2200    0.19010    0.03799    0.04879    0.00584      0.09503      0.02446      0.00000      0.00000      0.00000      
2300    0.19103    0.03826    0.04919    0.00756      0.09249      0.03544      0.00000      0.00000      0.00000      
2400    0.19280    0.03876    0.05001    0.00612      0.09456      0.03345      0.00000      0.00000      0.00000      
2500    0.18717    0.03929    0.05071    0.00561      0.08792      0.03642      0.00000      0.00000      0.00000      
2600    0.19321    0.03946    0.05095    0.00679      0.09354      0.02469      0.00000      0.00000      0.00000      
2700    0.18695    0.04036    0.05206    0.00573      0.08609      0.02710      0.00000      0.00000      0.00000      
2800    0.18990    0.04094    0.05274    0.00459      0.08802      0.03613      0.00000      0.00000      0.00000      
2900    0.18810    0.04093    0.05275    0.00533      0.08575      0.03346      0.00000      0.00000      0.00000      
3000    0.18990    0.04130    0.05324    0.00511      0.08770      0.02543      0.00000      0.00000      0.00000      
3100    0.18798    0.04133    0.05358    0.00462      0.08604      0.02412      0.00000      0.00000      0.00000      
3200    0.19235    0.04171    0.05403    0.00545      0.08875      0.02393      0.00000      0.00000      0.00000      
3300    0.19028    0.04194    0.05435    0.00509      0.08563      0.03280      0.00000      0.00000      0.00000      
3400    0.19029    0.04220    0.05469    0.00518      0.08496      0.03253      0.00000      0.00000      0.00000      
3500    0.18709    0.04258    0.05522    0.00545      0.08156      0.02288      0.00000      0.00000      0.00000      
3600    0.18828    0.04271    0.05548    0.00616      0.08211      0.01821      0.00000      0.00000      0.00000      
3700    0.18919    0.04286    0.05541    0.00581      0.08290      0.02208      0.00000      0.00000      0.00000      
3800    0.18733    0.04306    0.05602    0.00580      0.08020      0.02257      0.00000      0.00000      0.00000      
3900    0.18958    0.04348    0.05644    0.00579      0.08134      0.02524      0.00000      0.00000      0.00000      
4000    0.18745    0.04345    0.05666    0.00586      0.07927      0.02206      0.00000      0.00000      0.00000      
4100    0.18793    0.04367    0.05682    0.00593      0.07925      0.02253      0.00000      0.00000      0.00000      
4200    0.18546    0.04368    0.05693    0.00533      0.07769      0.01834      0.00000      0.00000      0.00000      
4300    0.18661    0.04403    0.05765    0.00555      0.07735      0.02037      0.00000      0.00000      0.00000      
4400    0.18384    0.04377    0.05736    0.00481      0.07496      0.02940      0.00000      0.00000      0.00000      
4500    0.18656    0.04412    0.05748    0.00556      0.07703      0.02377      0.00000      0.00000      0.00000      
4600    0.18562    0.04398    0.05721    0.00545      0.07690      0.02073      0.00000      0.00000      0.00000      
4700    0.18506    0.04423    0.05781    0.00589      0.07499      0.02134      0.00000      0.00000      0.00000      
4800    0.18306    0.04456    0.05810    0.00518      0.07372      0.01502      0.00000      0.00000      0.00000      
4900    0.18548    0.04455    0.05819    0.00448      0.07480      0.03453      0.00000      0.00000      0.00000      
5000    0.18427    0.04453    0.05820    0.00476      0.07457      0.02217      0.00000      0.00000      0.00000      
5100    0.18378    0.04433    0.05774    0.00493      0.07483      0.01952      0.00000      0.00000      0.00000      
5200    0.18287    0.04418    0.05777    0.00551      0.07368      0.01729      0.00000      0.00000      0.00000      
5300    0.18288    0.04403    0.05753    0.00529      0.07438      0.01650      0.00000      0.00000      0.00000      
5400    0.18235    0.04424    0.05776    0.00571      0.07233      0.02312      0.00000      0.00000      0.00000      
5500    0.18274    0.04432    0.05785    0.00459      0.07384      0.02133      0.00000      0.00000      0.00000      
5600    0.18222    0.04430    0.05757    0.00425      0.07417      0.01919      0.00000      0.00000      0.00000      
5700    0.18237    0.04429    0.05761    0.00432      0.07322      0.02936      0.00000      0.00000      0.00000      
5800    0.18191    0.04434    0.05758    0.00439      0.07375      0.01853      0.00000      0.00000      0.00000      
5900    0.18221    0.04387    0.05719    0.00508      0.07414      0.01942      0.00000      0.00000      0.00000      
6000    0.17965    0.04359    0.05666    0.00431      0.07344      0.01640      0.00000      0.00000      0.00000      
6100    0.17833    0.04361    0.05677    0.00493      0.07124      0.01769      0.00000      0.00000      0.00000      
6200    0.18007    0.04385    0.05686    0.00504      0.07179      0.02520      0.00000      0.00000      0.00000      
6300    0.18004    0.04376    0.05681    0.00527      0.07234      0.01860      0.00000      0.00000      0.00000      
6400    0.17792    0.04349    0.05644    0.00499      0.07096      0.02041      0.00000      0.00000      0.00000      
6500    0.17683    0.04326    0.05604    0.00492      0.07060      0.02008      0.00000      0.00000      0.00000      
6600    0.17566    0.04282    0.05565    0.00490      0.07057      0.01732      0.00000      0.00000      0.00000      
6700    0.17659    0.04278    0.05552    0.00526      0.07113      0.01890      0.00000      0.00000      0.00000      
6800    0.17528    0.04231    0.05516    0.00543      0.07090      0.01476      0.00000      0.00000      0.00000      
6900    0.17463    0.04184    0.05462    0.00573      0.07042      0.02029      0.00000      0.00000      0.00000      
7000    0.17448    0.04181    0.05448    0.00564      0.07007      0.02478      0.00000      0.00000      0.00000      
7100    0.17299    0.04169    0.05434    0.00557      0.06960      0.01788      0.00000      0.00000      0.00000      
7200    0.17318    0.04150    0.05423    0.00559      0.07021      0.01644      0.00000      0.00000      0.00000      
7300    0.17217    0.04120    0.05386    0.00465      0.07094      0.01528      0.00000      0.00000      0.00000      
7400    0.17162    0.04095    0.05358    0.00510      0.07048      0.01510      0.00000      0.00000      0.00000      
7500    0.16957    0.04068    0.05309    0.00492      0.06943      0.01447      0.00000      0.00000      0.00000      
7600    0.17005    0.04037    0.05266    0.00504      0.06954      0.02448      0.00000      0.00000      0.00000      
7700    0.16753    0.04000    0.05238    0.00464      0.06857      0.01934      0.00000      0.00000      0.00000      
7800    0.16808    0.03956    0.05223    0.00486      0.06999      0.01436      0.00000      0.00000      0.00000      
7900    0.16761    0.03911    0.05150    0.00512      0.07000      0.01880      0.00000      0.00000      0.00000      
8000    0.16506    0.03870    0.05103    0.00486      0.06882      0.01646      0.00000      0.00000      0.00000      
8100    0.16531    0.03872    0.05101    0.00465      0.06858      0.02350      0.00000      0.00000      0.00000      
8200    0.16446    0.03827    0.05058    0.00484      0.06850      0.02278      0.00000      0.00000      0.00000      
8300    0.16390    0.03800    0.05047    0.00504      0.06844      0.01937      0.00000      0.00000      0.00000      
8400    0.16422    0.03819    0.05055    0.00476      0.06838      0.02341      0.00000      0.00000      0.00000      
8500    0.16287    0.03809    0.05031    0.00470      0.06823      0.01538      0.00000      0.00000      0.00000      
8600    0.16194    0.03793    0.05006    0.00467      0.06774      0.01550      0.00000      0.00000      0.00000      
8700    0.16173    0.03777    0.04978    0.00476      0.06775      0.01663      0.00000      0.00000      0.00000      
8800    0.16068    0.03727    0.04946    0.00505      0.06758      0.01325      0.00000      0.00000      0.00000      
8900    0.15907    0.03686    0.04898    0.00434      0.06745      0.01429      0.00000      0.00000      0.00000      
9000    0.15972    0.03672    0.04872    0.00406      0.06874      0.01467      0.00000      0.00000      0.00000      
9100    0.15767    0.03625    0.04823    0.00446      0.06720      0.01523      0.00000      0.00000      0.00000      
9200    0.15740    0.03595    0.04791    0.00503      0.06651      0.02001      0.00000      0.00000      0.00000      
9300    0.15746    0.03603    0.04796    0.00504      0.06698      0.01447      0.00000      0.00000      0.00000      
9400    0.15613    0.03556    0.04737    0.00428      0.06755      0.01378      0.00000      0.00000      0.00000      
9500    0.15734    0.03577    0.04757    0.00451      0.06810      0.01380      0.00000      0.00000      0.00000      
9600    0.15540    0.03549    0.04737    0.00474      0.06626      0.01545      0.00000      0.00000      0.00000      
9700    0.15484    0.03535    0.04711    0.00423      0.06660      0.01538      0.00000      0.00000      0.00000      
9800    0.15488    0.03518    0.04676    0.00454      0.06715      0.01239      0.00000      0.00000      0.00000      
9900    0.15434    0.03481    0.04642    0.00441      0.06708      0.01617      0.00000      0.00000      0.00000      
10000   0.15336    0.03437    0.04590    0.00437      0.06702      0.01705      0.00000      0.00000      0.00000      
10100   0.15322    0.03434    0.04571    0.00420      0.06738      0.01585      0.00000      0.00000      0.00000      
10200   0.15256    0.03373    0.04508    0.00414      0.06779      0.01810      0.00000      0.00000      0.00000      
10300   0.15089    0.03378    0.04511    0.00442      0.06610      0.01482      0.00000      0.00000      0.00000      
10400   0.15118    0.03371    0.04498    0.00441      0.06679      0.01299      0.00000      0.00000      0.00000      
10500   0.15036    0.03360    0.04485    0.00440      0.06582      0.01696      0.00000      0.00000      0.00000      
10600   0.14984    0.03319    0.04437    0.00399      0.06683      0.01453      0.00000      0.00000      0.00000      
10700   0.15036    0.03281    0.04402    0.00387      0.06796      0.01695      0.00000      0.00000      0.00000      
10800   0.14862    0.03263    0.04388    0.00430      0.06613      0.01675      0.00000      0.00000      0.00000      
10900   0.14842    0.03249    0.04374    0.00463      0.06596      0.01611      0.00000      0.00000      0.00000      
11000   0.14733    0.03206    0.04319    0.00455      0.06607      0.01460      0.00000      0.00000      0.00000      
11100   0.14633    0.03162    0.04267    0.00500      0.06535      0.01685      0.00000      0.00000      0.00000      
11200   0.14547    0.03157    0.04242    0.00445      0.06564      0.01386      0.00000      0.00000      0.00000      
11300   0.14613    0.03145    0.04217    0.00420      0.06682      0.01501      0.00000      0.00000      0.00000      
11400   0.14429    0.03092    0.04175    0.00449      0.06574      0.01395      0.00000      0.00000      0.00000      
11500   0.14457    0.03096    0.04160    0.00467      0.06588      0.01466      0.00000      0.00000      0.00000      
11600   0.14379    0.03069    0.04120    0.00431      0.06591      0.01681      0.00000      0.00000      0.00000      
11700   0.14281    0.03037    0.04094    0.00449      0.06558      0.01442      0.00000      0.00000      0.00000      
11800   0.14244    0.03024    0.04079    0.00414      0.06586      0.01409      0.00000      0.00000      0.00000      
11900   0.14263    0.03014    0.04069    0.00438      0.06572      0.01705      0.00000      0.00000      0.00000      
12000   0.14211    0.03006    0.04047    0.00404      0.06593      0.01606      0.00000      0.00000      0.00000      
12100   0.14130    0.02984    0.04028    0.00432      0.06543      0.01424      0.00000      0.00000      0.00000      
12200   0.14118    0.02982    0.04020    0.00431      0.06534      0.01511      0.00000      0.00000      0.00000      
12300   0.14099    0.02959    0.03997    0.00466      0.06509      0.01682      0.00000      0.00000      0.00000      
12400   0.14114    0.02944    0.03975    0.00437      0.06613      0.01444      0.00000      0.00000      0.00000      
12500   0.14024    0.02926    0.03970    0.00425      0.06569      0.01343      0.00000      0.00000      0.00000      
12600   0.13960    0.02926    0.03947    0.00452      0.06497      0.01380      0.00000      0.00000      0.00000      
12700   0.13968    0.02925    0.03932    0.00456      0.06500      0.01542      0.00000      0.00000      0.00000      
12800   0.13927    0.02914    0.03928    0.00450      0.06462      0.01719      0.00000      0.00000      0.00000      
12900   0.13885    0.02884    0.03887    0.00452      0.06493      0.01688      0.00000      0.00000      0.00000      
13000   0.13833    0.02907    0.03901    0.00424      0.06457      0.01439      0.00000      0.00000      0.00000      
13100   0.13806    0.02862    0.03866    0.00425      0.06439      0.02134      0.00000      0.00000      0.00000      
13200   0.13763    0.02845    0.03848    0.00407      0.06488      0.01754      0.00000      0.00000      0.00000      
13300   0.13700    0.02808    0.03812    0.00448      0.06463      0.01687      0.00000      0.00000      0.00000      
13400   0.13664    0.02807    0.03801    0.00449      0.06448      0.01581      0.00000      0.00000      0.00000      
13500   0.13548    0.02770    0.03771    0.00426      0.06418      0.01628      0.00000      0.00000      0.00000      
13600   0.13583    0.02773    0.03776    0.00424      0.06453      0.01559      0.00000      0.00000      0.00000      
13700   0.13481    0.02761    0.03737    0.00408      0.06434      0.01414      0.00000      0.00000      0.00000      
13800   0.13444    0.02749    0.03720    0.00358      0.06422      0.01956      0.00000      0.00000      0.00000      
13900   0.13393    0.02711    0.03677    0.00406      0.06457      0.01417      0.00000      0.00000      0.00000      
14000   0.13332    0.02674    0.03637    0.00426      0.06435      0.01607      0.00000      0.00000      0.00000      
14100   0.13238    0.02638    0.03597    0.00443      0.06395      0.01644      0.00000      0.00000      0.00000      
14200   0.13231    0.02644    0.03592    0.00399      0.06449      0.01477      0.00000      0.00000      0.00000      
14300   0.13241    0.02618    0.03569    0.00397      0.06482      0.01753      0.00000      0.00000      0.00000      
14400   0.13159    0.02610    0.03561    0.00439      0.06409      0.01402      0.00000      0.00000      0.00000      
14500   0.13126    0.02587    0.03530    0.00414      0.06409      0.01867      0.00000      0.00000      0.00000      
14600   0.13053    0.02557    0.03501    0.00423      0.06397      0.01746      0.00000      0.00000      0.00000      
14700   0.13044    0.02562    0.03498    0.00409      0.06413      0.01618      0.00000      0.00000      0.00000      
14800   0.13017    0.02558    0.03483    0.00405      0.06428      0.01434      0.00000      0.00000      0.00000      
14900   0.13008    0.02560    0.03494    0.00396      0.06419      0.01390      0.00000      0.00000      0.00000      
15000   0.12998    0.02546    0.03478    0.00392      0.06388      0.01937      0.00000      0.00000      0.00000      
15100   0.12983    0.02543    0.03474    0.00412      0.06384      0.01712      0.00000      0.00000      0.00000      
15200   0.12947    0.02530    0.03455    0.00415      0.06379      0.01667      0.00000      0.00000      0.00000      
15300   0.12943    0.02511    0.03446    0.00426      0.06402      0.01573      0.00000      0.00000      0.00000      
15400   0.12890    0.02512    0.03429    0.00447      0.06367      0.01351      0.00000      0.00000      0.00000      
15500   0.12855    0.02470    0.03395    0.00375      0.06399      0.02156      0.00000      0.00000      0.00000      
15600   0.12791    0.02453    0.03396    0.00378      0.06378      0.01862      0.00000      0.00000      0.00000      
15700   0.12784    0.02455    0.03381    0.00428      0.06364      0.01547      0.00000      0.00000      0.00000      
15800   0.12769    0.02466    0.03386    0.00398      0.06382      0.01377      0.00000      0.00000      0.00000      
15900   0.12704    0.02440    0.03354    0.00409      0.06352      0.01492      0.00000      0.00000      0.00000      
16000   0.12717    0.02433    0.03349    0.00395      0.06365      0.01743      0.00000      0.00000      0.00000      
16100   0.12721    0.02430    0.03354    0.00424      0.06358      0.01551      0.00000      0.00000      0.00000      
16200   0.12669    0.02412    0.03340    0.00408      0.06371      0.01380      0.00000      0.00000      0.00000      
16300   0.12654    0.02420    0.03340    0.00433      0.06342      0.01202      0.00000      0.00000      0.00000      
16400   0.12600    0.02394    0.03311    0.00421      0.06337      0.01367      0.00000      0.00000      0.00000      
16500   0.12583    0.02397    0.03311    0.00421      0.06312      0.01426      0.00000      0.00000      0.00000      
16600   0.12559    0.02381    0.03291    0.00452      0.06297      0.01374      0.00000      0.00000      0.00000      
16700   0.12539    0.02387    0.03279    0.00421      0.06310      0.01415      0.00000      0.00000      0.00000      
16800   0.12447    0.02354    0.03257    0.00426      0.06249      0.01591      0.00000      0.00000      0.00000      
16900   0.12466    0.02318    0.03236    0.00403      0.06358      0.01510      0.00000      0.00000      0.00000      
17000   0.12437    0.02325    0.03246    0.00402      0.06323      0.01406      0.00000      0.00000      0.00000      
17100   0.12465    0.02348    0.03257    0.00402      0.06306      0.01524      0.00000      0.00000      0.00000      
17200   0.12407    0.02328    0.03233    0.00377      0.06320      0.01502      0.00000      0.00000      0.00000      
17300   0.12393    0.02315    0.03219    0.00412      0.06294      0.01527      0.00000      0.00000      0.00000      
17400   0.12376    0.02297    0.03203    0.00421      0.06313      0.01423      0.00000      0.00000      0.00000      
17500   0.12317    0.02274    0.03186    0.00374      0.06337      0.01457      0.00000      0.00000      0.00000      
17600   0.12287    0.02271    0.03175    0.00394      0.06267      0.01801      0.00000      0.00000      0.00000      
17700   0.12242    0.02247    0.03153    0.00420      0.06242      0.01797      0.00000      0.00000      0.00000      
17800   0.12196    0.02251    0.03147    0.00412      0.06226      0.01596      0.00000      0.00000      0.00000      
17900   0.12155    0.02221    0.03120    0.00399      0.06279      0.01362      0.00000      0.00000      0.00000      
18000   0.12096    0.02188    0.03083    0.00440      0.06232      0.01513      0.00000      0.00000      0.00000      
18100   0.12109    0.02198    0.03087    0.00408      0.06261      0.01550      0.00000      0.00000      0.00000      
18200   0.12081    0.02188    0.03073    0.00435      0.06253      0.01316      0.00000      0.00000      0.00000      
18300   0.12030    0.02167    0.03056    0.00428      0.06251      0.01279      0.00000      0.00000      0.00000      
18400   0.12045    0.02158    0.03042    0.00420      0.06255      0.01695      0.00000      0.00000      0.00000      
18500   0.12005    0.02149    0.03034    0.00423      0.06259      0.01406      0.00000      0.00000      0.00000      
18600   0.11950    0.02134    0.03021    0.00360      0.06277      0.01579      0.00000      0.00000      0.00000      
18700   0.11913    0.02131    0.03016    0.00405      0.06221      0.01399      0.00000      0.00000      0.00000      
18800   0.11873    0.02100    0.02978    0.00375      0.06284      0.01357      0.00000      0.00000      0.00000      
18900   0.11850    0.02087    0.02959    0.00400      0.06266      0.01387      0.00000      0.00000      0.00000      
19000   0.11866    0.02090    0.02961    0.00411      0.06270      0.01329      0.00000      0.00000      0.00000      
19100   0.11916    0.02106    0.02973    0.00403      0.06247      0.01858      0.00000      0.00000      0.00000      
19200   0.11906    0.02120    0.02984    0.00403      0.06254      0.01438      0.00000      0.00000      0.00000      
19300   0.11874    0.02111    0.02976    0.00370      0.06276      0.01415      0.00000      0.00000      0.00000      
19400   0.11904    0.02106    0.02973    0.00380      0.06271      0.01739      0.00000      0.00000      0.00000      
19500   0.11927    0.02119    0.02982    0.00353      0.06298      0.01736      0.00000      0.00000      0.00000      
19600   0.11875    0.02088    0.02954    0.00425      0.06265      0.01428      0.00000      0.00000      0.00000      
19700   0.11823    0.02080    0.02945    0.00386      0.06278      0.01331      0.00000      0.00000      0.00000      
19800   0.11833    0.02085    0.02943    0.00412      0.06239      0.01545      0.00000      0.00000      0.00000      
19900   0.11776    0.02059    0.02925    0.00417      0.06224      0.01501      0.00000      0.00000      0.00000      
20000   0.11797    0.02051    0.02913    0.00438      0.06249      0.01465      0.00000      0.00000      0.00000      
20100   0.11776    0.02058    0.02909    0.00407      0.06251      0.01509      0.00000      0.00000      0.00000      
20200   0.11751    0.02055    0.02905    0.00423      0.06242      0.01265      0.00000      0.00000      0.00000      
20300   0.11752    0.02052    0.02897    0.00421      0.06252      0.01301      0.00000      0.00000      0.00000      
20400   0.11729    0.02030    0.02884    0.00391      0.06275      0.01503      0.00000      0.00000      0.00000      
20500   0.11713    0.02022    0.02876    0.00392      0.06287      0.01360      0.00000      0.00000      0.00000      
20600   0.11680    0.02005    0.02860    0.00396      0.06269      0.01504      0.00000      0.00000      0.00000      
20700   0.11623    0.01998    0.02854    0.00412      0.06226      0.01327      0.00000      0.00000      0.00000      
20800   0.11604    0.01981    0.02843    0.00429      0.06217      0.01330      0.00000      0.00000      0.00000      
20900   0.11588    0.01991    0.02845    0.00444      0.06161      0.01471      0.00000      0.00000      0.00000      
21000   0.11589    0.01981    0.02837    0.00392      0.06248      0.01317      0.00000      0.00000      0.00000      
21100   0.11569    0.01983    0.02829    0.00412      0.06215      0.01308      0.00000      0.00000      0.00000      
21200   0.11567    0.01987    0.02826    0.00400      0.06209      0.01435      0.00000      0.00000      0.00000      
21300   0.11546    0.01979    0.02824    0.00381      0.06231      0.01298      0.00000      0.00000      0.00000      
21400   0.11524    0.01970    0.02807    0.00397      0.06203      0.01473      0.00000      0.00000      0.00000      
21500   0.11496    0.01961    0.02793    0.00404      0.06202      0.01354      0.00000      0.00000      0.00000      
21600   0.11433    0.01932    0.02771    0.00393      0.06192      0.01443      0.00000      0.00000      0.00000      
21700   0.11413    0.01927    0.02753    0.00437      0.06156      0.01392      0.00000      0.00000      0.00000      
21800   0.11371    0.01920    0.02750    0.00408      0.06153      0.01393      0.00000      0.00000      0.00000      
21900   0.11355    0.01904    0.02737    0.00388      0.06197      0.01292      0.00000      0.00000      0.00000      
22000   0.11341    0.01906    0.02736    0.00398      0.06163      0.01379      0.00000      0.00000      0.00000      
22100   0.11384    0.01894    0.02729    0.00417      0.06204      0.01399      0.00000      0.00000      0.00000      
22200   0.11353    0.01902    0.02727    0.00393      0.06202      0.01285      0.00000      0.00000      0.00000      
22300   0.11337    0.01911    0.02729    0.00382      0.06169      0.01460      0.00000      0.00000      0.00000      
22400   0.11313    0.01877    0.02698    0.00409      0.06177      0.01515      0.00000      0.00000      0.00000      
22500   0.11303    0.01883    0.02696    0.00403      0.06190      0.01311      0.00000      0.00000      0.00000      
22600   0.11251    0.01861    0.02676    0.00420      0.06162      0.01315      0.00000      0.00000      0.00000      
22700   0.11216    0.01842    0.02660    0.00416      0.06169      0.01287      0.00000      0.00000      0.00000      
22800   0.11248    0.01831    0.02654    0.00382      0.06238      0.01428      0.00000      0.00000      0.00000      
22900   0.11241    0.01846    0.02663    0.00373      0.06187      0.01723      0.00000      0.00000      0.00000      
23000   0.11229    0.01833    0.02652    0.00424      0.06189      0.01311      0.00000      0.00000      0.00000      
23100   0.11205    0.01820    0.02642    0.00398      0.06192      0.01545      0.00000      0.00000      0.00000      
23200   0.11196    0.01818    0.02643    0.00404      0.06201      0.01291      0.00000      0.00000      0.00000      
23300   0.11181    0.01800    0.02630    0.00407      0.06179      0.01656      0.00000      0.00000      0.00000      
23400   0.11127    0.01782    0.02611    0.00391      0.06178      0.01638      0.00000      0.00000      0.00000      
23500   0.11118    0.01768    0.02605    0.00413      0.06205      0.01263      0.00000      0.00000      0.00000      
23600   0.11128    0.01786    0.02605    0.00410      0.06190      0.01370      0.00000      0.00000      0.00000      
23700   0.11132    0.01774    0.02601    0.00420      0.06183      0.01544      0.00000      0.00000      0.00000      
23800   0.11090    0.01764    0.02590    0.00408      0.06194      0.01339      0.00000      0.00000      0.00000      
23900   0.11091    0.01768    0.02585    0.00395      0.06201      0.01421      0.00000      0.00000      0.00000      
24000   0.11060    0.01746    0.02567    0.00424      0.06182      0.01414      0.00000      0.00000      0.00000      
24100   0.11047    0.01747    0.02568    0.00395      0.06183      0.01547      0.00000      0.00000      0.00000      
24200   0.11064    0.01744    0.02564    0.00428      0.06177      0.01519      0.00000      0.00000      0.00000      
24300   0.11004    0.01734    0.02548    0.00403      0.06187      0.01319      0.00000      0.00000      0.00000      
24400   0.10988    0.01725    0.02546    0.00386      0.06199      0.01315      0.00000      0.00000      0.00000      
24500   0.10996    0.01727    0.02544    0.00416      0.06157      0.01516      0.00000      0.00000      0.00000      
24600   0.10954    0.01721    0.02538    0.00420      0.06136      0.01390      0.00000      0.00000      0.00000      
24700   0.10948    0.01716    0.02530    0.00400      0.06172      0.01306      0.00000      0.00000      0.00000      
24800   0.10938    0.01699    0.02516    0.00444      0.06123      0.01558      0.00000      0.00000      0.00000      
24900   0.10899    0.01689    0.02503    0.00397      0.06176      0.01348      0.00000      0.00000      0.00000      
25000   0.10889    0.01677    0.02492    0.00396      0.06189      0.01346      0.00000      0.00000      0.00000      
25100   0.10836    0.01665    0.02483    0.00381      0.06172      0.01350      0.00000      0.00000      0.00000      
25200   0.10873    0.01669    0.02478    0.00412      0.06180      0.01340      0.00000      0.00000      0.00000      
25300   0.10851    0.01661    0.02473    0.00388      0.06184      0.01446      0.00000      0.00000      0.00000      
25400   0.10853    0.01659    0.02467    0.00403      0.06199      0.01259      0.00000      0.00000      0.00000      
25500   0.10842    0.01664    0.02468    0.00392      0.06183      0.01343      0.00000      0.00000      0.00000      
25600   0.10805    0.01660    0.02463    0.00404      0.06134      0.01431      0.00000      0.00000      0.00000      
25700   0.10777    0.01648    0.02449    0.00369      0.06162      0.01494      0.00000      0.00000      0.00000      
25800   0.10775    0.01640    0.02444    0.00394      0.06169      0.01288      0.00000      0.00000      0.00000      
25900   0.10733    0.01618    0.02425    0.00395      0.06152      0.01435      0.00000      0.00000      0.00000      
26000   0.10717    0.01607    0.02415    0.00398      0.06141      0.01548      0.00000      0.00000      0.00000      
26100   0.10713    0.01601    0.02408    0.00422      0.06153      0.01289      0.00000      0.00000      0.00000      
26200   0.10665    0.01588    0.02397    0.00399      0.06138      0.01427      0.00000      0.00000      0.00000      
26300   0.10671    0.01587    0.02393    0.00412      0.06145      0.01342      0.00000      0.00000      0.00000      
26400   0.10682    0.01581    0.02390    0.00395      0.06170      0.01458      0.00000      0.00000      0.00000      
26500   0.10665    0.01584    0.02387    0.00397      0.06158      0.01397      0.00000      0.00000      0.00000      
26600   0.10642    0.01570    0.02374    0.00399      0.06154      0.01463      0.00000      0.00000      0.00000      
26700   0.10610    0.01562    0.02364    0.00394      0.06152      0.01382      0.00000      0.00000      0.00000      
26800   0.10618    0.01551    0.02352    0.00403      0.06165      0.01475      0.00000      0.00000      0.00000      
26900   0.10576    0.01544    0.02347    0.00396      0.06156      0.01329      0.00000      0.00000      0.00000      
27000   0.10549    0.01537    0.02341    0.00385      0.06145      0.01404      0.00000      0.00000      0.00000      
27100   0.10520    0.01528    0.02338    0.00382      0.06132      0.01392      0.00000      0.00000      0.00000      
27200   0.10515    0.01509    0.02321    0.00412      0.06132      0.01413      0.00000      0.00000      0.00000      
27300   0.10501    0.01522    0.02325    0.00386      0.06132      0.01364      0.00000      0.00000      0.00000      
27400   0.10504    0.01512    0.02317    0.00386      0.06152      0.01377      0.00000      0.00000      0.00000      
27500   0.10489    0.01509    0.02318    0.00390      0.06145      0.01269      0.00000      0.00000      0.00000      
27600   0.10500    0.01509    0.02318    0.00372      0.06173      0.01280      0.00000      0.00000      0.00000      
27700   0.10458    0.01494    0.02306    0.00380      0.06118      0.01608      0.00000      0.00000      0.00000      
27800   0.10466    0.01499    0.02304    0.00404      0.06119      0.01408      0.00000      0.00000      0.00000      
27900   0.10438    0.01488    0.02295    0.00399      0.06132      0.01243      0.00000      0.00000      0.00000      
28000   0.10450    0.01489    0.02294    0.00376      0.06148      0.01422      0.00000      0.00000      0.00000      
28100   0.10404    0.01471    0.02280    0.00378      0.06136      0.01394      0.00000      0.00000      0.00000      
28200   0.10394    0.01467    0.02279    0.00391      0.06117      0.01406      0.00000      0.00000      0.00000      
28300   0.10389    0.01459    0.02269    0.00359      0.06167      0.01356      0.00000      0.00000      0.00000      
28400   0.10376    0.01458    0.02268    0.00395      0.06123      0.01326      0.00000      0.00000      0.00000      
28500   0.10363    0.01456    0.02260    0.00402      0.06114      0.01311      0.00000      0.00000      0.00000      
28600   0.10358    0.01457    0.02258    0.00395      0.06119      0.01295      0.00000      0.00000      0.00000      
28700   0.10338    0.01441    0.02245    0.00389      0.06106      0.01574      0.00000      0.00000      0.00000      
28800   0.10330    0.01442    0.02247    0.00386      0.06124      0.01307      0.00000      0.00000      0.00000      
28900   0.10294    0.01430    0.02235    0.00378      0.06121      0.01300      0.00000      0.00000      0.00000      
29000   0.10304    0.01432    0.02239    0.00387      0.06102      0.01441      0.00000      0.00000      0.00000      
29100   0.10313    0.01433    0.02237    0.00371      0.06135      0.01367      0.00000      0.00000      0.00000      
29200   0.10311    0.01428    0.02232    0.00397      0.06111      0.01424      0.00000      0.00000      0.00000      
29300   0.10282    0.01423    0.02229    0.00386      0.06119      0.01253      0.00000      0.00000      0.00000      
29400   0.10283    0.01423    0.02225    0.00398      0.06104      0.01326      0.00000      0.00000      0.00000      
29500   0.10264    0.01412    0.02220    0.00400      0.06099      0.01319      0.00000      0.00000      0.00000      
29600   0.10277    0.01418    0.02220    0.00385      0.06123      0.01315      0.00000      0.00000      0.00000      
29700   0.10244    0.01414    0.02214    0.00386      0.06100      0.01297      0.00000      0.00000      0.00000      
29800   0.10248    0.01410    0.02210    0.00380      0.06117      0.01313      0.00000      0.00000      0.00000      
29900   0.10209    0.01399    0.02202    0.00388      0.06090      0.01304      0.00000      0.00000      0.00000      
30000   0.10215    0.01391    0.02195    0.00397      0.06109      0.01231      0.00000      0.00000      0.00000      
30100   0.10201    0.01387    0.02193    0.00397      0.06093      0.01308      0.00000      0.00000      0.00000      
30200   0.10190    0.01393    0.02192    0.00399      0.06080      0.01263      0.00000      0.00000      0.00000      
30300   0.10191    0.01377    0.02181    0.00377      0.06115      0.01404      0.00000      0.00000      0.00000      
30400   0.10181    0.01379    0.02186    0.00414      0.06074      0.01277      0.00000      0.00000      0.00000      
30500   0.10183    0.01376    0.02183    0.00397      0.06095      0.01331      0.00000      0.00000      0.00000      
30600   0.10168    0.01367    0.02173    0.00393      0.06108      0.01271      0.00000      0.00000      0.00000      
30700   0.10155    0.01370    0.02175    0.00395      0.06090      0.01258      0.00000      0.00000      0.00000      
30800   0.10138    0.01359    0.02167    0.00415      0.06066      0.01289      0.00000      0.00000      0.00000      
30900   0.10131    0.01351    0.02163    0.00397      0.06080      0.01401      0.00000      0.00000      0.00000      
31000   0.10107    0.01349    0.02155    0.00411      0.06062      0.01302      0.00000      0.00000      0.00000      
31100   0.10124    0.01358    0.02160    0.00408      0.06064      0.01337      0.00000      0.00000      0.00000      
31200   0.10113    0.01343    0.02152    0.00417      0.06071      0.01290      0.00000      0.00000      0.00000      
31300   0.10106    0.01336    0.02146    0.00402      0.06094      0.01284      0.00000      0.00000      0.00000      
31400   0.10075    0.01336    0.02143    0.00398      0.06068      0.01294      0.00000      0.00000      0.00000      
31500   0.10058    0.01314    0.02129    0.00402      0.06084      0.01299      0.00000      0.00000      0.00000      
31600   0.10048    0.01313    0.02125    0.00403      0.06074      0.01334      0.00000      0.00000      0.00000      
31700   0.10034    0.01309    0.02123    0.00398      0.06083      0.01207      0.00000      0.00000      0.00000      
31800   0.10054    0.01315    0.02126    0.00398      0.06088      0.01275      0.00000      0.00000      0.00000      
31900   0.10042    0.01305    0.02120    0.00411      0.06084      0.01222      0.00000      0.00000      0.00000      
32000   0.10036    0.01302    0.02116    0.00415      0.06081      0.01217      0.00000      0.00000      0.00000      
32100   0.10005    0.01296    0.02112    0.00415      0.06056      0.01250      0.00000      0.00000      0.00000      
32200   0.10017    0.01298    0.02111    0.00413      0.06067      0.01271      0.00000      0.00000      0.00000      
32300   0.10004    0.01297    0.02111    0.00386      0.06079      0.01312      0.00000      0.00000      0.00000      
32400   0.10005    0.01294    0.02108    0.00406      0.06056      0.01403      0.00000      0.00000      0.00000      
32500   0.09999    0.01293    0.02107    0.00400      0.06070      0.01289      0.00000      0.00000      0.00000      
32600   0.09993    0.01280    0.02096    0.00407      0.06083      0.01272      0.00000      0.00000      0.00000      
32700   0.09987    0.01281    0.02088    0.00416      0.06076      0.01260      0.00000      0.00000      0.00000      
32800   0.09969    0.01280    0.02084    0.00423      0.06055      0.01267      0.00000      0.00000      0.00000      
32900   0.09964    0.01284    0.02085    0.00399      0.06070      0.01248      0.00000      0.00000      0.00000      
33000   0.09952    0.01274    0.02079    0.00404      0.06067      0.01289      0.00000      0.00000      0.00000      
33100   0.09958    0.01268    0.02076    0.00394      0.06078      0.01425      0.00000      0.00000      0.00000      
33200   0.09933    0.01263    0.02071    0.00387      0.06074      0.01387      0.00000      0.00000      0.00000      
33300   0.09940    0.01263    0.02068    0.00395      0.06089      0.01258      0.00000      0.00000      0.00000      
33400   0.09932    0.01262    0.02068    0.00393      0.06077      0.01318      0.00000      0.00000      0.00000      
33500   0.09934    0.01258    0.02064    0.00415      0.06069      0.01291      0.00000      0.00000      0.00000      
33600   0.09924    0.01259    0.02059    0.00419      0.06063      0.01232      0.00000      0.00000      0.00000      
33700   0.09900    0.01250    0.02051    0.00401      0.06063      0.01345      0.00000      0.00000      0.00000      
33800   0.09886    0.01247    0.02046    0.00399      0.06069      0.01250      0.00000      0.00000      0.00000      
33900   0.09873    0.01241    0.02044    0.00408      0.06057      0.01224      0.00000      0.00000      0.00000      
34000   0.09871    0.01234    0.02037    0.00419      0.06053      0.01281      0.00000      0.00000      0.00000      
34100   0.09863    0.01231    0.02033    0.00418      0.06061      0.01208      0.00000      0.00000      0.00000      
34200   0.09858    0.01230    0.02031    0.00390      0.06081      0.01265      0.00000      0.00000      0.00000      
34300   0.09853    0.01220    0.02025    0.00386      0.06095      0.01271      0.00000      0.00000      0.00000      
34400   0.09841    0.01219    0.02021    0.00401      0.06077      0.01232      0.00000      0.00000      0.00000      
34500   0.09848    0.01218    0.02017    0.00402      0.06079      0.01322      0.00000      0.00000      0.00000      
34600   0.09839    0.01218    0.02014    0.00391      0.06092      0.01240      0.00000      0.00000      0.00000      
34700   0.09825    0.01210    0.02007    0.00396      0.06080      0.01321      0.00000      0.00000      0.00000      
34800   0.09818    0.01202    0.02004    0.00406      0.06046      0.01600      0.00000      0.00000      0.00000      
34900   0.09790    0.01198    0.02000    0.00392      0.06066      0.01336      0.00000      0.00000      0.00000      
35000   0.09794    0.01194    0.01995    0.00438      0.06032      0.01346      0.00000      0.00000      0.00000      
35100   0.09776    0.01188    0.01992    0.00422      0.06042      0.01315      0.00000      0.00000      0.00000      
35200   0.09772    0.01185    0.01986    0.00420      0.06056      0.01254      0.00000      0.00000      0.00000      
35300   0.09769    0.01186    0.01985    0.00418      0.06050      0.01305      0.00000      0.00000      0.00000      
35400   0.09775    0.01184    0.01982    0.00395      0.06071      0.01432      0.00000      0.00000      0.00000      
35500   0.09757    0.01183    0.01983    0.00386      0.06077      0.01279      0.00000      0.00000      0.00000      
35600   0.09736    0.01178    0.01979    0.00393      0.06060      0.01264      0.00000      0.00000      0.00000      
35700   0.09743    0.01175    0.01975    0.00403      0.06068      0.01211      0.00000      0.00000      0.00000      
35800   0.09748    0.01177    0.01975    0.00394      0.06073      0.01278      0.00000      0.00000      0.00000      
35900   0.09742    0.01175    0.01974    0.00399      0.06073      0.01214      0.00000      0.00000      0.00000      
36000   0.09729    0.01170    0.01970    0.00399      0.06058      0.01317      0.00000      0.00000      0.00000      
36100   0.09720    0.01161    0.01962    0.00405      0.06069      0.01226      0.00000      0.00000      0.00000      
36200   0.09712    0.01162    0.01963    0.00408      0.06052      0.01274      0.00000      0.00000      0.00000      
36300   0.09708    0.01163    0.01962    0.00391      0.06060      0.01316      0.00000      0.00000      0.00000      
36400   0.09691    0.01153    0.01955    0.00395      0.06067      0.01212      0.00000      0.00000      0.00000      
36500   0.09690    0.01152    0.01953    0.00389      0.06062      0.01341      0.00000      0.00000      0.00000      
36600   0.09696    0.01160    0.01954    0.00405      0.06046      0.01302      0.00000      0.00000      0.00000      
36700   0.09693    0.01157    0.01952    0.00394      0.06056      0.01337      0.00000      0.00000      0.00000      
36800   0.09695    0.01156    0.01949    0.00406      0.06059      0.01253      0.00000      0.00000      0.00000      
36900   0.09674    0.01149    0.01945    0.00394      0.06057      0.01307      0.00000      0.00000      0.00000      
37000   0.09663    0.01144    0.01938    0.00402      0.06045      0.01340      0.00000      0.00000      0.00000      
37100   0.09651    0.01133    0.01933    0.00409      0.06051      0.01249      0.00000      0.00000      0.00000      
37200   0.09643    0.01136    0.01929    0.00407      0.06044      0.01271      0.00000      0.00000      0.00000      
37300   0.09657    0.01130    0.01924    0.00404      0.06077      0.01229      0.00000      0.00000      0.00000      
37400   0.09630    0.01123    0.01919    0.00403      0.06057      0.01289      0.00000      0.00000      0.00000      
37500   0.09620    0.01119    0.01915    0.00406      0.06056      0.01241      0.00000      0.00000      0.00000      
37600   0.09617    0.01113    0.01909    0.00412      0.06042      0.01412      0.00000      0.00000      0.00000      
37700   0.09596    0.01106    0.01906    0.00419      0.06041      0.01244      0.00000      0.00000      0.00000      
37800   0.09607    0.01111    0.01906    0.00411      0.06058      0.01221      0.00000      0.00000      0.00000      
37900   0.09589    0.01105    0.01902    0.00401      0.06044      0.01373      0.00000      0.00000      0.00000      
38000   0.09589    0.01106    0.01900    0.00406      0.06054      0.01234      0.00000      0.00000      0.00000      
38100   0.09567    0.01097    0.01896    0.00392      0.06060      0.01228      0.00000      0.00000      0.00000      
38200   0.09567    0.01095    0.01894    0.00381      0.06057      0.01393      0.00000      0.00000      0.00000      
38300   0.09549    0.01086    0.01887    0.00408      0.06042      0.01261      0.00000      0.00000      0.00000      
38400   0.09549    0.01087    0.01887    0.00419      0.06031      0.01257      0.00000      0.00000      0.00000      
38500   0.09537    0.01080    0.01880    0.00407      0.06040      0.01307      0.00000      0.00000      0.00000      
38600   0.09529    0.01072    0.01877    0.00399      0.06052      0.01280      0.00000      0.00000      0.00000      
38700   0.09537    0.01074    0.01876    0.00401      0.06050      0.01347      0.00000      0.00000      0.00000      
38800   0.09531    0.01073    0.01874    0.00423      0.06035      0.01251      0.00000      0.00000      0.00000      
38900   0.09507    0.01067    0.01871    0.00402      0.06045      0.01224      0.00000      0.00000      0.00000      
39000   0.09516    0.01070    0.01869    0.00389      0.06060      0.01280      0.00000      0.00000      0.00000      
39100   0.09493    0.01058    0.01863    0.00400      0.06045      0.01262      0.00000      0.00000      0.00000      
39200   0.09494    0.01056    0.01859    0.00410      0.06041      0.01276      0.00000      0.00000      0.00000      
39300   0.09483    0.01060    0.01858    0.00397      0.06037      0.01305      0.00000      0.00000      0.00000      
39400   0.09485    0.01055    0.01856    0.00412      0.06041      0.01211      0.00000      0.00000      0.00000      
39500   0.09462    0.01053    0.01853    0.00408      0.06025      0.01230      0.00000      0.00000      0.00000      
39600   0.09468    0.01049    0.01850    0.00397      0.06047      0.01250      0.00000      0.00000      0.00000      
39700   0.09463    0.01045    0.01848    0.00397      0.06039      0.01326      0.00000      0.00000      0.00000      
39800   0.09463    0.01044    0.01845    0.00409      0.06039      0.01257      0.00000      0.00000      0.00000      
39900   0.09443    0.01040    0.01843    0.00399      0.06034      0.01272      0.00000      0.00000      0.00000      
40000   0.09457    0.01042    0.01844    0.00391      0.06054      0.01251      0.00000      0.00000      0.00000      
40100   0.09447    0.01041    0.01843    0.00415      0.06025      0.01245      0.00000      0.00000      0.00000      
40200   0.09445    0.01038    0.01840    0.00395      0.06050      0.01221      0.00000      0.00000      0.00000      
40300   0.09435    0.01031    0.01837    0.00393      0.06048      0.01261      0.00000      0.00000      0.00000      
40400   0.09436    0.01032    0.01835    0.00398      0.06046      0.01251      0.00000      0.00000      0.00000      
40500   0.09434    0.01029    0.01831    0.00393      0.06057      0.01238      0.00000      0.00000      0.00000      
40600   0.09418    0.01022    0.01826    0.00407      0.06036      0.01271      0.00000      0.00000      0.00000      
40700   0.09412    0.01021    0.01825    0.00411      0.06031      0.01236      0.00000      0.00000      0.00000      
40800   0.09401    0.01021    0.01823    0.00396      0.06040      0.01197      0.00000      0.00000      0.00000      
40900   0.09394    0.01016    0.01822    0.00390      0.06035      0.01309      0.00000      0.00000      0.00000      
41000   0.09384    0.01012    0.01817    0.00402      0.06021      0.01326      0.00000      0.00000      0.00000      
41100   0.09374    0.01012    0.01817    0.00402      0.06017      0.01255      0.00000      0.00000      0.00000      
41200   0.09380    0.01003    0.01811    0.00391      0.06036      0.01399      0.00000      0.00000      0.00000      
41300   0.09364    0.01006    0.01811    0.00401      0.06023      0.01235      0.00000      0.00000      0.00000      
41400   0.09353    0.00999    0.01806    0.00385      0.06024      0.01386      0.00000      0.00000      0.00000      
41500   0.09351    0.00998    0.01803    0.00410      0.06018      0.01216      0.00000      0.00000      0.00000      
41600   0.09341    0.00992    0.01798    0.00395      0.06028      0.01280      0.00000      0.00000      0.00000      
41700   0.09336    0.00984    0.01794    0.00394      0.06030      0.01335      0.00000      0.00000      0.00000      
41800   0.09326    0.00985    0.01793    0.00406      0.06017      0.01257      0.00000      0.00000      0.00000      
41900   0.09325    0.00980    0.01788    0.00403      0.06031      0.01223      0.00000      0.00000      0.00000      
42000   0.09317    0.00978    0.01785    0.00410      0.06015      0.01300      0.00000      0.00000      0.00000      
42100   0.09321    0.00978    0.01782    0.00394      0.06026      0.01414      0.00000      0.00000      0.00000      
42200   0.09301    0.00966    0.01775    0.00394      0.06041      0.01236      0.00000      0.00000      0.00000      
42300   0.09298    0.00968    0.01775    0.00402      0.06028      0.01247      0.00000      0.00000      0.00000      
42400   0.09288    0.00961    0.01770    0.00395      0.06033      0.01279      0.00000      0.00000      0.00000      
42500   0.09282    0.00962    0.01769    0.00409      0.06013      0.01286      0.00000      0.00000      0.00000      
42600   0.09268    0.00956    0.01765    0.00411      0.06009      0.01265      0.00000      0.00000      0.00000      
42700   0.09261    0.00955    0.01765    0.00388      0.06026      0.01264      0.00000      0.00000      0.00000      
42800   0.09261    0.00954    0.01762    0.00396      0.06022      0.01263      0.00000      0.00000      0.00000      
42900   0.09264    0.00949    0.01760    0.00404      0.06021      0.01297      0.00000      0.00000      0.00000      
43000   0.09254    0.00942    0.01756    0.00400      0.06024      0.01310      0.00000      0.00000      0.00000      
43100   0.09254    0.00940    0.01754    0.00398      0.06028      0.01330      0.00000      0.00000      0.00000      
43200   0.09233    0.00936    0.01751    0.00404      0.06015      0.01270      0.00000      0.00000      0.00000      
43300   0.09229    0.00932    0.01748    0.00402      0.06025      0.01213      0.00000      0.00000      0.00000      
43400   0.09223    0.00931    0.01745    0.00404      0.06021      0.01215      0.00000      0.00000      0.00000      
43500   0.09216    0.00927    0.01743    0.00405      0.06018      0.01240      0.00000      0.00000      0.00000      
43600   0.09208    0.00924    0.01741    0.00405      0.06018      0.01196      0.00000      0.00000      0.00000      
43700   0.09204    0.00920    0.01739    0.00396      0.06026      0.01223      0.00000      0.00000      0.00000      
43800   0.09202    0.00917    0.01738    0.00399      0.06004      0.01432      0.00000      0.00000      0.00000      
43900   0.09193    0.00917    0.01738    0.00406      0.06012      0.01211      0.00000      0.00000      0.00000      
44000   0.09185    0.00912    0.01734    0.00419      0.05995      0.01245      0.00000      0.00000      0.00000      
44100   0.09172    0.00909    0.01732    0.00415      0.05997      0.01196      0.00000      0.00000      0.00000      
44200   0.09171    0.00905    0.01729    0.00398      0.06005      0.01330      0.00000      0.00000      0.00000      
44300   0.09172    0.00908    0.01729    0.00416      0.05996      0.01223      0.00000      0.00000      0.00000      
44400   0.09167    0.00906    0.01727    0.00409      0.06005      0.01197      0.00000      0.00000      0.00000      
44500   0.09158    0.00901    0.01724    0.00408      0.06003      0.01218      0.00000      0.00000      0.00000      
44600   0.09149    0.00898    0.01721    0.00406      0.06002      0.01225      0.00000      0.00000      0.00000      
44700   0.09147    0.00896    0.01720    0.00405      0.06006      0.01202      0.00000      0.00000      0.00000      
44800   0.09140    0.00891    0.01717    0.00410      0.06002      0.01196      0.00000      0.00000      0.00000      
44900   0.09139    0.00890    0.01716    0.00403      0.06011      0.01183      0.00000      0.00000      0.00000      
45000   0.09139    0.00892    0.01714    0.00404      0.06007      0.01224      0.00000      0.00000      0.00000      
45100   0.09138    0.00887    0.01712    0.00395      0.06022      0.01222      0.00000      0.00000      0.00000      
45200   0.09131    0.00883    0.01709    0.00396      0.06023      0.01206      0.00000      0.00000      0.00000      
45300   0.09125    0.00882    0.01708    0.00411      0.06003      0.01209      0.00000      0.00000      0.00000      
45400   0.09123    0.00879    0.01706    0.00405      0.06013      0.01192      0.00000      0.00000      0.00000      
45500   0.09119    0.00877    0.01704    0.00409      0.06007      0.01217      0.00000      0.00000      0.00000      
45600   0.09115    0.00875    0.01702    0.00407      0.06007      0.01246      0.00000      0.00000      0.00000      
45700   0.09104    0.00870    0.01699    0.00407      0.06005      0.01233      0.00000      0.00000      0.00000      
45800   0.09103    0.00869    0.01697    0.00397      0.06018      0.01227      0.00000      0.00000      0.00000      
45900   0.09101    0.00872    0.01697    0.00405      0.06002      0.01246      0.00000      0.00000      0.00000      
46000   0.09096    0.00867    0.01694    0.00398      0.06016      0.01213      0.00000      0.00000      0.00000      
46100   0.09090    0.00865    0.01692    0.00405      0.05997      0.01297      0.00000      0.00000      0.00000      
46200   0.09084    0.00859    0.01690    0.00401      0.06018      0.01159      0.00000      0.00000      0.00000      
46300   0.09086    0.00856    0.01688    0.00391      0.06025      0.01252      0.00000      0.00000      0.00000      
46400   0.09075    0.00854    0.01686    0.00399      0.06010      0.01262      0.00000      0.00000      0.00000      
46500   0.09074    0.00852    0.01685    0.00413      0.06000      0.01234      0.00000      0.00000      0.00000      
46600   0.09069    0.00851    0.01682    0.00408      0.06007      0.01219      0.00000      0.00000      0.00000      
46700   0.09062    0.00849    0.01681    0.00404      0.06007      0.01219      0.00000      0.00000      0.00000      
46800   0.09059    0.00844    0.01677    0.00401      0.06015      0.01224      0.00000      0.00000      0.00000      
46900   0.09053    0.00841    0.01674    0.00402      0.06017      0.01190      0.00000      0.00000      0.00000      
47000   0.09043    0.00840    0.01672    0.00407      0.06003      0.01208      0.00000      0.00000      0.00000      
47100   0.09046    0.00836    0.01671    0.00405      0.06003      0.01318      0.00000      0.00000      0.00000      
47200   0.09033    0.00833    0.01667    0.00409      0.06004      0.01200      0.00000      0.00000      0.00000      
47300   0.09030    0.00831    0.01666    0.00396      0.06013      0.01238      0.00000      0.00000      0.00000      
47400   0.09026    0.00829    0.01664    0.00402      0.06004      0.01271      0.00000      0.00000      0.00000      
47500   0.09022    0.00827    0.01662    0.00408      0.06006      0.01200      0.00000      0.00000      0.00000      
47600   0.09019    0.00823    0.01660    0.00403      0.06012      0.01203      0.00000      0.00000      0.00000      
47700   0.09009    0.00822    0.01658    0.00407      0.05998      0.01235      0.00000      0.00000      0.00000      
47800   0.09007    0.00821    0.01657    0.00414      0.05995      0.01202      0.00000      0.00000      0.00000      
47900   0.09005    0.00822    0.01657    0.00410      0.05993      0.01238      0.00000      0.00000      0.00000      
48000   0.09003    0.00820    0.01656    0.00405      0.05998      0.01237      0.00000      0.00000      0.00000      
48100   0.08999    0.00817    0.01653    0.00406      0.06002      0.01210      0.00000      0.00000      0.00000      
48200   0.08993    0.00812    0.01651    0.00414      0.05989      0.01266      0.00000      0.00000      0.00000      
48300   0.08991    0.00813    0.01650    0.00401      0.06005      0.01217      0.00000      0.00000      0.00000      
48400   0.08987    0.00810    0.01648    0.00401      0.06006      0.01229      0.00000      0.00000      0.00000      
48500   0.08977    0.00806    0.01647    0.00401      0.06001      0.01220      0.00000      0.00000      0.00000      
48600   0.08972    0.00804    0.01646    0.00404      0.05995      0.01233      0.00000      0.00000      0.00000      
48700   0.08969    0.00801    0.01644    0.00402      0.06001      0.01221      0.00000      0.00000      0.00000      
48800   0.08965    0.00800    0.01641    0.00402      0.05996      0.01257      0.00000      0.00000      0.00000      
48900   0.08966    0.00802    0.01640    0.00402      0.05996      0.01260      0.00000      0.00000      0.00000      
49000   0.08961    0.00799    0.01639    0.00401      0.05997      0.01250      0.00000      0.00000      0.00000      
49100   0.08954    0.00795    0.01637    0.00397      0.05999      0.01264      0.00000      0.00000      0.00000      
49200   0.08950    0.00793    0.01635    0.00406      0.05990      0.01252      0.00000      0.00000      0.00000      
49300   0.08944    0.00790    0.01634    0.00405      0.05995      0.01199      0.00000      0.00000      0.00000      
49400   0.08944    0.00790    0.01633    0.00407      0.05990      0.01243      0.00000      0.00000      0.00000      
49500   0.08944    0.00789    0.01631    0.00411      0.05995      0.01179      0.00000      0.00000      0.00000      
49600   0.08941    0.00788    0.01630    0.00403      0.05995      0.01248      0.00000      0.00000      0.00000      
49700   0.08934    0.00786    0.01629    0.00405      0.05991      0.01235      0.00000      0.00000      0.00000      
49800   0.08931    0.00783    0.01626    0.00414      0.05990      0.01181      0.00000      0.00000      0.00000      
49900   0.08932    0.00785    0.01623    0.00407      0.05995      0.01219      0.00000      0.00000      0.00000      
50000   0.08925    0.00782    0.01622    0.00402      0.05994      0.01252      0.00000      0.00000      0.00000      
50100   0.08922    0.00779    0.01620    0.00409      0.05994      0.01193      0.00000      0.00000      0.00000      
50200   0.08921    0.00781    0.01620    0.00400      0.05996      0.01240      0.00000      0.00000      0.00000      
50300   0.08919    0.00777    0.01617    0.00404      0.05996      0.01255      0.00000      0.00000      0.00000      
50400   0.08917    0.00774    0.01617    0.00405      0.06003      0.01180      0.00000      0.00000      0.00000      
50500   0.08906    0.00773    0.01615    0.00413      0.05985      0.01193      0.00000      0.00000      0.00000      
50600   0.08900    0.00771    0.01613    0.00404      0.05989      0.01223      0.00000      0.00000      0.00000      
50700   0.08898    0.00768    0.01611    0.00402      0.05997      0.01211      0.00000      0.00000      0.00000      
50800   0.08896    0.00766    0.01610    0.00403      0.05992      0.01243      0.00000      0.00000      0.00000      
50900   0.08888    0.00763    0.01608    0.00405      0.05990      0.01215      0.00000      0.00000      0.00000      
51000   0.08882    0.00763    0.01607    0.00394      0.05998      0.01202      0.00000      0.00000      0.00000      
51100   0.08879    0.00761    0.01606    0.00409      0.05981      0.01220      0.00000      0.00000      0.00000      
51200   0.08874    0.00758    0.01603    0.00404      0.05986      0.01234      0.00000      0.00000      0.00000      
51300   0.08874    0.00757    0.01601    0.00398      0.05998      0.01201      0.00000      0.00000      0.00000      
51400   0.08871    0.00754    0.01600    0.00403      0.05989      0.01249      0.00000      0.00000      0.00000      
51500   0.08869    0.00753    0.01597    0.00405      0.05989      0.01254      0.00000      0.00000      0.00000      
51600   0.08865    0.00751    0.01597    0.00402      0.05988      0.01268      0.00000      0.00000      0.00000      
51700   0.08863    0.00750    0.01595    0.00414      0.05983      0.01202      0.00000      0.00000      0.00000      
51800   0.08858    0.00748    0.01594    0.00404      0.05987      0.01248      0.00000      0.00000      0.00000      
51900   0.08851    0.00746    0.01591    0.00417      0.05976      0.01214      0.00000      0.00000      0.00000      
52000   0.08853    0.00745    0.01590    0.00410      0.05987      0.01205      0.00000      0.00000      0.00000      
52100   0.08849    0.00743    0.01589    0.00409      0.05987      0.01202      0.00000      0.00000      0.00000      
52200   0.08845    0.00743    0.01588    0.00407      0.05988      0.01209      0.00000      0.00000      0.00000      
52300   0.08841    0.00742    0.01586    0.00412      0.05983      0.01183      0.00000      0.00000      0.00000      
52400   0.08837    0.00740    0.01586    0.00402      0.05986      0.01226      0.00000      0.00000      0.00000      
52500   0.08832    0.00738    0.01585    0.00408      0.05979      0.01225      0.00000      0.00000      0.00000      
52600   0.08829    0.00737    0.01584    0.00411      0.05977      0.01205      0.00000      0.00000      0.00000      
52700   0.08823    0.00734    0.01581    0.00412      0.05977      0.01194      0.00000      0.00000      0.00000      
52800   0.08819    0.00731    0.01579    0.00409      0.05981      0.01191      0.00000      0.00000      0.00000      
52900   0.08816    0.00728    0.01577    0.00406      0.05988      0.01173      0.00000      0.00000      0.00000      
53000   0.08818    0.00727    0.01576    0.00400      0.05991      0.01233      0.00000      0.00000      0.00000      
53100   0.08810    0.00726    0.01574    0.00404      0.05984      0.01214      0.00000      0.00000      0.00000      
53200   0.08810    0.00723    0.01573    0.00405      0.05992      0.01175      0.00000      0.00000      0.00000      
53300   0.08803    0.00722    0.01572    0.00409      0.05977      0.01233      0.00000      0.00000      0.00000      
53400   0.08801    0.00719    0.01571    0.00404      0.05982      0.01245      0.00000      0.00000      0.00000      
53500   0.08801    0.00720    0.01570    0.00405      0.05983      0.01241      0.00000      0.00000      0.00000      
53600   0.08798    0.00719    0.01570    0.00411      0.05977      0.01212      0.00000      0.00000      0.00000      
53700   0.08794    0.00716    0.01567    0.00407      0.05983      0.01207      0.00000      0.00000      0.00000      
53800   0.08791    0.00715    0.01566    0.00400      0.05986      0.01237      0.00000      0.00000      0.00000      
53900   0.08789    0.00713    0.01564    0.00412      0.05981      0.01197      0.00000      0.00000      0.00000      
54000   0.08786    0.00711    0.01563    0.00407      0.05983      0.01223      0.00000      0.00000      0.00000      
54100   0.08776    0.00709    0.01562    0.00407      0.05979      0.01191      0.00000      0.00000      0.00000      
54200   0.08775    0.00706    0.01561    0.00408      0.05979      0.01211      0.00000      0.00000      0.00000      
54300   0.08771    0.00705    0.01560    0.00405      0.05979      0.01226      0.00000      0.00000      0.00000      
54400   0.08767    0.00703    0.01558    0.00406      0.05974      0.01251      0.00000      0.00000      0.00000      
54500   0.08765    0.00703    0.01557    0.00407      0.05977      0.01207      0.00000      0.00000      0.00000      
54600   0.08763    0.00701    0.01557    0.00411      0.05975      0.01189      0.00000      0.00000      0.00000      
54700   0.08759    0.00698    0.01555    0.00401      0.05981      0.01237      0.00000      0.00000      0.00000      
54800   0.08755    0.00697    0.01553    0.00412      0.05971      0.01214      0.00000      0.00000      0.00000      
54900   0.08754    0.00695    0.01551    0.00411      0.05973      0.01236      0.00000      0.00000      0.00000      
55000   0.08750    0.00696    0.01550    0.00410      0.05974      0.01205      0.00000      0.00000      0.00000      
55100   0.08747    0.00692    0.01549    0.00410      0.05973      0.01232      0.00000      0.00000      0.00000      
55200   0.08743    0.00691    0.01548    0.00409      0.05971      0.01235      0.00000      0.00000      0.00000      
55300   0.08741    0.00690    0.01548    0.00400      0.05977      0.01256      0.00000      0.00000      0.00000      
55400   0.08738    0.00689    0.01547    0.00406      0.05975      0.01212      0.00000      0.00000      0.00000      
55500   0.08734    0.00688    0.01546    0.00399      0.05981      0.01204      0.00000      0.00000      0.00000      
55600   0.08732    0.00687    0.01544    0.00404      0.05975      0.01223      0.00000      0.00000      0.00000      
55700   0.08732    0.00685    0.01543    0.00400      0.05981      0.01231      0.00000      0.00000      0.00000      
55800   0.08728    0.00683    0.01542    0.00405      0.05976      0.01232      0.00000      0.00000      0.00000      
55900   0.08727    0.00681    0.01540    0.00408      0.05976      0.01221      0.00000      0.00000      0.00000      
56000   0.08724    0.00679    0.01539    0.00401      0.05976      0.01282      0.00000      0.00000      0.00000      
56100   0.08722    0.00679    0.01539    0.00406      0.05977      0.01198      0.00000      0.00000      0.00000      
56200   0.08720    0.00677    0.01537    0.00409      0.05976      0.01206      0.00000      0.00000      0.00000      
56300   0.08717    0.00678    0.01536    0.00402      0.05977      0.01244      0.00000      0.00000      0.00000      
56400   0.08712    0.00676    0.01535    0.00406      0.05974      0.01213      0.00000      0.00000      0.00000      
56500   0.08712    0.00673    0.01534    0.00409      0.05977      0.01186      0.00000      0.00000      0.00000      
56600   0.08707    0.00673    0.01534    0.00410      0.05970      0.01205      0.00000      0.00000      0.00000      
56700   0.08705    0.00671    0.01532    0.00403      0.05977      0.01221      0.00000      0.00000      0.00000      
56800   0.08699    0.00667    0.01531    0.00406      0.05975      0.01208      0.00000      0.00000      0.00000      
56900   0.08698    0.00667    0.01530    0.00407      0.05973      0.01218      0.00000      0.00000      0.00000      
57000   0.08696    0.00665    0.01528    0.00408      0.05972      0.01225      0.00000      0.00000      0.00000      
57100   0.08692    0.00663    0.01527    0.00409      0.05969      0.01234      0.00000      0.00000      0.00000      
57200   0.08691    0.00662    0.01526    0.00407      0.05971      0.01236      0.00000      0.00000      0.00000      
57300   0.08688    0.00660    0.01525    0.00405      0.05977      0.01210      0.00000      0.00000      0.00000      
57400   0.08686    0.00659    0.01524    0.00407      0.05975      0.01203      0.00000      0.00000      0.00000      
57500   0.08684    0.00657    0.01523    0.00402      0.05978      0.01249      0.00000      0.00000      0.00000      
57600   0.08683    0.00656    0.01522    0.00405      0.05978      0.01220      0.00000      0.00000      0.00000      
57700   0.08679    0.00655    0.01522    0.00406      0.05972      0.01252      0.00000      0.00000      0.00000      
57800   0.08678    0.00653    0.01520    0.00402      0.05980      0.01234      0.00000      0.00000      0.00000      
57900   0.08676    0.00653    0.01519    0.00407      0.05975      0.01231      0.00000      0.00000      0.00000      
58000   0.08671    0.00652    0.01518    0.00403      0.05976      0.01225      0.00000      0.00000      0.00000      
58100   0.08668    0.00651    0.01517    0.00407      0.05974      0.01197      0.00000      0.00000      0.00000      
58200   0.08667    0.00648    0.01516    0.00406      0.05977      0.01195      0.00000      0.00000      0.00000      
58300   0.08664    0.00646    0.01515    0.00410      0.05974      0.01190      0.00000      0.00000      0.00000      
58400   0.08664    0.00647    0.01514    0.00414      0.05966      0.01232      0.00000      0.00000      0.00000      
58500   0.08661    0.00646    0.01513    0.00405      0.05972      0.01249      0.00000      0.00000      0.00000      
58600   0.08657    0.00643    0.01512    0.00407      0.05972      0.01221      0.00000      0.00000      0.00000      
58700   0.08656    0.00642    0.01511    0.00410      0.05972      0.01206      0.00000      0.00000      0.00000      
58800   0.08655    0.00643    0.01510    0.00407      0.05974      0.01206      0.00000      0.00000      0.00000      
58900   0.08651    0.00640    0.01509    0.00401      0.05977      0.01240      0.00000      0.00000      0.00000      
59000   0.08649    0.00639    0.01507    0.00408      0.05971      0.01242      0.00000      0.00000      0.00000      
59100   0.08648    0.00639    0.01507    0.00405      0.05973      0.01226      0.00000      0.00000      0.00000      
59200   0.08645    0.00638    0.01507    0.00408      0.05970      0.01224      0.00000      0.00000      0.00000      
59300   0.08641    0.00635    0.01506    0.00408      0.05970      0.01224      0.00000      0.00000      0.00000      
59400   0.08641    0.00635    0.01505    0.00409      0.05971      0.01207      0.00000      0.00000      0.00000      
59500   0.08638    0.00633    0.01504    0.00409      0.05972      0.01205      0.00000      0.00000      0.00000      
59600   0.08637    0.00632    0.01502    0.00407      0.05975      0.01210      0.00000      0.00000      0.00000      
59700   0.08635    0.00630    0.01501    0.00412      0.05971      0.01208      0.00000      0.00000      0.00000      
59800   0.08634    0.00629    0.01500    0.00407      0.05977      0.01214      0.00000      0.00000      0.00000      
59900   0.08631    0.00628    0.01500    0.00411      0.05971      0.01211      0.00000      0.00000      0.00000      
60000   0.08628    0.00628    0.01499    0.00404      0.05972      0.01250      0.00000      0.00000      0.00000      
60100   0.08625    0.00626    0.01498    0.00408      0.05971      0.01220      0.00000      0.00000      0.00000      
60200   0.08623    0.00625    0.01497    0.00408      0.05969      0.01235      0.00000      0.00000      0.00000      
60300   0.08621    0.00622    0.01495    0.00408      0.05972      0.01232      0.00000      0.00000      0.00000      
60400   0.08616    0.00619    0.01494    0.00408      0.05974      0.01217      0.00000      0.00000      0.00000      
60500   0.08614    0.00618    0.01493    0.00411      0.05970      0.01226      0.00000      0.00000      0.00000      
60600   0.08613    0.00618    0.01492    0.00408      0.05971      0.01243      0.00000      0.00000      0.00000      
60700   0.08611    0.00616    0.01490    0.00409      0.05974      0.01222      0.00000      0.00000      0.00000      
60800   0.08608    0.00615    0.01490    0.00407      0.05976      0.01213      0.00000      0.00000      0.00000      
60900   0.08608    0.00614    0.01489    0.00409      0.05974      0.01211      0.00000      0.00000      0.00000      
61000   0.08605    0.00614    0.01488    0.00412      0.05971      0.01198      0.00000      0.00000      0.00000      
61100   0.08603    0.00613    0.01488    0.00413      0.05968      0.01216      0.00000      0.00000      0.00000      
61200   0.08600    0.00611    0.01486    0.00411      0.05970      0.01221      0.00000      0.00000      0.00000      
61300   0.08597    0.00610    0.01486    0.00410      0.05970      0.01224      0.00000      0.00000      0.00000      
61400   0.08596    0.00608    0.01484    0.00406      0.05970      0.01270      0.00000      0.00000      0.00000      
61500   0.08593    0.00608    0.01483    0.00407      0.05972      0.01231      0.00000      0.00000      0.00000      
61600   0.08591    0.00607    0.01482    0.00409      0.05972      0.01210      0.00000      0.00000      0.00000      
61700   0.08588    0.00606    0.01481    0.00409      0.05970      0.01216      0.00000      0.00000      0.00000      
61800   0.08586    0.00604    0.01481    0.00408      0.05970      0.01237      0.00000      0.00000      0.00000      
61900   0.08585    0.00604    0.01480    0.00408      0.05970      0.01220      0.00000      0.00000      0.00000      
62000   0.08582    0.00602    0.01479    0.00413      0.05966      0.01218      0.00000      0.00000      0.00000      
62100   0.08581    0.00601    0.01478    0.00413      0.05968      0.01217      0.00000      0.00000      0.00000      
62200   0.08578    0.00599    0.01477    0.00410      0.05970      0.01221      0.00000      0.00000      0.00000      
62300   0.08577    0.00600    0.01477    0.00411      0.05969      0.01209      0.00000      0.00000      0.00000      
62400   0.08575    0.00598    0.01476    0.00412      0.05967      0.01224      0.00000      0.00000      0.00000      
62500   0.08575    0.00598    0.01475    0.00413      0.05968      0.01209      0.00000      0.00000      0.00000      
62600   0.08571    0.00597    0.01474    0.00411      0.05968      0.01210      0.00000      0.00000      0.00000      
62700   0.08567    0.00595    0.01473    0.00411      0.05966      0.01221      0.00000      0.00000      0.00000      
62800   0.08567    0.00595    0.01473    0.00411      0.05965      0.01239      0.00000      0.00000      0.00000      
62900   0.08565    0.00594    0.01472    0.00409      0.05967      0.01221      0.00000      0.00000      0.00000      
63000   0.08563    0.00593    0.01471    0.00411      0.05969      0.01197      0.00000      0.00000      0.00000      
63100   0.08562    0.00591    0.01470    0.00411      0.05965      0.01244      0.00000      0.00000      0.00000      
63200   0.08559    0.00590    0.01469    0.00413      0.05967      0.01210      0.00000      0.00000      0.00000      
63300   0.08558    0.00590    0.01468    0.00413      0.05962      0.01245      0.00000      0.00000      0.00000      
63400   0.08555    0.00589    0.01468    0.00411      0.05965      0.01223      0.00000      0.00000      0.00000      
63500   0.08553    0.00588    0.01467    0.00413      0.05967      0.01185      0.00000      0.00000      0.00000      
63600   0.08551    0.00587    0.01465    0.00414      0.05966      0.01198      0.00000      0.00000      0.00000      
63700   0.08549    0.00586    0.01465    0.00411      0.05968      0.01204      0.00000      0.00000      0.00000      
63800   0.08547    0.00584    0.01464    0.00413      0.05965      0.01211      0.00000      0.00000      0.00000      
63900   0.08545    0.00585    0.01463    0.00412      0.05964      0.01208      0.00000      0.00000      0.00000      
64000   0.08544    0.00584    0.01462    0.00413      0.05964      0.01206      0.00000      0.00000      0.00000      
64100   0.08541    0.00582    0.01461    0.00412      0.05967      0.01197      0.00000      0.00000      0.00000      
64200   0.08540    0.00581    0.01460    0.00412      0.05965      0.01223      0.00000      0.00000      0.00000      
64300   0.08538    0.00580    0.01460    0.00414      0.05964      0.01204      0.00000      0.00000      0.00000      
64400   0.08535    0.00579    0.01458    0.00414      0.05964      0.01201      0.00000      0.00000      0.00000      
64500   0.08532    0.00577    0.01457    0.00410      0.05968      0.01203      0.00000      0.00000      0.00000      
64600   0.08530    0.00577    0.01457    0.00412      0.05963      0.01209      0.00000      0.00000      0.00000      
64700   0.08528    0.00576    0.01455    0.00408      0.05966      0.01232      0.00000      0.00000      0.00000      
64800   0.08526    0.00575    0.01454    0.00415      0.05961      0.01205      0.00000      0.00000      0.00000      
64900   0.08524    0.00574    0.01454    0.00411      0.05964      0.01206      0.00000      0.00000      0.00000      
65000   0.08523    0.00574    0.01453    0.00413      0.05963      0.01202      0.00000      0.00000      0.00000      
65100   0.08522    0.00573    0.01452    0.00412      0.05966      0.01181      0.00000      0.00000      0.00000      
65200   0.08519    0.00572    0.01451    0.00410      0.05964      0.01207      0.00000      0.00000      0.00000      
65300   0.08516    0.00572    0.01451    0.00410      0.05961      0.01218      0.00000      0.00000      0.00000      
65400   0.08514    0.00571    0.01450    0.00410      0.05961      0.01220      0.00000      0.00000      0.00000      
65500   0.08513    0.00570    0.01450    0.00407      0.05964      0.01218      0.00000      0.00000      0.00000      
65600   0.08510    0.00569    0.01449    0.00410      0.05964      0.01186      0.00000      0.00000      0.00000      
65700   0.08509    0.00569    0.01448    0.00411      0.05959      0.01207      0.00000      0.00000      0.00000      
65800   0.08506    0.00568    0.01448    0.00409      0.05963      0.01191      0.00000      0.00000      0.00000      
65900   0.08505    0.00568    0.01447    0.00407      0.05964      0.01186      0.00000      0.00000      0.00000      
66000   0.08504    0.00566    0.01446    0.00408      0.05964      0.01190      0.00000      0.00000      0.00000      
66100   0.08502    0.00566    0.01445    0.00408      0.05962      0.01208      0.00000      0.00000      0.00000      
66200   0.08500    0.00566    0.01445    0.00409      0.05958      0.01219      0.00000      0.00000      0.00000      
66300   0.08498    0.00564    0.01444    0.00410      0.05960      0.01201      0.00000      0.00000      0.00000      
66400   0.08496    0.00563    0.01443    0.00410      0.05961      0.01190      0.00000      0.00000      0.00000      
66500   0.08495    0.00562    0.01442    0.00409      0.05957      0.01234      0.00000      0.00000      0.00000      
66600   0.08493    0.00562    0.01441    0.00408      0.05961      0.01206      0.00000      0.00000      0.00000      
66700   0.08492    0.00561    0.01440    0.00413      0.05957      0.01203      0.00000      0.00000      0.00000      
66800   0.08490    0.00560    0.01440    0.00409      0.05961      0.01200      0.00000      0.00000      0.00000      
66900   0.08488    0.00559    0.01439    0.00410      0.05959      0.01209      0.00000      0.00000      0.00000      
67000   0.08487    0.00558    0.01438    0.00413      0.05959      0.01184      0.00000      0.00000      0.00000      
67100   0.08485    0.00558    0.01438    0.00407      0.05960      0.01213      0.00000      0.00000      0.00000      
67200   0.08483    0.00557    0.01437    0.00412      0.05958      0.01191      0.00000      0.00000      0.00000      
67300   0.08481    0.00556    0.01437    0.00407      0.05960      0.01211      0.00000      0.00000      0.00000      
67400   0.08479    0.00555    0.01436    0.00410      0.05958      0.01200      0.00000      0.00000      0.00000      
67500   0.08478    0.00555    0.01435    0.00411      0.05958      0.01194      0.00000      0.00000      0.00000      
67600   0.08476    0.00555    0.01434    0.00412      0.05956      0.01188      0.00000      0.00000      0.00000      
67700   0.08475    0.00554    0.01433    0.00412      0.05954      0.01209      0.00000      0.00000      0.00000      
67800   0.08473    0.00553    0.01433    0.00414      0.05955      0.01192      0.00000      0.00000      0.00000      
67900   0.08471    0.00553    0.01432    0.00412      0.05956      0.01192      0.00000      0.00000      0.00000      
68000   0.08470    0.00551    0.01431    0.00411      0.05955      0.01224      0.00000      0.00000      0.00000      
68100   0.08468    0.00551    0.01430    0.00409      0.05955      0.01222      0.00000      0.00000      0.00000      
68200   0.08466    0.00550    0.01430    0.00411      0.05956      0.01194      0.00000      0.00000      0.00000      
68300   0.08466    0.00549    0.01429    0.00411      0.05956      0.01197      0.00000      0.00000      0.00000      
68400   0.08464    0.00549    0.01428    0.00412      0.05954      0.01206      0.00000      0.00000      0.00000      
68500   0.08463    0.00547    0.01427    0.00412      0.05955      0.01209      0.00000      0.00000      0.00000      
68600   0.08461    0.00547    0.01427    0.00410      0.05956      0.01206      0.00000      0.00000      0.00000      
68700   0.08459    0.00546    0.01426    0.00410      0.05956      0.01206      0.00000      0.00000      0.00000      
68800   0.08457    0.00545    0.01425    0.00412      0.05953      0.01205      0.00000      0.00000      0.00000      
68900   0.08455    0.00545    0.01425    0.00409      0.05954      0.01211      0.00000      0.00000      0.00000      
69000   0.08454    0.00544    0.01424    0.00410      0.05954      0.01213      0.00000      0.00000      0.00000      
69100   0.08453    0.00543    0.01423    0.00412      0.05954      0.01203      0.00000      0.00000      0.00000      
69200   0.08451    0.00543    0.01423    0.00412      0.05953      0.01209      0.00000      0.00000      0.00000      
69300   0.08450    0.00542    0.01422    0.00414      0.05950      0.01211      0.00000      0.00000      0.00000      
69400   0.08449    0.00542    0.01422    0.00413      0.05953      0.01197      0.00000      0.00000      0.00000      
69500   0.08447    0.00541    0.01421    0.00414      0.05951      0.01201      0.00000      0.00000      0.00000      
69600   0.08445    0.00540    0.01421    0.00412      0.05950      0.01223      0.00000      0.00000      0.00000      
69700   0.08444    0.00540    0.01420    0.00412      0.05951      0.01212      0.00000      0.00000      0.00000      
69800   0.08442    0.00539    0.01419    0.00412      0.05951      0.01202      0.00000      0.00000      0.00000      
69900   0.08440    0.00538    0.01419    0.00413      0.05950      0.01205      0.00000      0.00000      0.00000      
70000   0.08438    0.00538    0.01418    0.00413      0.05949      0.01202      0.00000      0.00000      0.00000      
70100   0.08438    0.00537    0.01418    0.00410      0.05951      0.01212      0.00000      0.00000      0.00000      
70200   0.08436    0.00537    0.01417    0.00414      0.05948      0.01203      0.00000      0.00000      0.00000      
70300   0.08435    0.00536    0.01416    0.00411      0.05949      0.01222      0.00000      0.00000      0.00000      
70400   0.08433    0.00535    0.01416    0.00410      0.05949      0.01222      0.00000      0.00000      0.00000      
70500   0.08432    0.00535    0.01415    0.00413      0.05950      0.01194      0.00000      0.00000      0.00000      
70600   0.08430    0.00534    0.01415    0.00410      0.05951      0.01211      0.00000      0.00000      0.00000      
70700   0.08429    0.00534    0.01414    0.00412      0.05949      0.01208      0.00000      0.00000      0.00000      
70800   0.08427    0.00533    0.01413    0.00410      0.05950      0.01216      0.00000      0.00000      0.00000      
70900   0.08426    0.00532    0.01413    0.00411      0.05949      0.01202      0.00000      0.00000      0.00000      
71000   0.08425    0.00531    0.01412    0.00410      0.05951      0.01206      0.00000      0.00000      0.00000      
71100   0.08424    0.00531    0.01411    0.00411      0.05949      0.01214      0.00000      0.00000      0.00000      
71200   0.08422    0.00530    0.01411    0.00413      0.05949      0.01204      0.00000      0.00000      0.00000      
71300   0.08421    0.00530    0.01410    0.00412      0.05949      0.01209      0.00000      0.00000      0.00000      
71400   0.08420    0.00529    0.01410    0.00413      0.05948      0.01213      0.00000      0.00000      0.00000      
71500   0.08419    0.00528    0.01409    0.00410      0.05950      0.01217      0.00000      0.00000      0.00000      
71600   0.08417    0.00527    0.01408    0.00412      0.05949      0.01207      0.00000      0.00000      0.00000      
71700   0.08416    0.00527    0.01408    0.00412      0.05949      0.01208      0.00000      0.00000      0.00000      
71800   0.08415    0.00527    0.01407    0.00412      0.05947      0.01220      0.00000      0.00000      0.00000      
71900   0.08413    0.00526    0.01406    0.00412      0.05949      0.01197      0.00000      0.00000      0.00000      
72000   0.08412    0.00525    0.01406    0.00412      0.05948      0.01209      0.00000      0.00000      0.00000      
72100   0.08410    0.00525    0.01405    0.00410      0.05950      0.01197      0.00000      0.00000      0.00000      
72200   0.08409    0.00524    0.01405    0.00411      0.05949      0.01205      0.00000      0.00000      0.00000      
72300   0.08407    0.00524    0.01404    0.00413      0.05946      0.01206      0.00000      0.00000      0.00000      
72400   0.08407    0.00523    0.01403    0.00413      0.05947      0.01199      0.00000      0.00000      0.00000      
72500   0.08405    0.00523    0.01402    0.00411      0.05948      0.01214      0.00000      0.00000      0.00000      
72600   0.08405    0.00522    0.01402    0.00414      0.05947      0.01196      0.00000      0.00000      0.00000      
72700   0.08403    0.00522    0.01401    0.00411      0.05949      0.01198      0.00000      0.00000      0.00000      
72800   0.08402    0.00521    0.01401    0.00412      0.05949      0.01202      0.00000      0.00000      0.00000      
72900   0.08401    0.00521    0.01400    0.00412      0.05948      0.01205      0.00000      0.00000      0.00000      
73000   0.08400    0.00520    0.01400    0.00414      0.05946      0.01196      0.00000      0.00000      0.00000      
73100   0.08399    0.00520    0.01399    0.00413      0.05948      0.01189      0.00000      0.00000      0.00000      
73200   0.08398    0.00519    0.01399    0.00412      0.05948      0.01207      0.00000      0.00000      0.00000      
73300   0.08397    0.00519    0.01398    0.00411      0.05950      0.01194      0.00000      0.00000      0.00000      
73400   0.08396    0.00518    0.01398    0.00412      0.05948      0.01199      0.00000      0.00000      0.00000      
73500   0.08395    0.00518    0.01397    0.00411      0.05947      0.01214      0.00000      0.00000      0.00000      
73600   0.08393    0.00518    0.01397    0.00411      0.05947      0.01211      0.00000      0.00000      0.00000      
73700   0.08392    0.00517    0.01396    0.00410      0.05949      0.01204      0.00000      0.00000      0.00000      
73800   0.08391    0.00516    0.01395    0.00412      0.05946      0.01212      0.00000      0.00000      0.00000      
73900   0.08390    0.00516    0.01395    0.00412      0.05947      0.01202      0.00000      0.00000      0.00000      
74000   0.08389    0.00516    0.01394    0.00414      0.05945      0.01201      0.00000      0.00000      0.00000      
74100   0.08388    0.00515    0.01394    0.00411      0.05947      0.01204      0.00000      0.00000      0.00000      
74200   0.08387    0.00515    0.01393    0.00412      0.05945      0.01210      0.00000      0.00000      0.00000      
74300   0.08386    0.00514    0.01393    0.00412      0.05947      0.01204      0.00000      0.00000      0.00000      
74400   0.08385    0.00514    0.01392    0.00412      0.05947      0.01201      0.00000      0.00000      0.00000      
74500   0.08384    0.00514    0.01392    0.00412      0.05946      0.01207      0.00000      0.00000      0.00000      
74600   0.08382    0.00513    0.01391    0.00414      0.05943      0.01211      0.00000      0.00000      0.00000      
74700   0.08382    0.00513    0.01390    0.00413      0.05946      0.01196      0.00000      0.00000      0.00000      
74800   0.08381    0.00512    0.01390    0.00413      0.05945      0.01209      0.00000      0.00000      0.00000      
74900   0.08380    0.00512    0.01389    0.00413      0.05947      0.01188      0.00000      0.00000      0.00000      
75000   0.08378    0.00511    0.01389    0.00412      0.05946      0.01200      0.00000      0.00000      0.00000      
75100   0.08378    0.00511    0.01388    0.00412      0.05945      0.01212      0.00000      0.00000      0.00000      
75200   0.08377    0.00511    0.01388    0.00415      0.05944      0.01192      0.00000      0.00000      0.00000      
75300   0.08375    0.00510    0.01387    0.00412      0.05946      0.01200      0.00000      0.00000      0.00000      
75400   0.08374    0.00510    0.01387    0.00412      0.05945      0.01201      0.00000      0.00000      0.00000      
75500   0.08373    0.00510    0.01386    0.00414      0.05944      0.01193      0.00000      0.00000      0.00000      
75600   0.08372    0.00509    0.01386    0.00414      0.05943      0.01200      0.00000      0.00000      0.00000      
75700   0.08371    0.00509    0.01386    0.00412      0.05945      0.01195      0.00000      0.00000      0.00000      
75800   0.08370    0.00509    0.01385    0.00412      0.05944      0.01192      0.00000      0.00000      0.00000      
75900   0.08369    0.00508    0.01385    0.00412      0.05943      0.01207      0.00000      0.00000      0.00000      
76000   0.08367    0.00508    0.01384    0.00413      0.05942      0.01210      0.00000      0.00000      0.00000      
76100   0.08366    0.00508    0.01384    0.00413      0.05942      0.01205      0.00000      0.00000      0.00000      
76200   0.08365    0.00507    0.01383    0.00413      0.05941      0.01213      0.00000      0.00000      0.00000      
76300   0.08364    0.00507    0.01382    0.00413      0.05941      0.01207      0.00000      0.00000      0.00000      
76400   0.08363    0.00506    0.01382    0.00412      0.05945      0.01188      0.00000      0.00000      0.00000      
76500   0.08362    0.00506    0.01381    0.00412      0.05943      0.01205      0.00000      0.00000      0.00000      
76600   0.08362    0.00506    0.01381    0.00411      0.05944      0.01201      0.00000      0.00000      0.00000      
76700   0.08361    0.00505    0.01380    0.00413      0.05942      0.01203      0.00000      0.00000      0.00000      
76800   0.08360    0.00505    0.01380    0.00413      0.05943      0.01200      0.00000      0.00000      0.00000      
76900   0.08359    0.00505    0.01379    0.00412      0.05941      0.01212      0.00000      0.00000      0.00000      
77000   0.08357    0.00504    0.01379    0.00409      0.05944      0.01212      0.00000      0.00000      0.00000      
77100   0.08357    0.00504    0.01378    0.00411      0.05943      0.01208      0.00000      0.00000      0.00000      
77200   0.08356    0.00503    0.01378    0.00412      0.05943      0.01199      0.00000      0.00000      0.00000      
77300   0.08355    0.00503    0.01377    0.00412      0.05942      0.01208      0.00000      0.00000      0.00000      
77400   0.08354    0.00503    0.01377    0.00411      0.05942      0.01207      0.00000      0.00000      0.00000      
77500   0.08352    0.00503    0.01376    0.00412      0.05941      0.01206      0.00000      0.00000      0.00000      
77600   0.08351    0.00502    0.01376    0.00410      0.05942      0.01211      0.00000      0.00000      0.00000      
77700   0.08351    0.00502    0.01375    0.00411      0.05941      0.01210      0.00000      0.00000      0.00000      
77800   0.08350    0.00502    0.01375    0.00411      0.05942      0.01207      0.00000      0.00000      0.00000      
77900   0.08349    0.00501    0.01375    0.00410      0.05942      0.01214      0.00000      0.00000      0.00000      
78000   0.08348    0.00501    0.01374    0.00411      0.05942      0.01211      0.00000      0.00000      0.00000      
78100   0.08347    0.00500    0.01374    0.00411      0.05943      0.01198      0.00000      0.00000      0.00000      
78200   0.08346    0.00500    0.01373    0.00413      0.05941      0.01197      0.00000      0.00000      0.00000      
78300   0.08345    0.00500    0.01373    0.00412      0.05941      0.01205      0.00000      0.00000      0.00000      
78400   0.08344    0.00499    0.01372    0.00412      0.05941      0.01199      0.00000      0.00000      0.00000      
78500   0.08343    0.00499    0.01372    0.00411      0.05941      0.01207      0.00000      0.00000      0.00000      
78600   0.08343    0.00499    0.01371    0.00411      0.05942      0.01198      0.00000      0.00000      0.00000      
78700   0.08342    0.00498    0.01371    0.00412      0.05941      0.01199      0.00000      0.00000      0.00000      
78800   0.08341    0.00498    0.01370    0.00412      0.05941      0.01195      0.00000      0.00000      0.00000      
78900   0.08341    0.00497    0.01370    0.00411      0.05943      0.01203      0.00000      0.00000      0.00000      
79000   0.08340    0.00497    0.01369    0.00412      0.05941      0.01205      0.00000      0.00000      0.00000      
79100   0.08339    0.00497    0.01369    0.00411      0.05942      0.01208      0.00000      0.00000      0.00000      
79200   0.08338    0.00496    0.01368    0.00412      0.05942      0.01197      0.00000      0.00000      0.00000      
79300   0.08337    0.00496    0.01368    0.00413      0.05941      0.01201      0.00000      0.00000      0.00000      
79400   0.08337    0.00496    0.01367    0.00411      0.05942      0.01205      0.00000      0.00000      0.00000      
79500   0.08336    0.00496    0.01367    0.00411      0.05943      0.01196      0.00000      0.00000      0.00000      
79600   0.08335    0.00495    0.01366    0.00411      0.05942      0.01204      0.00000      0.00000      0.00000      
79700   0.08334    0.00494    0.01366    0.00412      0.05942      0.01201      0.00000      0.00000      0.00000      
79800   0.08333    0.00494    0.01365    0.00413      0.05942      0.01199      0.00000      0.00000      0.00000      
79900   0.08332    0.00494    0.01365    0.00411      0.05941      0.01216      0.00000      0.00000      0.00000      
80000   0.08331    0.00494    0.01364    0.00412      0.05940      0.01211      0.00000      0.00000      0.00000      
80100   0.08331    0.00493    0.01364    0.00411      0.05942      0.01207      0.00000      0.00000      0.00000      
80200   0.08330    0.00493    0.01363    0.00412      0.05942      0.01203      0.00000      0.00000      0.00000      
80300   0.08329    0.00493    0.01363    0.00412      0.05942      0.01209      0.00000      0.00000      0.00000      
80400   0.08328    0.00492    0.01362    0.00412      0.05941      0.01209      0.00000      0.00000      0.00000      
80500   0.08327    0.00492    0.01362    0.00413      0.05941      0.01202      0.00000      0.00000      0.00000      
80600   0.08326    0.00492    0.01361    0.00413      0.05941      0.01202      0.00000      0.00000      0.00000      
80700   0.08326    0.00491    0.01361    0.00411      0.05942      0.01209      0.00000      0.00000      0.00000      
80800   0.08325    0.00491    0.01360    0.00412      0.05941      0.01204      0.00000      0.00000      0.00000      
80900   0.08324    0.00491    0.01359    0.00412      0.05941      0.01205      0.00000      0.00000      0.00000      
81000   0.08323    0.00491    0.01359    0.00413      0.05940      0.01203      0.00000      0.00000      0.00000      
81100   0.08322    0.00490    0.01358    0.00412      0.05941      0.01209      0.00000      0.00000      0.00000      
81200   0.08322    0.00490    0.01358    0.00412      0.05941      0.01211      0.00000      0.00000      0.00000      
81300   0.08321    0.00489    0.01357    0.00413      0.05941      0.01206      0.00000      0.00000      0.00000      
81400   0.08320    0.00489    0.01357    0.00413      0.05941      0.01202      0.00000      0.00000      0.00000      
81500   0.08319    0.00489    0.01356    0.00412      0.05940      0.01206      0.00000      0.00000      0.00000      
81600   0.08318    0.00489    0.01356    0.00413      0.05940      0.01209      0.00000      0.00000      0.00000      
81700   0.08317    0.00488    0.01356    0.00414      0.05940      0.01198      0.00000      0.00000      0.00000      
81800   0.08316    0.00488    0.01355    0.00414      0.05939      0.01204      0.00000      0.00000      0.00000      
81900   0.08315    0.00488    0.01355    0.00412      0.05939      0.01216      0.00000      0.00000      0.00000      
82000   0.08315    0.00487    0.01354    0.00413      0.05940      0.01203      0.00000      0.00000      0.00000      
82100   0.08314    0.00487    0.01354    0.00412      0.05940      0.01204      0.00000      0.00000      0.00000      
82200   0.08313    0.00487    0.01353    0.00413      0.05940      0.01207      0.00000      0.00000      0.00000      
82300   0.08313    0.00487    0.01353    0.00412      0.05940      0.01207      0.00000      0.00000      0.00000      
82400   0.08312    0.00486    0.01352    0.00413      0.05940      0.01206      0.00000      0.00000      0.00000      
82500   0.08312    0.00486    0.01352    0.00414      0.05939      0.01210      0.00000      0.00000      0.00000      
82600   0.08311    0.00486    0.01352    0.00412      0.05941      0.01205      0.00000      0.00000      0.00000      
82700   0.08310    0.00485    0.01351    0.00412      0.05941      0.01206      0.00000      0.00000      0.00000      
82800   0.08309    0.00485    0.01351    0.00414      0.05938      0.01212      0.00000      0.00000      0.00000      
82900   0.08309    0.00485    0.01350    0.00413      0.05939      0.01207      0.00000      0.00000      0.00000      
83000   0.08308    0.00485    0.01350    0.00415      0.05938      0.01206      0.00000      0.00000      0.00000      
83100   0.08307    0.00485    0.01350    0.00413      0.05939      0.01206      0.00000      0.00000      0.00000      
83200   0.08306    0.00484    0.01350    0.00413      0.05939      0.01214      0.00000      0.00000      0.00000      
83300   0.08306    0.00484    0.01349    0.00414      0.05938      0.01214      0.00000      0.00000      0.00000      
83400   0.08305    0.00484    0.01349    0.00413      0.05938      0.01220      0.00000      0.00000      0.00000      
83500   0.08304    0.00483    0.01348    0.00413      0.05938      0.01211      0.00000      0.00000      0.00000      
83600   0.08304    0.00483    0.01348    0.00414      0.05938      0.01205      0.00000      0.00000      0.00000      
83700   0.08303    0.00483    0.01348    0.00414      0.05937      0.01212      0.00000      0.00000      0.00000      
83800   0.08302    0.00483    0.01347    0.00413      0.05938      0.01208      0.00000      0.00000      0.00000      
83900   0.08302    0.00483    0.01347    0.00414      0.05937      0.01209      0.00000      0.00000      0.00000      
84000   0.08301    0.00482    0.01346    0.00413      0.05938      0.01215      0.00000      0.00000      0.00000      
84100   0.08300    0.00482    0.01346    0.00412      0.05939      0.01213      0.00000      0.00000      0.00000      
84200   0.08300    0.00482    0.01346    0.00414      0.05938      0.01208      0.00000      0.00000      0.00000      
84300   0.08299    0.00482    0.01345    0.00413      0.05938      0.01210      0.00000      0.00000      0.00000      
84400   0.08298    0.00481    0.01345    0.00413      0.05937      0.01216      0.00000      0.00000      0.00000      
84500   0.08297    0.00481    0.01345    0.00412      0.05938      0.01211      0.00000      0.00000      0.00000      
84600   0.08297    0.00481    0.01344    0.00412      0.05938      0.01219      0.00000      0.00000      0.00000      
84700   0.08296    0.00480    0.01344    0.00412      0.05938      0.01215      0.00000      0.00000      0.00000      
84800   0.08295    0.00480    0.01344    0.00413      0.05937      0.01215      0.00000      0.00000      0.00000      
84900   0.08294    0.00480    0.01343    0.00414      0.05936      0.01207      0.00000      0.00000      0.00000      
85000   0.08294    0.00480    0.01343    0.00414      0.05937      0.01210      0.00000      0.00000      0.00000      
85100   0.08294    0.00479    0.01342    0.00414      0.05937      0.01206      0.00000      0.00000      0.00000      
85200   0.08293    0.00479    0.01342    0.00412      0.05938      0.01210      0.00000      0.00000      0.00000      
85300   0.08292    0.00479    0.01342    0.00413      0.05936      0.01218      0.00000      0.00000      0.00000      
85400   0.08292    0.00479    0.01341    0.00413      0.05937      0.01208      0.00000      0.00000      0.00000      
85500   0.08291    0.00479    0.01341    0.00413      0.05937      0.01208      0.00000      0.00000      0.00000      
85600   0.08290    0.00478    0.01341    0.00414      0.05937      0.01208      0.00000      0.00000      0.00000      
85700   0.08290    0.00478    0.01340    0.00412      0.05937      0.01218      0.00000      0.00000      0.00000      
85800   0.08289    0.00478    0.01340    0.00412      0.05938      0.01209      0.00000      0.00000      0.00000      
85900   0.08288    0.00478    0.01340    0.00412      0.05937      0.01212      0.00000      0.00000      0.00000      
86000   0.08288    0.00477    0.01339    0.00413      0.05937      0.01212      0.00000      0.00000      0.00000      
86100   0.08287    0.00477    0.01339    0.00413      0.05937      0.01211      0.00000      0.00000      0.00000      
86200   0.08286    0.00477    0.01339    0.00412      0.05937      0.01216      0.00000      0.00000      0.00000      
86300   0.08286    0.00477    0.01339    0.00412      0.05937      0.01215      0.00000      0.00000      0.00000      
86400   0.08285    0.00477    0.01338    0.00412      0.05937      0.01214      0.00000      0.00000      0.00000      
86500   0.08284    0.00476    0.01338    0.00413      0.05936      0.01211      0.00000      0.00000      0.00000      
86600   0.08284    0.00476    0.01337    0.00411      0.05938      0.01215      0.00000      0.00000      0.00000      
86700   0.08283    0.00476    0.01337    0.00412      0.05937      0.01215      0.00000      0.00000      0.00000      
86800   0.08282    0.00475    0.01337    0.00412      0.05937      0.01219      0.00000      0.00000      0.00000      
86900   0.08282    0.00475    0.01337    0.00411      0.05937      0.01216      0.00000      0.00000      0.00000      
87000   0.08281    0.00475    0.01336    0.00411      0.05937      0.01211      0.00000      0.00000      0.00000      
87100   0.08281    0.00475    0.01336    0.00411      0.05938      0.01209      0.00000      0.00000      0.00000      
87200   0.08280    0.00474    0.01335    0.00412      0.05937      0.01213      0.00000      0.00000      0.00000      
87300   0.08279    0.00474    0.01335    0.00411      0.05938      0.01208      0.00000      0.00000      0.00000      
87400   0.08279    0.00474    0.01335    0.00412      0.05938      0.01204      0.00000      0.00000      0.00000      
87500   0.08278    0.00474    0.01334    0.00412      0.05937      0.01212      0.00000      0.00000      0.00000      
87600   0.08277    0.00473    0.01334    0.00412      0.05937      0.01205      0.00000      0.00000      0.00000      
87700   0.08277    0.00473    0.01334    0.00412      0.05936      0.01211      0.00000      0.00000      0.00000      
87800   0.08276    0.00473    0.01334    0.00412      0.05936      0.01212      0.00000      0.00000      0.00000      
87900   0.08276    0.00473    0.01333    0.00411      0.05938      0.01211      0.00000      0.00000      0.00000      
88000   0.08275    0.00472    0.01333    0.00411      0.05937      0.01211      0.00000      0.00000      0.00000      
88100   0.08274    0.00472    0.01333    0.00411      0.05937      0.01213      0.00000      0.00000      0.00000      
88200   0.08274    0.00472    0.01332    0.00411      0.05937      0.01210      0.00000      0.00000      0.00000      
88300   0.08273    0.00472    0.01332    0.00412      0.05937      0.01206      0.00000      0.00000      0.00000      
88400   0.08272    0.00472    0.01332    0.00412      0.05936      0.01210      0.00000      0.00000      0.00000      
88500   0.08272    0.00471    0.01332    0.00412      0.05936      0.01208      0.00000      0.00000      0.00000      
88600   0.08271    0.00471    0.01331    0.00412      0.05937      0.01203      0.00000      0.00000      0.00000      
88700   0.08270    0.00471    0.01331    0.00411      0.05937      0.01208      0.00000      0.00000      0.00000      
88800   0.08270    0.00471    0.01331    0.00412      0.05937      0.01206      0.00000      0.00000      0.00000      
88900   0.08270    0.00470    0.01330    0.00411      0.05937      0.01207      0.00000      0.00000      0.00000      
89000   0.08269    0.00470    0.01330    0.00411      0.05937      0.01209      0.00000      0.00000      0.00000      
89100   0.08268    0.00470    0.01330    0.00412      0.05936      0.01208      0.00000      0.00000      0.00000      
89200   0.08268    0.00470    0.01329    0.00412      0.05936      0.01207      0.00000      0.00000      0.00000      
89300   0.08267    0.00470    0.01329    0.00411      0.05937      0.01211      0.00000      0.00000      0.00000      
89400   0.08267    0.00470    0.01329    0.00412      0.05936      0.01210      0.00000      0.00000      0.00000      
89500   0.08266    0.00469    0.01329    0.00411      0.05937      0.01203      0.00000      0.00000      0.00000      
89600   0.08266    0.00469    0.01328    0.00411      0.05936      0.01212      0.00000      0.00000      0.00000      
89700   0.08265    0.00469    0.01328    0.00412      0.05935      0.01208      0.00000      0.00000      0.00000      
89800   0.08265    0.00469    0.01328    0.00411      0.05936      0.01213      0.00000      0.00000      0.00000      
89900   0.08264    0.00469    0.01327    0.00411      0.05936      0.01206      0.00000      0.00000      0.00000      
90000   0.08263    0.00469    0.01327    0.00412      0.05935      0.01208      0.00000      0.00000      0.00000      
90100   0.08263    0.00468    0.01327    0.00410      0.05937      0.01206      0.00000      0.00000      0.00000      
90200   0.08262    0.00468    0.01327    0.00411      0.05936      0.01209      0.00000      0.00000      0.00000      
90300   0.08262    0.00468    0.01327    0.00411      0.05936      0.01201      0.00000      0.00000      0.00000      
90400   0.08261    0.00468    0.01326    0.00411      0.05935      0.01205      0.00000      0.00000      0.00000      
90500   0.08261    0.00468    0.01326    0.00410      0.05936      0.01208      0.00000      0.00000      0.00000      
90600   0.08260    0.00468    0.01326    0.00410      0.05936      0.01207      0.00000      0.00000      0.00000      
90700   0.08260    0.00467    0.01325    0.00410      0.05937      0.01204      0.00000      0.00000      0.00000      
90800   0.08259    0.00467    0.01325    0.00410      0.05936      0.01213      0.00000      0.00000      0.00000      
90900   0.08259    0.00467    0.01325    0.00410      0.05936      0.01210      0.00000      0.00000      0.00000      
91000   0.08258    0.00467    0.01324    0.00410      0.05936      0.01209      0.00000      0.00000      0.00000      
91100   0.08258    0.00467    0.01324    0.00410      0.05936      0.01208      0.00000      0.00000      0.00000      
91200   0.08257    0.00466    0.01324    0.00411      0.05936      0.01203      0.00000      0.00000      0.00000      
91300   0.08257    0.00466    0.01324    0.00410      0.05937      0.01201      0.00000      0.00000      0.00000      
91400   0.08256    0.00466    0.01323    0.00410      0.05937      0.01202      0.00000      0.00000      0.00000      
91500   0.08256    0.00466    0.01323    0.00411      0.05935      0.01209      0.00000      0.00000      0.00000      
91600   0.08255    0.00466    0.01323    0.00411      0.05935      0.01207      0.00000      0.00000      0.00000      
91700   0.08255    0.00466    0.01323    0.00411      0.05935      0.01205      0.00000      0.00000      0.00000      
91800   0.08254    0.00465    0.01322    0.00411      0.05935      0.01208      0.00000      0.00000      0.00000      
91900   0.08254    0.00465    0.01322    0.00411      0.05936      0.01204      0.00000      0.00000      0.00000      
92000   0.08253    0.00465    0.01322    0.00410      0.05936      0.01206      0.00000      0.00000      0.00000      
92100   0.08253    0.00465    0.01321    0.00410      0.05936      0.01206      0.00000      0.00000      0.00000      
92200   0.08252    0.00465    0.01321    0.00410      0.05936      0.01208      0.00000      0.00000      0.00000      
92300   0.08252    0.00464    0.01321    0.00410      0.05936      0.01204      0.00000      0.00000      0.00000      
92400   0.08251    0.00464    0.01321    0.00409      0.05936      0.01212      0.00000      0.00000      0.00000      
92500   0.08251    0.00464    0.01320    0.00409      0.05936      0.01212      0.00000      0.00000      0.00000      
92600   0.08250    0.00464    0.01320    0.00411      0.05935      0.01206      0.00000      0.00000      0.00000      
92700   0.08250    0.00464    0.01320    0.00411      0.05934      0.01204      0.00000      0.00000      0.00000      
92800   0.08249    0.00464    0.01319    0.00410      0.05935      0.01206      0.00000      0.00000      0.00000      
92900   0.08249    0.00463    0.01319    0.00410      0.05935      0.01207      0.00000      0.00000      0.00000      
93000   0.08248    0.00463    0.01319    0.00411      0.05935      0.01209      0.00000      0.00000      0.00000      
93100   0.08248    0.00463    0.01319    0.00411      0.05935      0.01205      0.00000      0.00000      0.00000      
93200   0.08247    0.00463    0.01318    0.00411      0.05935      0.01206      0.00000      0.00000      0.00000      
93300   0.08247    0.00463    0.01318    0.00411      0.05935      0.01205      0.00000      0.00000      0.00000      
93400   0.08246    0.00462    0.01318    0.00411      0.05935      0.01202      0.00000      0.00000      0.00000      
93500   0.08246    0.00462    0.01317    0.00411      0.05934      0.01205      0.00000      0.00000      0.00000      
93600   0.08245    0.00462    0.01317    0.00410      0.05935      0.01207      0.00000      0.00000      0.00000      
93700   0.08245    0.00462    0.01317    0.00411      0.05935      0.01205      0.00000      0.00000      0.00000      
93800   0.08244    0.00462    0.01317    0.00410      0.05935      0.01206      0.00000      0.00000      0.00000      
93900   0.08244    0.00462    0.01316    0.00411      0.05935      0.01208      0.00000      0.00000      0.00000      
94000   0.08243    0.00461    0.01316    0.00411      0.05935      0.01205      0.00000      0.00000      0.00000      
94100   0.08243    0.00461    0.01316    0.00411      0.05934      0.01206      0.00000      0.00000      0.00000      
94200   0.08243    0.00461    0.01316    0.00410      0.05935      0.01204      0.00000      0.00000      0.00000      
94300   0.08242    0.00461    0.01315    0.00411      0.05935      0.01203      0.00000      0.00000      0.00000      
94400   0.08241    0.00461    0.01315    0.00411      0.05935      0.01200      0.00000      0.00000      0.00000      
94500   0.08241    0.00461    0.01315    0.00411      0.05935      0.01206      0.00000      0.00000      0.00000      
94600   0.08241    0.00460    0.01314    0.00411      0.05934      0.01208      0.00000      0.00000      0.00000      
94700   0.08240    0.00460    0.01314    0.00411      0.05934      0.01204      0.00000      0.00000      0.00000      
94800   0.08240    0.00460    0.01314    0.00411      0.05934      0.01205      0.00000      0.00000      0.00000      
94900   0.08239    0.00460    0.01314    0.00410      0.05935      0.01200      0.00000      0.00000      0.00000      
95000   0.08239    0.00460    0.01313    0.00410      0.05935      0.01205      0.00000      0.00000      0.00000      
95100   0.08238    0.00460    0.01313    0.00410      0.05934      0.01209      0.00000      0.00000      0.00000      
95200   0.08237    0.00460    0.01313    0.00410      0.05935      0.01201      0.00000      0.00000      0.00000      
95300   0.08237    0.00459    0.01313    0.00410      0.05934      0.01208      0.00000      0.00000      0.00000      
95400   0.08237    0.00459    0.01312    0.00409      0.05936      0.01204      0.00000      0.00000      0.00000      
95500   0.08236    0.00459    0.01312    0.00410      0.05935      0.01200      0.00000      0.00000      0.00000      
95600   0.08236    0.00459    0.01312    0.00410      0.05934      0.01203      0.00000      0.00000      0.00000      
95700   0.08235    0.00459    0.01312    0.00410      0.05934      0.01205      0.00000      0.00000      0.00000      
95800   0.08235    0.00459    0.01311    0.00409      0.05934      0.01210      0.00000      0.00000      0.00000      
95900   0.08234    0.00459    0.01311    0.00409      0.05934      0.01210      0.00000      0.00000      0.00000      
96000   0.08234    0.00458    0.01311    0.00410      0.05935      0.01205      0.00000      0.00000      0.00000      
96100   0.08233    0.00458    0.01311    0.00410      0.05935      0.01198      0.00000      0.00000      0.00000      
96200   0.08233    0.00458    0.01310    0.00410      0.05934      0.01202      0.00000      0.00000      0.00000      
96300   0.08233    0.00458    0.01310    0.00409      0.05935      0.01204      0.00000      0.00000      0.00000      
96400   0.08232    0.00458    0.01310    0.00410      0.05935      0.01199      0.00000      0.00000      0.00000      
96500   0.08232    0.00458    0.01309    0.00410      0.05934      0.01198      0.00000      0.00000      0.00000      
96600   0.08231    0.00458    0.01309    0.00410      0.05934      0.01206      0.00000      0.00000      0.00000      
96700   0.08231    0.00457    0.01309    0.00411      0.05934      0.01200      0.00000      0.00000      0.00000      
96800   0.08230    0.00457    0.01309    0.00410      0.05934      0.01199      0.00000      0.00000      0.00000      
96900   0.08230    0.00457    0.01308    0.00410      0.05934      0.01200      0.00000      0.00000      0.00000      
97000   0.08229    0.00457    0.01308    0.00410      0.05934      0.01199      0.00000      0.00000      0.00000      
97100   0.08229    0.00457    0.01308    0.00411      0.05934      0.01198      0.00000      0.00000      0.00000      
97200   0.08228    0.00457    0.01307    0.00411      0.05933      0.01202      0.00000      0.00000      0.00000      
97300   0.08228    0.00457    0.01307    0.00410      0.05934      0.01200      0.00000      0.00000      0.00000      
97400   0.08227    0.00456    0.01307    0.00411      0.05933      0.01204      0.00000      0.00000      0.00000      
97500   0.08227    0.00456    0.01307    0.00411      0.05933      0.01203      0.00000      0.00000      0.00000      
97600   0.08227    0.00456    0.01307    0.00411      0.05933      0.01197      0.00000      0.00000      0.00000      
97700   0.08226    0.00456    0.01306    0.00410      0.05934      0.01201      0.00000      0.00000      0.00000      
97800   0.08226    0.00456    0.01306    0.00410      0.05934      0.01205      0.00000      0.00000      0.00000      
97900   0.08225    0.00456    0.01306    0.00410      0.05933      0.01201      0.00000      0.00000      0.00000      
98000   0.08225    0.00456    0.01306    0.00411      0.05933      0.01200      0.00000      0.00000      0.00000      
98100   0.08225    0.00455    0.01305    0.00410      0.05933      0.01205      0.00000      0.00000      0.00000      
98200   0.08224    0.00455    0.01305    0.00410      0.05933      0.01204      0.00000      0.00000      0.00000      
98300   0.08224    0.00455    0.01305    0.00410      0.05933      0.01202      0.00000      0.00000      0.00000      
98400   0.08223    0.00455    0.01305    0.00411      0.05933      0.01197      0.00000      0.00000      0.00000      
98500   0.08223    0.00455    0.01305    0.00410      0.05934      0.01204      0.00000      0.00000      0.00000      
98600   0.08223    0.00455    0.01304    0.00410      0.05934      0.01204      0.00000      0.00000      0.00000      
98700   0.08222    0.00455    0.01304    0.00410      0.05933      0.01203      0.00000      0.00000      0.00000      
98800   0.08222    0.00454    0.01304    0.00410      0.05933      0.01203      0.00000      0.00000      0.00000      
98900   0.08222    0.00454    0.01304    0.00410      0.05933      0.01201      0.00000      0.00000      0.00000      
99000   0.08221    0.00454    0.01303    0.00410      0.05933      0.01204      0.00000      0.00000      0.00000      
99100   0.08221    0.00454    0.01303    0.00410      0.05933      0.01200      0.00000      0.00000      0.00000      
99200   0.08221    0.00454    0.01303    0.00411      0.05933      0.01201      0.00000      0.00000      0.00000      
99300   0.08220    0.00454    0.01303    0.00410      0.05933      0.01202      0.00000      0.00000      0.00000      
99400   0.08220    0.00454    0.01303    0.00411      0.05933      0.01200      0.00000      0.00000      0.00000      
99500   0.08219    0.00454    0.01302    0.00411      0.05933      0.01197      0.00000      0.00000      0.00000      
99600   0.08219    0.00453    0.01302    0.00411      0.05933      0.01202      0.00000      0.00000      0.00000      
99700   0.08219    0.00453    0.01302    0.00411      0.05933      0.01200      0.00000      0.00000      0.00000      
99800   0.08218    0.00453    0.01302    0.00410      0.05933      0.01199      0.00000      0.00000      0.00000      
99900   0.08218    0.00453    0.01302    0.00410      0.05934      0.01201      0.00000      0.00000      0.00000      
100000  0.08217    0.00453    0.01301    0.00411      0.05933      0.01200      0.00000      0.00000      0.00000      
100100  0.08217    0.00453    0.01301    0.00410      0.05933      0.01198      0.00000      0.00000      0.00000      
100200  0.08217    0.00453    0.01301    0.00410      0.05933      0.01205      0.00000      0.00000      0.00000      
100300  0.08216    0.00452    0.01301    0.00410      0.05933      0.01204      0.00000      0.00000      0.00000      
100400  0.08216    0.00452    0.01300    0.00410      0.05933      0.01199      0.00000      0.00000      0.00000      
100500  0.08216    0.00452    0.01300    0.00411      0.05933      0.01199      0.00000      0.00000      0.00000      
100600  0.08215    0.00452    0.01300    0.00410      0.05933      0.01203      0.00000      0.00000      0.00000      
100700  0.08215    0.00452    0.01300    0.00410      0.05933      0.01201      0.00000      0.00000      0.00000      
100800  0.08215    0.00452    0.01300    0.00410      0.05932      0.01203      0.00000      0.00000      0.00000      
100900  0.08214    0.00452    0.01299    0.00410      0.05933      0.01200      0.00000      0.00000      0.00000      
101000  0.08214    0.00452    0.01299    0.00411      0.05932      0.01197      0.00000      0.00000      0.00000      
101100  0.08213    0.00452    0.01299    0.00410      0.05932      0.01204      0.00000      0.00000      0.00000      
101200  0.08213    0.00451    0.01299    0.00411      0.05932      0.01198      0.00000      0.00000      0.00000      
101300  0.08213    0.00451    0.01298    0.00410      0.05933      0.01199      0.00000      0.00000      0.00000      
101400  0.08212    0.00451    0.01298    0.00411      0.05932      0.01200      0.00000      0.00000      0.00000      
101500  0.08212    0.00451    0.01298    0.00411      0.05932      0.01199      0.00000      0.00000      0.00000      
101600  0.08212    0.00451    0.01298    0.00410      0.05933      0.01201      0.00000      0.00000      0.00000      
101700  0.08211    0.00451    0.01297    0.00411      0.05932      0.01197      0.00000      0.00000      0.00000      
101800  0.08211    0.00451    0.01297    0.00411      0.05932      0.01199      0.00000      0.00000      0.00000      
101900  0.08211    0.00451    0.01297    0.00410      0.05933      0.01199      0.00000      0.00000      0.00000      
102000  0.08210    0.00451    0.01297    0.00410      0.05933      0.01201      0.00000      0.00000      0.00000      
102100  0.08210    0.00450    0.01297    0.00410      0.05933      0.01199      0.00000      0.00000      0.00000      
102200  0.08210    0.00450    0.01296    0.00410      0.05932      0.01203      0.00000      0.00000      0.00000      
102300  0.08209    0.00450    0.01296    0.00411      0.05932      0.01203      0.00000      0.00000      0.00000      
102400  0.08209    0.00450    0.01296    0.00411      0.05932      0.01196      0.00000      0.00000      0.00000      
102500  0.08209    0.00450    0.01296    0.00411      0.05932      0.01198      0.00000      0.00000      0.00000      
102600  0.08208    0.00450    0.01295    0.00411      0.05932      0.01198      0.00000      0.00000      0.00000      
102700  0.08208    0.00450    0.01295    0.00410      0.05933      0.01199      0.00000      0.00000      0.00000      
102800  0.08207    0.00450    0.01295    0.00410      0.05932      0.01199      0.00000      0.00000      0.00000      
102900  0.08207    0.00450    0.01295    0.00411      0.05932      0.01195      0.00000      0.00000      0.00000      
103000  0.08207    0.00450    0.01295    0.00411      0.05931      0.01200      0.00000      0.00000      0.00000      
103100  0.08207    0.00449    0.01294    0.00411      0.05931      0.01199      0.00000      0.00000      0.00000      
103200  0.08206    0.00449    0.01294    0.00411      0.05932      0.01197      0.00000      0.00000      0.00000      
103300  0.08206    0.00449    0.01294    0.00412      0.05932      0.01192      0.00000      0.00000      0.00000      
103400  0.08206    0.00449    0.01294    0.00411      0.05932      0.01199      0.00000      0.00000      0.00000      
103500  0.08205    0.00449    0.01294    0.00411      0.05932      0.01197      0.00000      0.00000      0.00000      
103600  0.08205    0.00449    0.01293    0.00411      0.05932      0.01199      0.00000      0.00000      0.00000      
103700  0.08205    0.00449    0.01293    0.00411      0.05932      0.01197      0.00000      0.00000      0.00000      
103800  0.08204    0.00449    0.01293    0.00411      0.05932      0.01196      0.00000      0.00000      0.00000      
103900  0.08204    0.00449    0.01293    0.00411      0.05932      0.01192      0.00000      0.00000      0.00000      
104000  0.08204    0.00449    0.01293    0.00412      0.05931      0.01196      0.00000      0.00000      0.00000      
104100  0.08203    0.00449    0.01292    0.00411      0.05931      0.01199      0.00000      0.00000      0.00000      
104200  0.08203    0.00448    0.01292    0.00411      0.05931      0.01200      0.00000      0.00000      0.00000      
104300  0.08203    0.00448    0.01292    0.00410      0.05932      0.01198      0.00000      0.00000      0.00000      
104400  0.08202    0.00448    0.01292    0.00410      0.05932      0.01198      0.00000      0.00000      0.00000      
104500  0.08202    0.00448    0.01291    0.00411      0.05932      0.01196      0.00000      0.00000      0.00000      
104600  0.08202    0.00448    0.01291    0.00411      0.05931      0.01199      0.00000      0.00000      0.00000      
104700  0.08201    0.00448    0.01291    0.00411      0.05932      0.01198      0.00000      0.00000      0.00000      
104800  0.08201    0.00448    0.01291    0.00412      0.05931      0.01199      0.00000      0.00000      0.00000      
104900  0.08201    0.00448    0.01290    0.00411      0.05931      0.01201      0.00000      0.00000      0.00000      
105000  0.08200    0.00447    0.01290    0.00411      0.05932      0.01200      0.00000      0.00000      0.00000      
105100  0.08200    0.00447    0.01290    0.00412      0.05931      0.01198      0.00000      0.00000      0.00000      
105200  0.08200    0.00447    0.01290    0.00412      0.05931      0.01196      0.00000      0.00000      0.00000      
105300  0.08199    0.00447    0.01289    0.00412      0.05931      0.01197      0.00000      0.00000      0.00000      
105400  0.08199    0.00447    0.01289    0.00411      0.05931      0.01202      0.00000      0.00000      0.00000      
105500  0.08199    0.00447    0.01289    0.00412      0.05931      0.01199      0.00000      0.00000      0.00000      
105600  0.08198    0.00447    0.01289    0.00412      0.05931      0.01200      0.00000      0.00000      0.00000      
105700  0.08198    0.00447    0.01289    0.00412      0.05931      0.01203      0.00000      0.00000      0.00000      
105800  0.08198    0.00447    0.01288    0.00412      0.05931      0.01199      0.00000      0.00000      0.00000      
105900  0.08198    0.00447    0.01288    0.00412      0.05930      0.01204      0.00000      0.00000      0.00000      
106000  0.08197    0.00446    0.01288    0.00411      0.05931      0.01205      0.00000      0.00000      0.00000      
106100  0.08197    0.00446    0.01288    0.00412      0.05931      0.01202      0.00000      0.00000      0.00000      
106200  0.08197    0.00446    0.01287    0.00412      0.05931      0.01202      0.00000      0.00000      0.00000      
106300  0.08196    0.00446    0.01287    0.00412      0.05931      0.01203      0.00000      0.00000      0.00000      
106400  0.08196    0.00446    0.01287    0.00412      0.05931      0.01200      0.00000      0.00000      0.00000      
106500  0.08196    0.00446    0.01287    0.00411      0.05931      0.01205      0.00000      0.00000      0.00000      
106600  0.08196    0.00446    0.01286    0.00411      0.05932      0.01201      0.00000      0.00000      0.00000      
106700  0.08195    0.00446    0.01286    0.00412      0.05931      0.01201      0.00000      0.00000      0.00000      
106800  0.08195    0.00446    0.01286    0.00412      0.05932      0.01202      0.00000      0.00000      0.00000      
106900  0.08195    0.00445    0.01286    0.00412      0.05932      0.01199      0.00000      0.00000      0.00000      
107000  0.08195    0.00445    0.01285    0.00412      0.05931      0.01204      0.00000      0.00000      0.00000      
107100  0.08194    0.00445    0.01285    0.00412      0.05932      0.01204      0.00000      0.00000      0.00000      
107200  0.08194    0.00445    0.01285    0.00412      0.05931      0.01207      0.00000      0.00000      0.00000      
107300  0.08194    0.00445    0.01285    0.00412      0.05931      0.01205      0.00000      0.00000      0.00000      
107400  0.08193    0.00445    0.01285    0.00412      0.05931      0.01204      0.00000      0.00000      0.00000      
107500  0.08193    0.00445    0.01285    0.00413      0.05931      0.01201      0.00000      0.00000      0.00000      
107600  0.08193    0.00445    0.01284    0.00411      0.05932      0.01207      0.00000      0.00000      0.00000      
107700  0.08193    0.00445    0.01284    0.00412      0.05931      0.01203      0.00000      0.00000      0.00000      
107800  0.08192    0.00445    0.01284    0.00411      0.05932      0.01204      0.00000      0.00000      0.00000      
107900  0.08192    0.00444    0.01284    0.00412      0.05931      0.01207      0.00000      0.00000      0.00000      
108000  0.08192    0.00444    0.01284    0.00412      0.05932      0.01205      0.00000      0.00000      0.00000      
108100  0.08192    0.00444    0.01283    0.00412      0.05932      0.01208      0.00000      0.00000      0.00000      
108200  0.08191    0.00444    0.01283    0.00412      0.05932      0.01205      0.00000      0.00000      0.00000      
108300  0.08191    0.00444    0.01283    0.00412      0.05932      0.01208      0.00000      0.00000      0.00000      
108400  0.08191    0.00444    0.01283    0.00412      0.05932      0.01208      0.00000      0.00000      0.00000      
108500  0.08191    0.00444    0.01283    0.00412      0.05932      0.01205      0.00000      0.00000      0.00000      
108600  0.08190    0.00444    0.01282    0.00412      0.05932      0.01202      0.00000      0.00000      0.00000      
108700  0.08190    0.00444    0.01282    0.00411      0.05932      0.01209      0.00000      0.00000      0.00000      
108800  0.08190    0.00444    0.01282    0.00412      0.05932      0.01209      0.00000      0.00000      0.00000      
108900  0.08190    0.00443    0.01282    0.00412      0.05932      0.01205      0.00000      0.00000      0.00000      
109000  0.08189    0.00443    0.01281    0.00412      0.05932      0.01206      0.00000      0.00000      0.00000      
109100  0.08189    0.00443    0.01281    0.00412      0.05931      0.01209      0.00000      0.00000      0.00000      
109200  0.08189    0.00443    0.01281    0.00413      0.05931      0.01207      0.00000      0.00000      0.00000      
109300  0.08189    0.00443    0.01281    0.00412      0.05931      0.01209      0.00000      0.00000      0.00000      
109400  0.08188    0.00443    0.01281    0.00413      0.05931      0.01202      0.00000      0.00000      0.00000      
109500  0.08188    0.00443    0.01281    0.00412      0.05932      0.01207      0.00000      0.00000      0.00000      
109600  0.08188    0.00443    0.01280    0.00412      0.05932      0.01207      0.00000      0.00000      0.00000      
109700  0.08188    0.00443    0.01280    0.00412      0.05932      0.01206      0.00000      0.00000      0.00000      
109800  0.08187    0.00443    0.01280    0.00412      0.05932      0.01203      0.00000      0.00000      0.00000      
109900  0.08187    0.00443    0.01280    0.00412      0.05932      0.01206      0.00000      0.00000      0.00000      
110000  0.08187    0.00443    0.01280    0.00412      0.05932      0.01206      0.00000      0.00000      0.00000      
110100  0.08186    0.00442    0.01279    0.00413      0.05932      0.01204      0.00000      0.00000      0.00000      
110200  0.08186    0.00442    0.01279    0.00412      0.05932      0.01205      0.00000      0.00000      0.00000      
110300  0.08186    0.00442    0.01279    0.00413      0.05931      0.01205      0.00000      0.00000      0.00000      
110400  0.08186    0.00442    0.01279    0.00413      0.05932      0.01205      0.00000      0.00000      0.00000      
110500  0.08186    0.00442    0.01279    0.00412      0.05932      0.01210      0.00000      0.00000      0.00000      
110600  0.08185    0.00442    0.01278    0.00412      0.05932      0.01209      0.00000      0.00000      0.00000      
110700  0.08185    0.00442    0.01278    0.00412      0.05932      0.01204      0.00000      0.00000      0.00000      
110800  0.08185    0.00442    0.01278    0.00412      0.05932      0.01209      0.00000      0.00000      0.00000      
110900  0.08185    0.00442    0.01278    0.00412      0.05932      0.01205      0.00000      0.00000      0.00000      
111000  0.08185    0.00442    0.01278    0.00413      0.05932      0.01204      0.00000      0.00000      0.00000      
111100  0.08184    0.00442    0.01278    0.00413      0.05932      0.01204      0.00000      0.00000      0.00000      
111200  0.08184    0.00441    0.01278    0.00413      0.05932      0.01205      0.00000      0.00000      0.00000      
111300  0.08184    0.00441    0.01277    0.00413      0.05932      0.01202      0.00000      0.00000      0.00000      
111400  0.08184    0.00441    0.01277    0.00413      0.05932      0.01204      0.00000      0.00000      0.00000      
111500  0.08183    0.00441    0.01277    0.00413      0.05932      0.01205      0.00000      0.00000      0.00000      
111600  0.08183    0.00441    0.01277    0.00413      0.05932      0.01206      0.00000      0.00000      0.00000      
111700  0.08183    0.00441    0.01277    0.00413      0.05932      0.01204      0.00000      0.00000      0.00000      
111800  0.08183    0.00441    0.01277    0.00413      0.05932      0.01202      0.00000      0.00000      0.00000      
111900  0.08183    0.00441    0.01277    0.00412      0.05932      0.01206      0.00000      0.00000      0.00000      
112000  0.08182    0.00441    0.01276    0.00413      0.05932      0.01204      0.00000      0.00000      0.00000      
112100  0.08182    0.00441    0.01276    0.00413      0.05932      0.01201      0.00000      0.00000      0.00000      
112200  0.08182    0.00441    0.01276    0.00412      0.05932      0.01204      0.00000      0.00000      0.00000      
112300  0.08182    0.00441    0.01276    0.00413      0.05932      0.01204      0.00000      0.00000      0.00000      
112400  0.08182    0.00440    0.01276    0.00413      0.05932      0.01204      0.00000      0.00000      0.00000      
112500  0.08181    0.00440    0.01276    0.00413      0.05932      0.01203      0.00000      0.00000      0.00000      
112600  0.08181    0.00440    0.01276    0.00413      0.05932      0.01200      0.00000      0.00000      0.00000      
112700  0.08181    0.00440    0.01275    0.00413      0.05932      0.01202      0.00000      0.00000      0.00000      
112800  0.08181    0.00440    0.01275    0.00413      0.05932      0.01208      0.00000      0.00000      0.00000      
112900  0.08181    0.00440    0.01275    0.00413      0.05931      0.01209      0.00000      0.00000      0.00000      
113000  0.08180    0.00440    0.01275    0.00413      0.05931      0.01208      0.00000      0.00000      0.00000      
113100  0.08180    0.00440    0.01275    0.00413      0.05932      0.01205      0.00000      0.00000      0.00000      
113200  0.08180    0.00440    0.01275    0.00413      0.05932      0.01206      0.00000      0.00000      0.00000      
113300  0.08180    0.00440    0.01275    0.00413      0.05931      0.01207      0.00000      0.00000      0.00000      
113400  0.08180    0.00440    0.01275    0.00413      0.05931      0.01206      0.00000      0.00000      0.00000      
113500  0.08179    0.00440    0.01274    0.00413      0.05931      0.01204      0.00000      0.00000      0.00000      
113600  0.08179    0.00440    0.01274    0.00413      0.05932      0.01203      0.00000      0.00000      0.00000      
113700  0.08179    0.00440    0.01274    0.00413      0.05932      0.01204      0.00000      0.00000      0.00000      
113800  0.08179    0.00439    0.01274    0.00414      0.05932      0.01202      0.00000      0.00000      0.00000      
113900  0.08178    0.00439    0.01274    0.00413      0.05932      0.01207      0.00000      0.00000      0.00000      
114000  0.08178    0.00439    0.01274    0.00413      0.05932      0.01208      0.00000      0.00000      0.00000      
114100  0.08178    0.00439    0.01273    0.00413      0.05932      0.01206      0.00000      0.00000      0.00000      
114200  0.08178    0.00439    0.01273    0.00413      0.05932      0.01206      0.00000      0.00000      0.00000      
114300  0.08178    0.00439    0.01273    0.00413      0.05932      0.01206      0.00000      0.00000      0.00000      
114400  0.08177    0.00439    0.01273    0.00413      0.05932      0.01208      0.00000      0.00000      0.00000      
114500  0.08177    0.00439    0.01273    0.00414      0.05931      0.01203      0.00000      0.00000      0.00000      
114600  0.08177    0.00439    0.01273    0.00413      0.05932      0.01206      0.00000      0.00000      0.00000      
114700  0.08177    0.00439    0.01273    0.00413      0.05932      0.01205      0.00000      0.00000      0.00000      
114800  0.08177    0.00439    0.01272    0.00414      0.05931      0.01206      0.00000      0.00000      0.00000      
114900  0.08176    0.00438    0.01272    0.00414      0.05931      0.01204      0.00000      0.00000      0.00000      
115000  0.08176    0.00438    0.01272    0.00414      0.05932      0.01204      0.00000      0.00000      0.00000      
115100  0.08176    0.00438    0.01272    0.00413      0.05932      0.01208      0.00000      0.00000      0.00000      
115200  0.08176    0.00438    0.01272    0.00413      0.05932      0.01203      0.00000      0.00000      0.00000      
115300  0.08176    0.00438    0.01272    0.00414      0.05932      0.01202      0.00000      0.00000      0.00000      
115400  0.08175    0.00438    0.01272    0.00413      0.05932      0.01206      0.00000      0.00000      0.00000      
115500  0.08175    0.00438    0.01271    0.00414      0.05931      0.01207      0.00000      0.00000      0.00000      
115600  0.08175    0.00438    0.01271    0.00414      0.05932      0.01203      0.00000      0.00000      0.00000      
115700  0.08175    0.00438    0.01271    0.00413      0.05932      0.01205      0.00000      0.00000      0.00000      
115800  0.08174    0.00438    0.01271    0.00413      0.05931      0.01209      0.00000      0.00000      0.00000      
115900  0.08174    0.00438    0.01271    0.00413      0.05932      0.01205      0.00000      0.00000      0.00000      
116000  0.08174    0.00438    0.01271    0.00413      0.05931      0.01207      0.00000      0.00000      0.00000      
116100  0.08174    0.00438    0.01271    0.00413      0.05932      0.01206      0.00000      0.00000      0.00000      
116200  0.08174    0.00437    0.01271    0.00414      0.05932      0.01206      0.00000      0.00000      0.00000      
116300  0.08174    0.00437    0.01270    0.00414      0.05932      0.01203      0.00000      0.00000      0.00000      
116400  0.08173    0.00437    0.01270    0.00414      0.05931      0.01205      0.00000      0.00000      0.00000      
116500  0.08173    0.00437    0.01270    0.00414      0.05931      0.01207      0.00000      0.00000      0.00000      
116600  0.08173    0.00437    0.01270    0.00413      0.05932      0.01209      0.00000      0.00000      0.00000      
116700  0.08173    0.00437    0.01270    0.00414      0.05932      0.01202      0.00000      0.00000      0.00000      
116800  0.08173    0.00437    0.01270    0.00414      0.05932      0.01207      0.00000      0.00000      0.00000      
116900  0.08172    0.00437    0.01270    0.00414      0.05932      0.01205      0.00000      0.00000      0.00000      
117000  0.08172    0.00437    0.01269    0.00414      0.05932      0.01206      0.00000      0.00000      0.00000      
117100  0.08172    0.00437    0.01269    0.00414      0.05932      0.01204      0.00000      0.00000      0.00000      
117200  0.08172    0.00437    0.01269    0.00414      0.05932      0.01205      0.00000      0.00000      0.00000      
117300  0.08172    0.00437    0.01269    0.00414      0.05932      0.01203      0.00000      0.00000      0.00000      
117400  0.08172    0.00436    0.01269    0.00414      0.05932      0.01203      0.00000      0.00000      0.00000      
117500  0.08171    0.00436    0.01269    0.00414      0.05931      0.01208      0.00000      0.00000      0.00000      
117600  0.08171    0.00436    0.01269    0.00413      0.05932      0.01208      0.00000      0.00000      0.00000      
117700  0.08171    0.00436    0.01269    0.00414      0.05932      0.01206      0.00000      0.00000      0.00000      
117800  0.08171    0.00436    0.01268    0.00414      0.05932      0.01207      0.00000      0.00000      0.00000      
117900  0.08171    0.00436    0.01268    0.00414      0.05931      0.01210      0.00000      0.00000      0.00000      
118000  0.08170    0.00436    0.01268    0.00414      0.05932      0.01204      0.00000      0.00000      0.00000      
118100  0.08170    0.00436    0.01268    0.00414      0.05932      0.01205      0.00000      0.00000      0.00000      
118200  0.08170    0.00436    0.01268    0.00414      0.05931      0.01208      0.00000      0.00000      0.00000      
118300  0.08170    0.00436    0.01268    0.00414      0.05931      0.01205      0.00000      0.00000      0.00000      
118400  0.08170    0.00436    0.01268    0.00414      0.05931      0.01203      0.00000      0.00000      0.00000      
118500  0.08169    0.00436    0.01268    0.00414      0.05931      0.01204      0.00000      0.00000      0.00000      
118600  0.08169    0.00436    0.01267    0.00414      0.05932      0.01205      0.00000      0.00000      0.00000      
118700  0.08169    0.00436    0.01267    0.00414      0.05931      0.01204      0.00000      0.00000      0.00000      
118800  0.08169    0.00435    0.01267    0.00414      0.05931      0.01209      0.00000      0.00000      0.00000      
118900  0.08169    0.00435    0.01267    0.00415      0.05931      0.01202      0.00000      0.00000      0.00000      
119000  0.08168    0.00435    0.01267    0.00414      0.05931      0.01208      0.00000      0.00000      0.00000      
119100  0.08168    0.00435    0.01267    0.00414      0.05931      0.01204      0.00000      0.00000      0.00000      
119200  0.08168    0.00435    0.01267    0.00414      0.05932      0.01205      0.00000      0.00000      0.00000      
119300  0.08168    0.00435    0.01266    0.00414      0.05932      0.01205      0.00000      0.00000      0.00000      
119400  0.08168    0.00435    0.01266    0.00415      0.05931      0.01204      0.00000      0.00000      0.00000      
119500  0.08167    0.00435    0.01266    0.00414      0.05932      0.01206      0.00000      0.00000      0.00000      
119600  0.08167    0.00435    0.01266    0.00414      0.05932      0.01205      0.00000      0.00000      0.00000      
119700  0.08167    0.00435    0.01266    0.00414      0.05932      0.01207      0.00000      0.00000      0.00000      
119800  0.08167    0.00435    0.01266    0.00414      0.05932      0.01205      0.00000      0.00000      0.00000      
119900  0.08167    0.00434    0.01265    0.00415      0.05932      0.01208      0.00000      0.00000      0.00000      
120000  0.08167    0.00434    0.01265    0.00415      0.05932      0.01203      0.00000      0.00000      0.00000      
120100  0.08166    0.00434    0.01265    0.00414      0.05932      0.01207      0.00000      0.00000      0.00000      
120200  0.08166    0.00434    0.01265    0.00414      0.05932      0.01208      0.00000      0.00000      0.00000      
120300  0.08166    0.00434    0.01265    0.00415      0.05932      0.01205      0.00000      0.00000      0.00000      
120400  0.08166    0.00434    0.01265    0.00414      0.05932      0.01208      0.00000      0.00000      0.00000      
120500  0.08166    0.00434    0.01265    0.00415      0.05932      0.01205      0.00000      0.00000      0.00000      
120600  0.08165    0.00434    0.01265    0.00415      0.05932      0.01205      0.00000      0.00000      0.00000      
120700  0.08165    0.00434    0.01264    0.00415      0.05932      0.01205      0.00000      0.00000      0.00000      
120800  0.08165    0.00434    0.01264    0.00414      0.05932      0.01205      0.00000      0.00000      0.00000      
120900  0.08165    0.00434    0.01264    0.00414      0.05932      0.01206      0.00000      0.00000      0.00000      
121000  0.08165    0.00434    0.01264    0.00415      0.05932      0.01204      0.00000      0.00000      0.00000      
121100  0.08164    0.00433    0.01264    0.00414      0.05932      0.01204      0.00000      0.00000      0.00000      
121200  0.08164    0.00433    0.01264    0.00415      0.05931      0.01205      0.00000      0.00000      0.00000      
121300  0.08164    0.00433    0.01264    0.00415      0.05932      0.01205      0.00000      0.00000      0.00000      
121400  0.08164    0.00433    0.01264    0.00415      0.05932      0.01209      0.00000      0.00000      0.00000      
121500  0.08164    0.00433    0.01263    0.00415      0.05932      0.01204      0.00000      0.00000      0.00000      
121600  0.08163    0.00433    0.01263    0.00415      0.05931      0.01207      0.00000      0.00000      0.00000      
121700  0.08163    0.00433    0.01263    0.00415      0.05932      0.01204      0.00000      0.00000      0.00000      
121800  0.08163    0.00433    0.01263    0.00415      0.05931      0.01206      0.00000      0.00000      0.00000      
121900  0.08163    0.00433    0.01263    0.00415      0.05932      0.01208      0.00000      0.00000      0.00000      
122000  0.08163    0.00433    0.01263    0.00415      0.05931      0.01205      0.00000      0.00000      0.00000      
122100  0.08162    0.00433    0.01263    0.00415      0.05931      0.01206      0.00000      0.00000      0.00000      
122200  0.08162    0.00433    0.01263    0.00415      0.05932      0.01205      0.00000      0.00000      0.00000      
122300  0.08162    0.00432    0.01262    0.00415      0.05932      0.01203      0.00000      0.00000      0.00000      
122400  0.08162    0.00432    0.01262    0.00415      0.05932      0.01205      0.00000      0.00000      0.00000      
122500  0.08162    0.00432    0.01262    0.00415      0.05932      0.01205      0.00000      0.00000      0.00000      
122600  0.08162    0.00432    0.01262    0.00415      0.05932      0.01206      0.00000      0.00000      0.00000      
122700  0.08161    0.00432    0.01262    0.00415      0.05932      0.01205      0.00000      0.00000      0.00000      
122800  0.08161    0.00432    0.01262    0.00415      0.05932      0.01206      0.00000      0.00000      0.00000      
122900  0.08161    0.00432    0.01262    0.00415      0.05932      0.01204      0.00000      0.00000      0.00000      
123000  0.08161    0.00432    0.01261    0.00415      0.05932      0.01206      0.00000      0.00000      0.00000      
123100  0.08161    0.00432    0.01261    0.00415      0.05932      0.01205      0.00000      0.00000      0.00000      
123200  0.08161    0.00432    0.01261    0.00415      0.05932      0.01205      0.00000      0.00000      0.00000      
123300  0.08160    0.00432    0.01261    0.00415      0.05932      0.01205      0.00000      0.00000      0.00000      
123400  0.08160    0.00432    0.01261    0.00415      0.05932      0.01206      0.00000      0.00000      0.00000      
123500  0.08160    0.00432    0.01261    0.00415      0.05932      0.01205      0.00000      0.00000      0.00000      
123600  0.08160    0.00431    0.01261    0.00415      0.05932      0.01205      0.00000      0.00000      0.00000      
123700  0.08159    0.00431    0.01260    0.00415      0.05932      0.01203      0.00000      0.00000      0.00000      
123800  0.08159    0.00431    0.01260    0.00415      0.05932      0.01207      0.00000      0.00000      0.00000      
123900  0.08159    0.00431    0.01260    0.00415      0.05932      0.01207      0.00000      0.00000      0.00000      
124000  0.08159    0.00431    0.01260    0.00415      0.05932      0.01206      0.00000      0.00000      0.00000      
124100  0.08159    0.00431    0.01260    0.00415      0.05932      0.01204      0.00000      0.00000      0.00000      
124200  0.08159    0.00431    0.01260    0.00415      0.05932      0.01206      0.00000      0.00000      0.00000      
124300  0.08159    0.00431    0.01260    0.00415      0.05933      0.01203      0.00000      0.00000      0.00000      
124400  0.08158    0.00431    0.01260    0.00415      0.05933      0.01204      0.00000      0.00000      0.00000      
124500  0.08158    0.00431    0.01260    0.00415      0.05932      0.01206      0.00000      0.00000      0.00000      
124600  0.08158    0.00431    0.01259    0.00415      0.05933      0.01207      0.00000      0.00000      0.00000      
124700  0.08158    0.00431    0.01259    0.00415      0.05933      0.01201      0.00000      0.00000      0.00000      
124800  0.08158    0.00431    0.01259    0.00415      0.05932      0.01206      0.00000      0.00000      0.00000      
124900  0.08157    0.00431    0.01259    0.00415      0.05933      0.01206      0.00000      0.00000      0.00000      
125000  0.08157    0.00430    0.01259    0.00415      0.05932      0.01209      0.00000      0.00000      0.00000      
125100  0.08157    0.00430    0.01259    0.00414      0.05933      0.01208      0.00000      0.00000      0.00000      
125200  0.08157    0.00430    0.01259    0.00415      0.05932      0.01205      0.00000      0.00000      0.00000      
125300  0.08157    0.00430    0.01259    0.00415      0.05933      0.01206      0.00000      0.00000      0.00000      
125400  0.08157    0.00430    0.01259    0.00415      0.05933      0.01205      0.00000      0.00000      0.00000      
125500  0.08156    0.00430    0.01258    0.00415      0.05933      0.01202      0.00000      0.00000      0.00000      
125600  0.08156    0.00430    0.01258    0.00415      0.05933      0.01202      0.00000      0.00000      0.00000      
125700  0.08156    0.00430    0.01258    0.00415      0.05933      0.01205      0.00000      0.00000      0.00000      
125800  0.08156    0.00430    0.01258    0.00415      0.05933      0.01203      0.00000      0.00000      0.00000      
125900  0.08156    0.00430    0.01258    0.00415      0.05933      0.01203      0.00000      0.00000      0.00000      
126000  0.08156    0.00430    0.01258    0.00414      0.05933      0.01207      0.00000      0.00000      0.00000      
126100  0.08155    0.00430    0.01258    0.00414      0.05933      0.01202      0.00000      0.00000      0.00000      
126200  0.08155    0.00430    0.01258    0.00415      0.05933      0.01204      0.00000      0.00000      0.00000      
126300  0.08155    0.00429    0.01257    0.00415      0.05933      0.01206      0.00000      0.00000      0.00000      
126400  0.08155    0.00429    0.01257    0.00415      0.05933      0.01206      0.00000      0.00000      0.00000      
126500  0.08155    0.00429    0.01257    0.00415      0.05933      0.01203      0.00000      0.00000      0.00000      
126600  0.08154    0.00429    0.01257    0.00415      0.05933      0.01205      0.00000      0.00000      0.00000      
126700  0.08154    0.00429    0.01257    0.00415      0.05933      0.01205      0.00000      0.00000      0.00000      
126800  0.08154    0.00429    0.01257    0.00415      0.05933      0.01207      0.00000      0.00000      0.00000      
126900  0.08154    0.00429    0.01257    0.00415      0.05933      0.01204      0.00000      0.00000      0.00000      
127000  0.08154    0.00429    0.01257    0.00415      0.05933      0.01206      0.00000      0.00000      0.00000      
127100  0.08154    0.00429    0.01257    0.00415      0.05933      0.01205      0.00000      0.00000      0.00000      
127200  0.08153    0.00429    0.01256    0.00415      0.05933      0.01206      0.00000      0.00000      0.00000      
127300  0.08153    0.00429    0.01256    0.00415      0.05933      0.01206      0.00000      0.00000      0.00000      
127400  0.08153    0.00429    0.01256    0.00415      0.05933      0.01205      0.00000      0.00000      0.00000      
127500  0.08153    0.00429    0.01256    0.00415      0.05933      0.01202      0.00000      0.00000      0.00000      
127600  0.08153    0.00429    0.01256    0.00415      0.05933      0.01207      0.00000      0.00000      0.00000      
127700  0.08153    0.00429    0.01256    0.00415      0.05933      0.01204      0.00000      0.00000      0.00000      
127800  0.08153    0.00428    0.01256    0.00415      0.05933      0.01203      0.00000      0.00000      0.00000      
127900  0.08153    0.00428    0.01256    0.00415      0.05933      0.01206      0.00000      0.00000      0.00000      
128000  0.08152    0.00428    0.01255    0.00415      0.05933      0.01204      0.00000      0.00000      0.00000      
128100  0.08152    0.00428    0.01255    0.00415      0.05933      0.01205      0.00000      0.00000      0.00000      
128200  0.08152    0.00428    0.01255    0.00415      0.05934      0.01205      0.00000      0.00000      0.00000      
128300  0.08152    0.00428    0.01255    0.00415      0.05933      0.01205      0.00000      0.00000      0.00000      
128400  0.08152    0.00428    0.01255    0.00415      0.05933      0.01204      0.00000      0.00000      0.00000      
128500  0.08152    0.00428    0.01255    0.00415      0.05933      0.01202      0.00000      0.00000      0.00000      
128600  0.08152    0.00428    0.01255    0.00415      0.05934      0.01203      0.00000      0.00000      0.00000      
128700  0.08151    0.00428    0.01255    0.00415      0.05934      0.01204      0.00000      0.00000      0.00000      
128800  0.08151    0.00428    0.01255    0.00415      0.05934      0.01205      0.00000      0.00000      0.00000      
128900  0.08151    0.00428    0.01254    0.00415      0.05934      0.01203      0.00000      0.00000      0.00000      
129000  0.08151    0.00428    0.01254    0.00415      0.05934      0.01201      0.00000      0.00000      0.00000      
129100  0.08151    0.00427    0.01254    0.00415      0.05934      0.01203      0.00000      0.00000      0.00000      
129200  0.08151    0.00427    0.01254    0.00415      0.05934      0.01205      0.00000      0.00000      0.00000      
129300  0.08151    0.00427    0.01254    0.00415      0.05934      0.01203      0.00000      0.00000      0.00000      
129400  0.08150    0.00427    0.01254    0.00415      0.05934      0.01203      0.00000      0.00000      0.00000      
129500  0.08150    0.00427    0.01254    0.00415      0.05934      0.01201      0.00000      0.00000      0.00000      
129600  0.08150    0.00427    0.01254    0.00415      0.05934      0.01203      0.00000      0.00000      0.00000      
129700  0.08150    0.00427    0.01253    0.00415      0.05934      0.01206      0.00000      0.00000      0.00000      
129800  0.08150    0.00427    0.01253    0.00415      0.05934      0.01206      0.00000      0.00000      0.00000      
129900  0.08150    0.00427    0.01253    0.00415      0.05934      0.01206      0.00000      0.00000      0.00000      
130000  0.08150    0.00427    0.01253    0.00415      0.05934      0.01201      0.00000      0.00000      0.00000      
130100  0.08149    0.00427    0.01253    0.00415      0.05934      0.01205      0.00000      0.00000      0.00000      
130200  0.08149    0.00427    0.01253    0.00415      0.05934      0.01203      0.00000      0.00000      0.00000      
130300  0.08149    0.00427    0.01253    0.00415      0.05934      0.01204      0.00000      0.00000      0.00000      
130400  0.08149    0.00427    0.01253    0.00415      0.05935      0.01202      0.00000      0.00000      0.00000      
130500  0.08149    0.00427    0.01253    0.00415      0.05934      0.01205      0.00000      0.00000      0.00000      
130600  0.08149    0.00426    0.01252    0.00415      0.05934      0.01206      0.00000      0.00000      0.00000      
130700  0.08148    0.00426    0.01252    0.00415      0.05934      0.01206      0.00000      0.00000      0.00000      
130800  0.08148    0.00426    0.01252    0.00415      0.05935      0.01205      0.00000      0.00000      0.00000      
130900  0.08148    0.00426    0.01252    0.00415      0.05934      0.01205      0.00000      0.00000      0.00000      
131000  0.08148    0.00426    0.01252    0.00415      0.05935      0.01203      0.00000      0.00000      0.00000      
131100  0.08148    0.00426    0.01252    0.00415      0.05935      0.01204      0.00000      0.00000      0.00000      
131200  0.08148    0.00426    0.01252    0.00415      0.05934      0.01206      0.00000      0.00000      0.00000      
131300  0.08148    0.00426    0.01252    0.00415      0.05935      0.01204      0.00000      0.00000      0.00000      
131400  0.08147    0.00426    0.01252    0.00415      0.05935      0.01203      0.00000      0.00000      0.00000      
131500  0.08147    0.00426    0.01252    0.00415      0.05935      0.01202      0.00000      0.00000      0.00000      
131600  0.08147    0.00426    0.01251    0.00415      0.05935      0.01204      0.00000      0.00000      0.00000      
131700  0.08147    0.00426    0.01251    0.00415      0.05934      0.01205      0.00000      0.00000      0.00000      
131800  0.08147    0.00426    0.01251    0.00415      0.05935      0.01205      0.00000      0.00000      0.00000      
131900  0.08147    0.00426    0.01251    0.00415      0.05935      0.01203      0.00000      0.00000      0.00000      
132000  0.08147    0.00426    0.01251    0.00415      0.05934      0.01204      0.00000      0.00000      0.00000      
132100  0.08146    0.00425    0.01251    0.00415      0.05934      0.01205      0.00000      0.00000      0.00000      
132200  0.08146    0.00425    0.01251    0.00415      0.05935      0.01204      0.00000      0.00000      0.00000      
132300  0.08146    0.00425    0.01251    0.00415      0.05935      0.01204      0.00000      0.00000      0.00000      
132400  0.08146    0.00425    0.01251    0.00415      0.05934      0.01203      0.00000      0.00000      0.00000      
132500  0.08146    0.00425    0.01251    0.00415      0.05935      0.01204      0.00000      0.00000      0.00000      
132600  0.08146    0.00425    0.01250    0.00415      0.05934      0.01203      0.00000      0.00000      0.00000      
132700  0.08145    0.00425    0.01250    0.00415      0.05934      0.01204      0.00000      0.00000      0.00000      
132800  0.08145    0.00425    0.01250    0.00415      0.05935      0.01205      0.00000      0.00000      0.00000      
132900  0.08145    0.00425    0.01250    0.00415      0.05934      0.01204      0.00000      0.00000      0.00000      
133000  0.08145    0.00425    0.01250    0.00415      0.05934      0.01204      0.00000      0.00000      0.00000      
133100  0.08145    0.00425    0.01250    0.00415      0.05934      0.01205      0.00000      0.00000      0.00000      
133200  0.08145    0.00425    0.01250    0.00415      0.05934      0.01205      0.00000      0.00000      0.00000      
133300  0.08144    0.00425    0.01250    0.00415      0.05935      0.01205      0.00000      0.00000      0.00000      
133400  0.08144    0.00425    0.01250    0.00415      0.05934      0.01203      0.00000      0.00000      0.00000      
133500  0.08144    0.00425    0.01250    0.00415      0.05934      0.01206      0.00000      0.00000      0.00000      
133600  0.08144    0.00425    0.01250    0.00415      0.05934      0.01205      0.00000      0.00000      0.00000      
133700  0.08144    0.00425    0.01249    0.00415      0.05934      0.01204      0.00000      0.00000      0.00000      
133800  0.08143    0.00424    0.01249    0.00415      0.05934      0.01205      0.00000      0.00000      0.00000      
133900  0.08143    0.00424    0.01249    0.00415      0.05934      0.01204      0.00000      0.00000      0.00000      
134000  0.08143    0.00424    0.01249    0.00415      0.05934      0.01206      0.00000      0.00000      0.00000      
134100  0.08143    0.00424    0.01249    0.00415      0.05934      0.01205      0.00000      0.00000      0.00000      
134200  0.08143    0.00424    0.01249    0.00415      0.05934      0.01204      0.00000      0.00000      0.00000      
134300  0.08143    0.00424    0.01249    0.00415      0.05934      0.01203      0.00000      0.00000      0.00000      
134400  0.08142    0.00424    0.01249    0.00415      0.05934      0.01204      0.00000      0.00000      0.00000      
134500  0.08142    0.00424    0.01249    0.00415      0.05934      0.01204      0.00000      0.00000      0.00000      
134600  0.08142    0.00424    0.01249    0.00415      0.05934      0.01204      0.00000      0.00000      0.00000      
134700  0.08142    0.00424    0.01249    0.00414      0.05935      0.01205      0.00000      0.00000      0.00000      
134800  0.08142    0.00424    0.01248    0.00415      0.05934      0.01204      0.00000      0.00000      0.00000      
134900  0.08142    0.00424    0.01248    0.00415      0.05934      0.01203      0.00000      0.00000      0.00000      
135000  0.08141    0.00424    0.01248    0.00415      0.05934      0.01203      0.00000      0.00000      0.00000      
135100  0.08141    0.00424    0.01248    0.00415      0.05934      0.01202      0.00000      0.00000      0.00000      
135200  0.08141    0.00424    0.01248    0.00415      0.05934      0.01202      0.00000      0.00000      0.00000      
135300  0.08141    0.00424    0.01248    0.00415      0.05934      0.01203      0.00000      0.00000      0.00000      
135400  0.08141    0.00424    0.01248    0.00415      0.05934      0.01204      0.00000      0.00000      0.00000      
135500  0.08140    0.00423    0.01248    0.00415      0.05934      0.01204      0.00000      0.00000      0.00000      
135600  0.08140    0.00423    0.01248    0.00415      0.05934      0.01203      0.00000      0.00000      0.00000      
135700  0.08140    0.00423    0.01248    0.00415      0.05934      0.01201      0.00000      0.00000      0.00000      
135800  0.08140    0.00423    0.01248    0.00415      0.05934      0.01203      0.00000      0.00000      0.00000      
135900  0.08140    0.00423    0.01248    0.00415      0.05934      0.01204      0.00000      0.00000      0.00000      
136000  0.08139    0.00423    0.01247    0.00415      0.05934      0.01203      0.00000      0.00000      0.00000      
136100  0.08139    0.00423    0.01247    0.00415      0.05933      0.01204      0.00000      0.00000      0.00000      
136200  0.08139    0.00423    0.01247    0.00415      0.05933      0.01205      0.00000      0.00000      0.00000      
136300  0.08139    0.00423    0.01247    0.00415      0.05933      0.01203      0.00000      0.00000      0.00000      
136400  0.08139    0.00423    0.01247    0.00415      0.05933      0.01204      0.00000      0.00000      0.00000      
136500  0.08139    0.00423    0.01247    0.00415      0.05933      0.01201      0.00000      0.00000      0.00000      
136600  0.08138    0.00423    0.01247    0.00415      0.05933      0.01203      0.00000      0.00000      0.00000      
136700  0.08138    0.00423    0.01247    0.00415      0.05933      0.01203      0.00000      0.00000      0.00000      
136800  0.08138    0.00423    0.01247    0.00415      0.05933      0.01202      0.00000      0.00000      0.00000      
136900  0.08138    0.00423    0.01247    0.00415      0.05933      0.01202      0.00000      0.00000      0.00000      
137000  0.08137    0.00423    0.01246    0.00415      0.05933      0.01205      0.00000      0.00000      0.00000      
137100  0.08137    0.00423    0.01246    0.00415      0.05933      0.01206      0.00000      0.00000      0.00000      
137200  0.08137    0.00422    0.01246    0.00415      0.05933      0.01203      0.00000      0.00000      0.00000      
137300  0.08137    0.00422    0.01246    0.00415      0.05933      0.01206      0.00000      0.00000      0.00000      
137400  0.08136    0.00422    0.01246    0.00415      0.05933      0.01206      0.00000      0.00000      0.00000      
137500  0.08136    0.00422    0.01246    0.00415      0.05933      0.01205      0.00000      0.00000      0.00000      
137600  0.08136    0.00422    0.01246    0.00415      0.05933      0.01206      0.00000      0.00000      0.00000      
137700  0.08136    0.00422    0.01246    0.00415      0.05933      0.01205      0.00000      0.00000      0.00000      
137800  0.08136    0.00422    0.01246    0.00415      0.05933      0.01207      0.00000      0.00000      0.00000      
137900  0.08136    0.00422    0.01246    0.00415      0.05933      0.01206      0.00000      0.00000      0.00000      
138000  0.08135    0.00422    0.01245    0.00415      0.05932      0.01204      0.00000      0.00000      0.00000      
138100  0.08135    0.00422    0.01245    0.00415      0.05933      0.01205      0.00000      0.00000      0.00000      
138200  0.08135    0.00422    0.01245    0.00415      0.05933      0.01206      0.00000      0.00000      0.00000      
138300  0.08135    0.00422    0.01245    0.00415      0.05933      0.01205      0.00000      0.00000      0.00000      
138400  0.08135    0.00422    0.01245    0.00415      0.05933      0.01205      0.00000      0.00000      0.00000      
138500  0.08135    0.00422    0.01245    0.00415      0.05933      0.01204      0.00000      0.00000      0.00000      
138600  0.08134    0.00422    0.01245    0.00415      0.05933      0.01205      0.00000      0.00000      0.00000      
138700  0.08134    0.00422    0.01245    0.00414      0.05933      0.01208      0.00000      0.00000      0.00000      
138800  0.08134    0.00421    0.01245    0.00414      0.05933      0.01208      0.00000      0.00000      0.00000      
138900  0.08134    0.00421    0.01245    0.00414      0.05933      0.01205      0.00000      0.00000      0.00000      
139000  0.08134    0.00421    0.01245    0.00415      0.05933      0.01205      0.00000      0.00000      0.00000      
139100  0.08134    0.00421    0.01245    0.00415      0.05933      0.01206      0.00000      0.00000      0.00000      
139200  0.08134    0.00421    0.01244    0.00414      0.05933      0.01206      0.00000      0.00000      0.00000      
139300  0.08133    0.00421    0.01244    0.00415      0.05933      0.01205      0.00000      0.00000      0.00000      
139400  0.08133    0.00421    0.01244    0.00415      0.05933      0.01203      0.00000      0.00000      0.00000      
139500  0.08133    0.00421    0.01244    0.00414      0.05933      0.01206      0.00000      0.00000      0.00000      
139600  0.08133    0.00421    0.01244    0.00415      0.05933      0.01206      0.00000      0.00000      0.00000      
139700  0.08133    0.00421    0.01244    0.00415      0.05933      0.01204      0.00000      0.00000      0.00000      
139800  0.08133    0.00421    0.01244    0.00414      0.05933      0.01205      0.00000      0.00000      0.00000      
139900  0.08133    0.00421    0.01244    0.00415      0.05933      0.01203      0.00000      0.00000      0.00000      
140000  0.08133    0.00421    0.01244    0.00414      0.05933      0.01206      0.00000      0.00000      0.00000      
140100  0.08132    0.00421    0.01244    0.00414      0.05933      0.01204      0.00000      0.00000      0.00000      
140200  0.08132    0.00421    0.01244    0.00414      0.05933      0.01207      0.00000      0.00000      0.00000      
140300  0.08132    0.00421    0.01244    0.00414      0.05933      0.01205      0.00000      0.00000      0.00000      
140400  0.08132    0.00421    0.01244    0.00414      0.05933      0.01206      0.00000      0.00000      0.00000      
140500  0.08132    0.00420    0.01243    0.00414      0.05933      0.01206      0.00000      0.00000      0.00000      
140600  0.08132    0.00420    0.01243    0.00414      0.05933      0.01206      0.00000      0.00000      0.00000      
140700  0.08132    0.00420    0.01243    0.00414      0.05933      0.01205      0.00000      0.00000      0.00000      
140800  0.08132    0.00420    0.01243    0.00414      0.05933      0.01207      0.00000      0.00000      0.00000      
140900  0.08131    0.00420    0.01243    0.00414      0.05933      0.01205      0.00000      0.00000      0.00000      
141000  0.08131    0.00420    0.01243    0.00414      0.05933      0.01206      0.00000      0.00000      0.00000      
141100  0.08131    0.00420    0.01243    0.00414      0.05933      0.01207      0.00000      0.00000      0.00000      
141200  0.08131    0.00420    0.01243    0.00414      0.05933      0.01204      0.00000      0.00000      0.00000      
141300  0.08131    0.00420    0.01243    0.00414      0.05933      0.01206      0.00000      0.00000      0.00000      
141400  0.08131    0.00420    0.01243    0.00414      0.05933      0.01206      0.00000      0.00000      0.00000      
141500  0.08130    0.00420    0.01243    0.00414      0.05933      0.01204      0.00000      0.00000      0.00000      
141600  0.08130    0.00420    0.01243    0.00414      0.05933      0.01207      0.00000      0.00000      0.00000      
141700  0.08130    0.00420    0.01242    0.00414      0.05933      0.01208      0.00000      0.00000      0.00000      
141800  0.08130    0.00420    0.01242    0.00414      0.05933      0.01206      0.00000      0.00000      0.00000      
141900  0.08130    0.00420    0.01242    0.00414      0.05933      0.01208      0.00000      0.00000      0.00000      
142000  0.08130    0.00420    0.01242    0.00414      0.05933      0.01207      0.00000      0.00000      0.00000      
142100  0.08130    0.00420    0.01242    0.00414      0.05933      0.01208      0.00000      0.00000      0.00000      
142200  0.08129    0.00420    0.01242    0.00414      0.05933      0.01206      0.00000      0.00000      0.00000      
142300  0.08129    0.00420    0.01242    0.00414      0.05933      0.01206      0.00000      0.00000      0.00000      
142400  0.08129    0.00420    0.01242    0.00414      0.05933      0.01207      0.00000      0.00000      0.00000      
142500  0.08129    0.00420    0.01242    0.00414      0.05933      0.01206      0.00000      0.00000      0.00000      
142600  0.08129    0.00420    0.01242    0.00414      0.05933      0.01204      0.00000      0.00000      0.00000      
142700  0.08129    0.00419    0.01242    0.00414      0.05933      0.01206      0.00000      0.00000      0.00000      
142800  0.08129    0.00419    0.01241    0.00414      0.05933      0.01205      0.00000      0.00000      0.00000      
142900  0.08128    0.00419    0.01241    0.00414      0.05933      0.01205      0.00000      0.00000      0.00000      
143000  0.08128    0.00419    0.01241    0.00414      0.05933      0.01205      0.00000      0.00000      0.00000      
143100  0.08128    0.00419    0.01241    0.00414      0.05933      0.01205      0.00000      0.00000      0.00000      
143200  0.08128    0.00419    0.01241    0.00414      0.05933      0.01206      0.00000      0.00000      0.00000      
143300  0.08128    0.00419    0.01241    0.00414      0.05933      0.01206      0.00000      0.00000      0.00000      
143400  0.08128    0.00419    0.01241    0.00414      0.05934      0.01205      0.00000      0.00000      0.00000      
143500  0.08128    0.00419    0.01241    0.00414      0.05934      0.01204      0.00000      0.00000      0.00000      
143600  0.08128    0.00419    0.01241    0.00414      0.05934      0.01207      0.00000      0.00000      0.00000      
143700  0.08127    0.00419    0.01241    0.00414      0.05934      0.01207      0.00000      0.00000      0.00000      
143800  0.08127    0.00419    0.01241    0.00414      0.05934      0.01203      0.00000      0.00000      0.00000      
143900  0.08127    0.00419    0.01240    0.00414      0.05934      0.01202      0.00000      0.00000      0.00000      
144000  0.08127    0.00419    0.01240    0.00414      0.05934      0.01204      0.00000      0.00000      0.00000      
144100  0.08127    0.00419    0.01240    0.00414      0.05933      0.01206      0.00000      0.00000      0.00000      
144200  0.08127    0.00419    0.01240    0.00414      0.05933      0.01205      0.00000      0.00000      0.00000      
144300  0.08127    0.00419    0.01240    0.00414      0.05934      0.01206      0.00000      0.00000      0.00000      
144400  0.08126    0.00419    0.01240    0.00414      0.05934      0.01205      0.00000      0.00000      0.00000      
144500  0.08126    0.00419    0.01240    0.00414      0.05934      0.01205      0.00000      0.00000      0.00000      
144600  0.08126    0.00419    0.01240    0.00414      0.05934      0.01206      0.00000      0.00000      0.00000      
144700  0.08126    0.00418    0.01240    0.00413      0.05934      0.01206      0.00000      0.00000      0.00000      
144800  0.08126    0.00418    0.01240    0.00413      0.05934      0.01206      0.00000      0.00000      0.00000      
144900  0.08126    0.00418    0.01240    0.00414      0.05934      0.01204      0.00000      0.00000      0.00000      
145000  0.08126    0.00418    0.01240    0.00414      0.05933      0.01206      0.00000      0.00000      0.00000      
145100  0.08126    0.00418    0.01240    0.00414      0.05933      0.01203      0.00000      0.00000      0.00000      
145200  0.08125    0.00418    0.01239    0.00414      0.05934      0.01204      0.00000      0.00000      0.00000      
145300  0.08125    0.00418    0.01239    0.00414      0.05934      0.01204      0.00000      0.00000      0.00000      
145400  0.08125    0.00418    0.01239    0.00413      0.05934      0.01205      0.00000      0.00000      0.00000      
145500  0.08125    0.00418    0.01239    0.00413      0.05933      0.01206      0.00000      0.00000      0.00000      
145600  0.08125    0.00418    0.01239    0.00414      0.05933      0.01206      0.00000      0.00000      0.00000      
145700  0.08125    0.00418    0.01239    0.00414      0.05934      0.01203      0.00000      0.00000      0.00000      
145800  0.08125    0.00418    0.01239    0.00413      0.05934      0.01205      0.00000      0.00000      0.00000      
145900  0.08125    0.00418    0.01239    0.00414      0.05934      0.01204      0.00000      0.00000      0.00000      
146000  0.08124    0.00418    0.01239    0.00413      0.05934      0.01205      0.00000      0.00000      0.00000      
146100  0.08124    0.00418    0.01239    0.00413      0.05934      0.01205      0.00000      0.00000      0.00000      
146200  0.08124    0.00418    0.01239    0.00414      0.05934      0.01204      0.00000      0.00000      0.00000      
146300  0.08124    0.00418    0.01239    0.00414      0.05933      0.01205      0.00000      0.00000      0.00000      
146400  0.08124    0.00418    0.01239    0.00414      0.05933      0.01202      0.00000      0.00000      0.00000      
146500  0.08124    0.00418    0.01239    0.00414      0.05933      0.01204      0.00000      0.00000      0.00000      
146600  0.08124    0.00418    0.01239    0.00414      0.05933      0.01205      0.00000      0.00000      0.00000      
146700  0.08124    0.00418    0.01238    0.00413      0.05933      0.01205      0.00000      0.00000      0.00000      
146800  0.08123    0.00418    0.01238    0.00414      0.05933      0.01204      0.00000      0.00000      0.00000      
146900  0.08123    0.00418    0.01238    0.00414      0.05934      0.01203      0.00000      0.00000      0.00000      
147000  0.08123    0.00418    0.01238    0.00413      0.05934      0.01204      0.00000      0.00000      0.00000      
147100  0.08123    0.00418    0.01238    0.00413      0.05933      0.01206      0.00000      0.00000      0.00000      
147200  0.08123    0.00417    0.01238    0.00413      0.05934      0.01205      0.00000      0.00000      0.00000      
147300  0.08123    0.00417    0.01238    0.00413      0.05934      0.01203      0.00000      0.00000      0.00000      
147400  0.08123    0.00417    0.01238    0.00413      0.05934      0.01206      0.00000      0.00000      0.00000      
147500  0.08123    0.00417    0.01238    0.00413      0.05934      0.01204      0.00000      0.00000      0.00000      
147600  0.08122    0.00417    0.01238    0.00413      0.05934      0.01205      0.00000      0.00000      0.00000      
147700  0.08122    0.00417    0.01238    0.00413      0.05934      0.01206      0.00000      0.00000      0.00000      
147800  0.08122    0.00417    0.01238    0.00413      0.05934      0.01204      0.00000      0.00000      0.00000      
147900  0.08122    0.00417    0.01238    0.00413      0.05934      0.01203      0.00000      0.00000      0.00000      
148000  0.08122    0.00417    0.01237    0.00413      0.05934      0.01205      0.00000      0.00000      0.00000      
148100  0.08122    0.00417    0.01237    0.00413      0.05934      0.01205      0.00000      0.00000      0.00000      
148200  0.08122    0.00417    0.01237    0.00413      0.05934      0.01204      0.00000      0.00000      0.00000      
148300  0.08122    0.00417    0.01237    0.00413      0.05934      0.01204      0.00000      0.00000      0.00000      
148400  0.08121    0.00417    0.01237    0.00413      0.05934      0.01204      0.00000      0.00000      0.00000      
148500  0.08121    0.00417    0.01237    0.00413      0.05934      0.01204      0.00000      0.00000      0.00000      
148600  0.08121    0.00417    0.01237    0.00413      0.05934      0.01205      0.00000      0.00000      0.00000      
148700  0.08121    0.00417    0.01237    0.00413      0.05934      0.01204      0.00000      0.00000      0.00000      
148800  0.08121    0.00417    0.01237    0.00413      0.05934      0.01204      0.00000      0.00000      0.00000      
148900  0.08121    0.00417    0.01237    0.00413      0.05934      0.01205      0.00000      0.00000      0.00000      
149000  0.08121    0.00417    0.01237    0.00413      0.05934      0.01204      0.00000      0.00000      0.00000      
149100  0.08121    0.00417    0.01237    0.00413      0.05934      0.01204      0.00000      0.00000      0.00000      
149200  0.08121    0.00417    0.01237    0.00413      0.05934      0.01203      0.00000      0.00000      0.00000      
149300  0.08121    0.00417    0.01236    0.00413      0.05934      0.01201      0.00000      0.00000      0.00000      
149400  0.08121    0.00417    0.01236    0.00413      0.05934      0.01203      0.00000      0.00000      0.00000      
149500  0.08120    0.00417    0.01236    0.00413      0.05935      0.01202      0.00000      0.00000      0.00000      
149600  0.08120    0.00417    0.01236    0.00413      0.05934      0.01201      0.00000      0.00000      0.00000      
149700  0.08120    0.00416    0.01236    0.00413      0.05934      0.01204      0.00000      0.00000      0.00000      
149800  0.08120    0.00416    0.01236    0.00413      0.05934      0.01201      0.00000      0.00000      0.00000      
149900  0.08120    0.00416    0.01236    0.00413      0.05934      0.01202      0.00000      0.00000      0.00000      
150000  0.08120    0.00416    0.01236    0.00413      0.05935      0.01202      0.00000      0.00000      0.00000      
