-0.646164 -0.622728 -1.31231 0.070941 0.0224292 0.402101 -0.685661 -0.704488 -1.39706 0.0991206 0.0228666 0.36368
-0.669249 -0.581111 -1.05313 -0.194637 -0.0497794 0.0817242 -0.748935 -0.630229 -1.12174 -0.157624 -0.0306882 0.134698
0.205733 0.744673 0.710934 -0.0162742 0.0340295 -0.00689884 0.159107 0.698468 0.809406 0.0448354 -0.0385436 -0.00630943
0.317689 0.69018 0.633019 0.00154149 -0.141871 -0.153151 0.304374 0.673121 0.575784 0.0532288 -0.194038 -0.152074
-0.755189 -0.113855 -0.697622 0.271239 0.236453 -0.17367 -0.714974 -0.175703 -0.759098 0.287274 0.250143 -0.203946
-0.272545 -0.419219 -0.4922 0.00608418 -0.0307914 -0.17863 -0.455137 -0.610913 -0.511169 -0.00344795 -0.056249 -0.158998
-0.060099 -0.161532 0.204128 0.246677 -0.0669318 -0.178017 -0.00415062 -0.294391 0.208348 0.204717 -0.0931721 -0.191517
-0.636804 -0.907864 -0.062984 -0.0529632 0.120496 0.10676 -0.724903 -0.971191 -0.188416 -0.0341681 0.105419 0.0687992
-0.0289495 -0.373117 0.124534 0.228041 -0.196951 0.121868 -0.0372406 -0.415238 0.199142 0.238196 -0.178773 0.134383
0.361043 0.710746 0.271848 0.116435 -0.0184832 -0.310582 0.334189 0.680225 0.27501 0.0854837 -0.0184481 -0.268582
0.51362 0.543641 -0.0314918 -0.104448 -0.0610501 0.105109 0.618233 0.576986 -0.00710504 -0.0544265 -0.0196144 0.11901
-0.865494 -0.965324 -0.890259 -0.155756 0.0480966 -0.232219 -0.812823 -0.895892 -0.845516 -0.112702 0.0520864 -0.247362
0.418589 0.487422 0.945417 -0.0854661 0.224989 -0.0598651 0.280902 0.493465 0.714784 -0.12403 0.262121 -0.0254754
-0.608459 -0.228984 0.451705 0.185853 0.11222 0.0708807 -0.574136 -0.271867 0.357303 0.231222 0.0721236 0.0274258
-0.55526 0.00656853 -0.0619498 0.0140117 -0.177959 0.0969693 -0.534713 0.0215652 -0.0588751 -0.0267998 -0.190722 0.0673487
-0.599917 -0.885708 -0.448921 -0.0797548 0.126289 -0.0583171 -0.54232 -0.848794 -0.540786 -0.121071 0.110572 -0.0670451
0.597112 0.397193 0.491112 -0.0405227 -0.238394 -0.252869 0.518963 0.363964 0.484261 -0.0543828 -0.167096 -0.176522
0.271301 0.841065 0.359799 0.0523152 0.219222 0.0892905 0.303265 0.840278 0.333263 0.085929 0.216033 0.0526772
0.267421 -0.384802 0.25643 0.135759 -0.00395936 0.0814038 0.331286 -0.41298 0.2143 0.0892507 0.0830845 0.146258
-0.505686 -0.502701 -0.36744 0.0995927 0.0721084 0.0140453 -0.564515 -0.387218 -0.392162 0.0949192 0.0492795 0.0355486
-0.272706 -0.328215 -0.27232 -0.0456854 -0.0122138 0.00226762 -0.220038 -0.341645 -0.26545 -0.064171 0.00138438 -0.031396
0.127966 -0.252706 0.130852 -0.0341187 0.141175 0.13081 0.0987823 -0.375944 0.0559061 -0.0717439 0.121855 0.103589
-1.06452 -0.80571 -0.565563 0.0248732 0.117456 -0.118954 -1.20279 -0.853675 -0.47675 0.0106724 0.0916244 -0.0993766
-0.43815 -0.326318 -0.114528 -0.0783336 0.0229064 0.177117 -0.37829 -0.436747 -0.23337 -0.0242304 0.0644022 0.162542
-0.126701 0.134224 -0.571335 0.152424 0.0413846 -0.341238 -0.201407 0.0444138 -0.693243 0.172113 0.0426139 -0.331101
0.0685168 0.767233 -0.333511 0.328451 -0.00852711 -0.16052 0.0606121 0.76285 -0.356436 0.278489 0.0139615 -0.117009
-0.709704 -0.912804 -0.244334 -0.024672 -0.367057 0.123818 -0.759938 -0.969305 -0.376869 -0.0297219 -0.317206 0.0911086
-1.04046 -0.912067 -1.05513 0.00197104 0.171454 -0.00820018 -0.978924 -0.936654 -1.14901 -0.018664 0.150673 -0.0259182
-1.62817 -1.04912 -1.18577 -0.15121 0.106701 0.28986 -1.59772 -1.12014 -1.21522 -0.131212 0.0902856 0.264899
-0.950478 -0.0752181 -0.323345 0.218538 0.155489 0.255047 -0.970561 -0.178071 -0.344135 0.197785 0.167866 0.305746
0.216517 0.240787 -0.454696 0.0385175 -0.0432329 -0.00460536 -0.0280348 0.321427 -0.599076 0.0201896 -0.0396255 -0.0410157
0.231318 -0.376429 -0.190507 -0.16725 -0.286037 0.0939379 0.210688 -0.395573 -0.263725 -0.196022 -0.334608 0.111123
-0.817841 -0.22059 -0.395898 -0.0311279 -0.287619 0.157812 -0.784586 -0.348601 -0.376695 -0.0267666 -0.24437 0.118906
-0.281405 -0.00811926 0.0813183 -0.0918573 0.10565 0.0597284 -0.254786 0.0808706 0.0447375 -0.193003 0.0925419 0.0916627
-0.464353 0.274734 0.0509498 0.236216 -0.29673 0.00509071 -0.588999 0.226182 -0.0314366 0.207985 -0.243581 -0.0201204
-1.25918 -1.13462 -0.87981 -0.134289 -0.0240703 -0.176512 -1.21883 -1.17685 -0.876925 -0.0936554 -0.0173674 -0.163853
-0.779598 -0.578775 -0.467359 0.419504 -0.446556 -0.0386692 -0.922306 -0.576018 -0.54665 0.455375 -0.355753 -0.0343437
-0.491734 0.399566 -0.324915 -0.145932 0.151849 -0.00959481 -0.470957 0.257338 -0.461632 -0.186346 0.206775 -0.00792174
0.426817 0.151717 -0.0642932 -0.329624 -0.149463 0.307632 0.401269 0.124475 -0.0152092 -0.355093 -0.0812596 0.343354
0.246375 0.135904 0.474486 0.078562 0.146491 0.203253 0.0923797 0.0897898 0.434091 0.0303319 0.101333 0.168343
-0.323133 -0.360131 0.0403466 -0.099714 -0.0207618 0.184088 -0.381669 -0.433663 0.0668788 -0.186915 -0.0291664 0.150793
0.600889 0.455927 0.654437 0.194761 -0.365762 0.197597 0.560837 0.456476 0.682822 0.168458 -0.333733 0.204455
0.719747 0.361545 0.891621 0.0546082 0.250389 -0.217331 0.717229 0.24886 0.958525 0.0408752 0.274845 -0.276161
-0.192259 -0.477624 -0.213408 -0.345322 -0.113203 0.20072 -0.165916 -0.519573 -0.233859 -0.334655 -0.126636 0.131151
-0.227888 -0.0978383 -0.0294149 -0.0116022 0.00520211 -0.22209 -0.254445 -0.252677 -0.153819 -0.0162851 0.0162025 -0.203967
-1.19943 -1.07073 -1.11408 -0.149186 0.0280417 0.0415886 -1.22619 -0.943457 -1.16993 -0.165874 0.0506261 0.0414654
-0.765691 -0.40539 -0.688144 0.0195843 0.191022 0.184809 -0.704031 -0.456762 -0.68851 0.024935 0.171286 0.193534
-0.821509 -0.671923 -1.04421 0.129695 -0.0289184 -0.0739624 -0.779172 -0.680567 -0.988461 0.116272 -0.0338545 -0.0526209
-0.416362 -0.37599 -0.717623 -0.131282 -0.0202115 -0.177683 -0.487294 -0.437747 -0.674079 -0.158925 -0.0258359 -0.188293
-0.0786381 -0.174861 0.0139106 -0.0941101 -0.0790013 -0.163036 -0.0696328 -0.266419 -0.0665489 -0.0246306 -0.119938 -0.138306
-0.360187 -0.386793 0.257494 0.0225527 -0.0265767 0.210887 -0.471688 -0.412118 0.149323 0.0448387 -0.039803 0.202065
-0.533645 -0.489072 0.0727591 -0.110745 0.0783112 -0.15187 -0.645291 -0.566504 0.0392381 -0.00322511 0.0346639 -0.0813323
-0.257993 0.293483 0.210293 -0.225346 -0.0163102 0.0919623 -0.275277 0.359667 0.185236 -0.203293 -0.0429876 0.116769
0.240736 0.6447 0.396152 0.0770871 0.179021 -0.223912 0.293315 0.550665 0.359293 0.0762611 0.202064 -0.257901
-0.22526 -0.173038 -0.144648 0.114519 0.00733045 0.14314 -0.266641 -0.187508 -0.243986 0.119255 0.033602 0.19984
0.612895 0.332354 0.651599 0.102024 -0.22742 -0.197905 0.583548 0.234955 0.710675 0.0766074 -0.255443 -0.22945
-0.345011 -0.261102 -0.395569 -0.0197812 0.081752 0.149812 -0.34346 -0.271933 -0.377001 0.0126659 0.102807 0.116051
-0.171537 0.200471 -0.266351 -0.00494039 0.0745698 -0.0262228 -0.197021 0.193643 -0.210807 0.0518377 0.0335564 -0.0292203
-0.723325 -0.131746 -0.361554 0.0892912 -0.0413458 -0.00708145 -0.826537 -0.134764 -0.351793 0.0617194 0.0126371 0.027157
-0.907632 -0.972233 -0.860002 0.139172 -0.097021 -0.118816 -1.01602 -1.06819 -0.880291 0.136467 -0.116354 -0.139622
0.0530309 0.177132 -0.402926 -0.0104648 -0.0282354 -0.136787 0.00804535 0.181515 -0.391428 0.0139773 -0.0418103 -0.166254
-0.645999 -1.00314 -1.13545 -0.0338391 -0.256531 -0.113912 -0.68361 -1.00153 -1.17467 -0.0716623 -0.303486 -0.0587671
0.368777 -0.0057582 -0.00273421 -0.233021 -0.0718254 -0.503752 0.388637 -0.0171548 -0.170294 -0.172395 -0.0793456 -0.559177
-0.319404 -0.373401 -0.142955 -0.329291 -0.324239 0.0607748 -0.296316 -0.400153 -0.16847 -0.379172 -0.363364 0.0656301
-0.499644 -0.653413 -0.631659 0.0839289 -0.00984305 -0.00552945 -0.542701 -0.676051 -0.663959 0.130157 -0.0382981 -0.0462506
-0.30205 -0.313635 -0.0737463 -0.0796453 -0.018059 -0.264684 -0.211189 -0.319578 -0.160938 -0.0537912 -0.0150804 -0.257065
-0.271 -0.222628 -0.123553 -0.0299464 0.176609 0.150843 -0.315366 -0.182602 -0.143602 -0.014924 0.218383 0.091093
0.504856 0.287176 0.556695 0.249414 -0.0765162 -0.105079 0.48801 0.275256 0.486386 0.261982 -0.0796191 -0.0934472
0.711624 0.268875 0.794541 -0.00608331 0.052367 -0.174088 0.649258 0.318151 0.706679 -0.0490177 0.0575957 -0.155522
-1.16908 -0.71981 -0.930584 -0.174039 -0.195166 0.0336842 -1.1768 -0.70187 -0.957696 -0.143725 -0.221575 0.0857508
-0.926945 -0.175563 -0.378175 0.0320991 -0.270814 -0.0470758 -0.912473 -0.231976 -0.411675 0.0365012 -0.272853 0.0187346
0.431416 -0.461405 0.020187 -0.0577916 -0.193333 -0.0400091 0.427114 -0.472141 0.153994 -0.10514 -0.16017 -0.000512056
-0.106496 -0.346602 -0.684721 0.0300569 0.0994934 0.209142 -0.247058 -0.468456 -0.71395 0.00275561 0.0679962 0.180379
-0.635848 -0.152624 0.073143 0.118442 -0.157349 -0.0149836 -0.638632 -0.165205 0.0325502 0.133382 -0.17095 0.00712996
0.628542 0.0654364 0.335836 -0.257594 0.0918777 0.229587 0.521674 0.0452609 0.299113 -0.269815 0.112338 0.212935
0.833301 0.103743 0.578375 -0.261733 0.00477616 -0.00743115 0.684085 0.0349482 0.610027 -0.351761 0.0158892 -0.104563
-0.57636 -0.610805 -0.566393 -0.00496871 -0.00614377 0.16154 -0.651289 -0.648332 -0.580146 -0.0304435 0.041032 0.201476
-0.457495 -0.500061 -0.167341 0.0467684 -0.0614616 0.222 -0.441524 -0.389518 -0.144436 0.0726154 -0.0689342 0.195985
0.287023 0.6189 -0.22576 -0.0617696 0.263042 0.074897 0.287326 0.56684 -0.189758 -0.0876591 0.284973 0.055348
-0.820705 -0.186659 -0.632956 0.0694009 -0.199009 0.134478 -0.93363 -0.136495 -0.628051 0.0393614 -0.204332 0.0982476
0.304318 0.252073 0.496606 -0.0711515 0.222433 0.113517 0.298563 0.219383 0.514444 -0.081786 0.166708 0.127247
-0.897274 -0.828259 -0.66471 0.336998 -0.0399647 -0.21421 -0.930811 -0.827993 -0.700652 0.362912 -0.00395381 -0.239168
-0.0803738 -0.228327 -0.014245 -0.134993 -0.100848 -0.0156209 -0.088837 -0.226025 0.0228897 -0.109325 -0.115139 0.0391714
0.0342882 0.099383 0.616241 0.14561 0.10857 0.0507398 0.0110252 0.0411705 0.47167 0.160809 0.137259 0.0223788
0.917324 0.764306 1.03991 -0.0869915 -0.151033 0.0736998 0.854415 0.818722 0.99168 -0.0654126 -0.195113 0.0344624
-0.449815 -0.0566436 -0.77002 -0.159296 0.0797303 -0.0607532 -0.438582 -0.0256547 -0.780684 -0.183096 0.109609 -0.0662116
0.335025 0.288306 0.10418 0.0687583 0.0305873 0.228288 0.322945 0.300351 -0.105756 0.203258 0.0547441 0.216891
0.844215 0.725412 1.12028 -0.156808 0.181867 -0.217488 0.671273 0.658319 1.14593 -0.117474 0.238593 -0.261707
-0.368977 -0.506502 0.0344125 -0.0152796 -0.0651456 0.289508 -0.436517 -0.502622 -0.0880463 -0.00367849 -0.0432586 0.273487
-0.665507 -0.775389 -0.877838 -0.078573 0.0268008 -0.281686 -0.788117 -0.791953 -0.916052 -0.0589616 0.0726586 -0.335905
-1.0854 -1.2602 -1.33902 0.0356647 0.22204 -0.18036 -1.15101 -1.31932 -1.37786 0.0219833 0.221924 -0.210395
-1.27164 -0.706567 -0.60776 0.0799397 -0.126195 0.0712572 -1.26767 -0.757945 -0.659207 0.0735503 -0.114168 0.12101
0.649005 -0.246203 -0.139909 -0.172967 0.0435777 0.36959 0.452175 -0.353008 -0.286789 -0.166036 0.0207016 0.32575
-0.170216 -0.00538896 -0.35143 0.0789965 -0.22341 -0.101727 -0.131721 -0.0767906 -0.348327 0.110416 -0.199484 -0.0474002
-0.518724 -0.388661 -0.368971 0.108366 0.0618686 0.0381129 -0.611389 -0.4767 -0.339962 0.119922 0.0502286 0.00689741
0.344262 0.148372 0.611075 0.0519369 -0.0743584 -0.0409268 0.395512 0.0943064 0.536183 0.0750405 -0.0763185 -0.0645195
0.133691 0.563197 0.527056 0.125587 -0.184794 0.314071 0.0368733 0.496101 0.395744 0.194835 -0.160952 0.33919
0.209361 -0.129358 0.0863664 -0.129353 0.0675051 0.0771195 0.156335 -0.28678 -0.0389743 -0.166641 0.0984075 0.0945382
-0.546066 -1.27878 -1.03399 0.148341 -0.101703 -0.0476426 -0.511322 -1.23461 -0.991721 0.16117 -0.0548042 -0.0607652
-0.552168 -0.260142 0.168366 0.15218 0.276481 -0.0906864 -0.652368 -0.19812 0.133135 0.20964 0.320621 -0.0612481
0.0755735 -0.192329 -0.0994286 -0.126853 -0.0833117 -0.00326242 0.0508182 -0.208248 -0.122589 -0.127713 -0.105869 -0.0253414
-0.0417488 0.353778 0.588624 0.0877103 0.0258074 0.0235104 -0.0578172 0.363567 0.57997 0.0626592 0.065366 0.0115612
-0.411733 0.0610221 -0.620241 -0.112078 0.184016 0.0734334 -0.484453 0.0580408 -0.516866 -0.125235 0.179223 0.032089
-0.272924 -0.415089 -0.522694 0.0139722 -0.0745133 -0.0267581 -0.283185 -0.44974 -0.513656 -0.0753208 -0.0855786 -0.0748914
-0.675156 -1.29418 -0.866265 0.0337457 -0.135258 -0.0823782 -0.574716 -1.32466 -0.974909 -0.0675193 -0.0871188 -0.0853642
-0.322587 0.279717 0.387584 0.26125 0.346942 0.0592072 -0.412429 0.362251 0.161728 0.224784 0.368914 -0.0293808
0.0361376 -0.568135 -0.291506 -0.0590219 0.219029 0.17498 -0.0179886 -0.585077 -0.354375 -0.120428 0.172137 0.150541
-0.131528 -0.492556 -0.470136 -0.0566087 -0.109895 -0.213764 -0.216885 -0.57594 -0.428184 -0.0857642 -0.129313 -0.215937
-1.27468 -1.18809 -1.35635 -0.245928 0.00912012 0.0395301 -1.24793 -1.25279 -1.39605 -0.193542 0.032902 0.060223
0.78874 0.299478 0.491285 0.22513 -0.177544 -0.222457 0.862662 0.369401 0.357892 0.170504 -0.254896 -0.250502
-0.439087 -0.717188 -0.0895247 -0.0735328 0.157647 -0.022375 -0.417253 -0.672887 -0.020009 -0.105648 0.144904 -0.0165888
0.123159 -0.231278 -0.308232 -0.192057 -0.0273271 0.0240513 0.0850667 -0.254523 -0.352049 -0.174772 -0.000445712 0.0573466
-0.843202 -0.789614 -1.27585 -0.212735 0.177613 -0.283087 -0.925213 -0.824967 -1.2737 -0.139461 0.183197 -0.273449
-0.328297 -0.661951 -0.425723 0.214291 -0.149606 0.117311 -0.297578 -0.749453 -0.388694 0.214705 -0.102483 0.144144
-0.558021 -0.181455 -0.299733 0.115534 -0.205981 0.0770541 -0.63003 -0.211016 -0.503412 0.111763 -0.239531 0.136781
1.01363 0.320456 0.00562162 0.184074 -0.0605548 0.250398 1.04578 0.273333 -0.134146 0.203387 -0.0609824 0.269989
-0.0148279 -0.166995 -0.296584 0.324911 0.117345 -0.0108107 0.0311415 -0.160569 -0.325454 0.255217 0.0903277 -0.0346692
-0.192158 -0.467544 -0.214234 0.00628707 -0.00480053 0.19264 -0.281302 -0.508791 -0.332735 -0.00492347 -0.030052 0.157634
-0.637191 -0.0760144 0.0858544 0.0124029 -0.293049 0.198302 -0.684261 -0.216805 -0.0225463 0.0675659 -0.292037 0.242099
-0.190575 -0.893233 -0.455054 0.207953 -0.0387905 0.0718518 -0.324864 -0.931372 -0.601516 0.222583 -0.0417811 0.0711029
0.369319 0.158724 0.243575 -0.125066 -0.033475 -0.274607 0.502364 0.0259714 0.244644 -0.165783 -0.0280104 -0.271253
-0.649358 -0.268815 -0.296484 0.196159 -0.103187 0.0798302 -0.608411 -0.340371 -0.35957 0.182927 -0.12032 0.0562533
0.0699775 -0.246532 -0.235923 0.0499827 -0.0482669 -0.0247826 -0.0361797 -0.306992 -0.252543 0.0411698 0.00040354 -0.028476
-0.099981 -0.119204 -0.177917 -0.264097 0.238776 -0.000118122 -0.13641 -0.243189 -0.272106 -0.273396 0.205412 0.0270111
-0.0549122 0.253109 0.229206 -0.0248865 -0.0118359 -0.0533369 -0.178197 0.113285 0.209435 0.0395784 -0.0599634 -0.032939
-0.30877 0.136089 0.0244549 -0.00236374 0.0713932 0.19827 -0.416591 0.096342 0.051039 -0.0414498 0.0655262 0.193371
-1.30022 -0.242865 -0.745552 0.154044 -0.0434574 -0.0915065 -1.29935 -0.26666 -0.800544 0.119022 -0.0175452 -0.0725918
-0.368073 -0.462105 -0.398751 -0.332472 -0.00356239 -0.0173268 -0.428254 -0.462039 -0.482333 -0.31341 -0.0122515 0.0208063
-0.0281977 -0.313413 -0.643383 -0.230886 -0.140565 -0.0116239 -0.0818692 -0.36089 -0.777103 -0.23927 -0.153034 0.012329
-0.356643 -0.388217 -0.672585 0.249136 -0.139595 -0.068444 -0.388255 -0.369528 -0.685534 0.274811 -0.124067 -0.0843124
-1.08078 -1.2118 -0.740108 -0.0475564 -0.106796 -0.0419408 -1.00929 -1.23697 -0.724584 -0.0903854 -0.105981 -0.0741204
-1.10096 -0.823324 -0.557627 -0.0828146 -0.121831 0.0856832 -1.06466 -0.807319 -0.569443 -0.0916861 -0.0694331 -0.00865123
-0.0300395 -0.271223 -0.172799 -0.0241063 -0.212964 -0.0735379 -0.12175 -0.248272 -0.279983 -0.053095 -0.252373 -0.10777
0.334605 0.0610697 0.270831 0.0159564 0.0184578 0.0532799 0.37907 0.0963136 0.231336 0.0337167 0.0872519 0.0160315
-0.0834418 0.0521504 0.242906 0.225799 0.127193 -0.200922 -0.0911077 0.127856 0.18242 0.258936 0.134857 -0.19368
-0.857525 -0.711911 -0.62128 -0.0235122 0.116793 -0.0397429 -0.937171 -0.698127 -0.68503 0.0476033 0.0783143 -0.0671174
-1.09211 -0.833194 -0.866222 -0.236334 -0.0393976 0.089089 -1.13877 -0.861724 -0.7898 -0.239797 -0.0617577 0.0534061
0.427994 -0.00364719 0.288522 0.0241143 -0.0323865 -0.202587 0.398054 0.0111782 0.290826 0.0035561 -0.0337787 -0.245973
-0.00544 0.0342432 0.169582 0.0995057 0.0520139 -0.187873 -0.0195605 -0.0499919 0.14301 0.125077 0.0438534 -0.25724
-0.26365 0.134498 0.0298373 -0.250461 0.192958 -0.201565 -0.260353 0.0798703 -0.0782552 -0.281975 0.193397 -0.256786
0.0978156 -0.216948 0.0188024 -0.164047 -0.157003 -0.122915 0.0399949 -0.335085 0.111963 -0.185025 -0.168099 -0.166536
-0.741229 -0.537984 -0.431766 -0.243289 0.0667724 -0.17027 -0.773896 -0.637359 -0.46336 -0.231355 0.019299 -0.139728
-0.823913 -0.901312 -0.581456 -0.277236 0.400965 -0.232475 -0.800281 -1.22093 -0.53764 -0.291932 0.38577 -0.298626
-1.18688 -0.835375 -0.883657 -0.0921411 0.342187 -0.585689 -1.14971 -1.06583 -0.747143 -0.0971115 0.434085 -0.646595
0.276773 0.226532 -0.203144 0.0600354 -0.240032 -0.316539 0.312977 -0.0418976 -0.129133 0.0929706 -0.198815 -0.372217
-0.120048 -0.1721 0.00811858 -0.331737 0.0199851 0.0838529 -0.167914 -0.368589 0.0233814 -0.345109 -0.000131239 0.102859
0.0634914 -0.418525 -0.551094 -0.22516 -0.0759243 -0.328711 0.127779 -0.619136 -0.647603 -0.287416 -0.066977 -0.400097
-0.29507 -1.09179 -0.104898 0.0254829 0.228562 -0.195 -0.270042 -1.31831 0.0839073 0.0113831 0.308901 -0.284699
0.0324264 0.146616 0.0422845 -0.248216 -0.205416 0.404161 -0.1869 -0.0413533 0.198632 -0.247559 -0.163216 0.382599
-0.278143 -0.537731 -0.964983 0.00339681 0.369501 0.462535 -0.218812 -0.658766 -0.855837 0.0367542 0.360494 0.434299
-0.753422 0.235673 0.0550704 0.189299 -0.208412 0.265121 -0.909962 0.206059 0.141187 0.199765 -0.210765 0.23328
0.570878 0.641737 0.387971 -0.098538 -0.374215 -0.0881006 0.589322 0.513642 0.261291 -0.0732496 -0.393674 -0.089094
-0.0810998 -0.197127 -0.385717 0.243924 -0.250142 0.146553 -0.0774109 -0.333918 -0.494454 0.231867 -0.194569 0.0189549
-0.139016 -0.283144 -0.333057 -0.242962 -0.200178 0.136241 0.0392937 -0.468595 -0.206983 -0.263504 -0.142543 0.125815
-0.0692733 -1.10648 -0.803313 -0.0522862 -0.176745 0.0322766 -0.0619319 -1.3593 -0.864248 -0.0259842 -0.220237 0.0336491
-1.14604 -1.2379 -0.900138 -0.180314 0.0310582 -0.0586232 -1.08431 -1.46426 -0.923054 -0.190161 0.0857554 -0.0458245
-0.340697 -0.372486 -0.950199 -0.0573061 0.101965 0.00311551 -0.153495 -0.507721 -0.940652 -0.11222 0.0758444 -0.0134045
-0.369182 -0.0314689 -0.390753 0.212608 0.100832 -0.253022 -0.357725 -0.135422 -0.433295 0.195713 0.105644 -0.251726
-0.422853 -0.623922 -0.115282 0.243842 0.0521309 0.176192 -0.479841 -0.843434 -0.0741576 0.282615 0.0414926 0.149735
0.688087 0.428828 0.306791 -0.0334676 -0.0290285 -0.419195 0.825237 0.234782 0.446627 -0.0855041 -0.0490877 -0.436019
-1.65093 -0.95165 -1.24924 0.0558307 0.411 0.085224 -1.59495 -1.00869 -1.34324 0.0836026 0.396867 0.0881464
-0.270776 -0.898196 -0.591483 0.0146002 0.0810906 -0.0288679 -0.159738 -0.963609 -0.561018 0.0150231 0.105087 -0.0405944
0.215671 -0.0661786 0.58763 -0.00605636 -0.0609181 0.225698 0.225532 -0.315625 0.681108 -0.0461658 -0.028319 0.182553
-0.223346 0.204281 0.127376 -0.220171 -0.287248 0.307257 -0.190081 0.242964 0.107878 -0.208337 -0.268393 0.303725
-0.513572 -0.412604 -0.284237 -0.35224 -0.0971196 0.250833 -0.439529 -0.769118 0.0287926 -0.314442 -0.0776985 0.219914
-1.14615 -0.868327 -1.18261 0.17544 0.0503862 -0.274396 -1.12736 -1.02415 -1.03906 0.157078 0.149143 -0.313152
0.241072 -0.755056 -0.405736 -0.0285711 -0.229174 -0.264594 0.294226 -1.07986 -0.417028 -0.083096 -0.273723 -0.226024
0.807693 0.527963 0.347135 -0.0141412 0.0205553 0.387981 0.838696 0.28784 0.264581 -0.152694 0.0160323 0.340309
-0.319193 -1.1649 -0.804142 0.00279109 -0.251533 -0.0175437 -0.403856 -1.36581 -0.773414 -0.0185355 -0.203043 0.0422605
-0.0841856 0.0606566 -0.293284 -0.000646091 0.0614188 0.397115 -0.142148 0.0233341 -0.113432 0.0124024 0.0652667 0.360057
0.0622414 0.0909979 -0.404994 -0.0509242 0.0132857 0.108343 0.127022 -0.245129 -0.503739 -0.0440662 -0.0438036 0.185407
-0.735611 -0.574059 -0.301587 -0.00125211 -0.0218263 0.0822427 -0.818301 -0.696045 -0.118121 0.0163217 -0.120664 0.174118
-0.421719 -0.286672 -0.209204 -0.168056 -0.0654474 0.112722 -0.539374 -0.352256 -0.122165 -0.15881 -0.0669359 0.0891415
-0.0543032 0.322197 0.351544 0.276877 -0.249696 0.275076 -0.19368 0.145195 0.372318 0.295777 -0.251633 0.247841
-0.406771 -0.573439 -0.682268 -0.0328641 0.00846855 0.234041 -0.497269 -0.755986 -0.689138 -0.0651761 -0.013 0.218996
-0.953744 -1.41904 -0.996954 -0.127415 0.00285991 0.0728163 -0.975525 -1.43743 -1.10825 -0.15427 0.00721032 0.0692881
-0.407689 -0.29978 -0.197527 -0.0527853 -0.197182 -0.0227382 -0.554258 -0.284905 -0.282426 -0.0564804 -0.19955 -0.0184615
-0.192434 -0.633605 -0.744371 0.299975 -0.0369449 0.256238 -0.104231 -0.632577 -0.83088 0.305767 -0.0129193 0.310796
0.124568 0.0855164 0.124179 0.0369876 0.166131 0.0558017 -0.0275401 -0.0975079 -0.00587088 0.0924799 0.18233 0.0854412
0.0481895 -0.423642 -0.510797 0.22494 0.0279426 0.0642471 0.064461 -0.530426 -0.562819 0.180702 0.0190417 0.0142643
0.485275 0.397335 0.137197 0.162417 0.108691 0.138461 0.481263 0.257183 0.0378506 0.132589 0.0979647 0.18953
0.064961 0.3033 -0.160628 -0.225839 -0.0408197 -0.1569 -0.00560715 0.420575 -0.425541 -0.183064 -0.0172064 -0.172479
-0.379083 -0.0315646 -0.220743 -0.0646494 -0.0511484 -0.0724828 -0.464251 -0.0585138 -0.297278 0.000957365 -0.0435128 -0.0356685
0.381706 1.07244 0.352744 -0.335851 -0.133471 -0.200983 0.238482 0.859161 0.20066 -0.322448 -0.0647284 -0.27757
0.445273 0.278713 0.287539 0.197573 -0.0162917 -0.286884 0.328185 0.393717 0.162638 0.194672 -0.0207868 -0.251709
0.00928572 -0.116162 0.0513569 0.0534015 0.0348862 0.0702611 -0.114191 -0.292674 0.0797085 0.0316656 0.058983 0.0791372
1.20486 0.862944 1.10392 -0.24103 0.254688 -0.222532 1.18106 0.770459 1.00231 -0.253827 0.231537 -0.233119
0.0402733 -0.214029 -0.0881542 0.0637386 0.110346 -0.134328 0.160156 -0.501874 -0.2357 0.000850484 0.093865 -0.128253
0.221357 0.534979 0.517793 -0.137654 0.037137 -0.127667 0.150804 0.448623 0.458069 -0.170745 0.0359851 -0.173424
-0.668652 -0.650691 -0.443725 -0.0971553 -0.189764 -0.0138386 -0.711706 -0.747174 -0.37103 -0.141124 -0.20747 -0.0206113
-0.570071 -0.047611 -0.404654 -0.184131 -0.144286 0.00647737 -0.686024 -0.153491 -0.459652 -0.183236 -0.188369 0.10664
-0.119932 -0.517967 -0.522454 0.310683 -0.11624 -0.246699 -0.152689 -0.578479 -0.540094 0.328154 -0.20071 -0.121691
-0.358443 0.151897 0.287413 -0.269187 -0.160584 0.0214759 -0.437329 0.217468 0.278596 -0.291789 -0.221653 0.199862
-0.101456 -0.088641 0.00021436 0.285779 0.00666658 -0.00633853 -0.166496 -0.324721 0.123359 0.303 -0.0468207 -0.0645243
-0.141357 -0.0969178 -0.681348 -0.179482 -0.105313 0.0522578 -0.244117 -0.254157 -0.614734 -0.177901 -0.0705753 0.0811855
-0.155073 0.280554 -0.332421 -0.277538 0.115129 -0.123333 -0.223487 0.0718634 -0.40841 -0.246952 0.181313 -0.0532031
-0.827781 -0.863839 -0.188331 -0.138517 -0.180116 0.124966 -0.779749 -1.09814 -0.156387 -0.0935597 -0.11355 0.0730786
-0.0279618 0.302705 0.582234 -0.186696 -0.310708 0.0459832 -0.17865 0.102669 0.784583 -0.222587 -0.367376 0.0767609
-0.705566 0.136315 -0.888865 0.16384 0.0922619 -0.00551148 -0.785267 0.0965679 -0.903559 0.203022 0.0605015 0.136227
-0.140461 0.015414 0.169336 0.00172378 -0.216426 -0.0986987 -0.19231 -0.208856 0.276727 0.0330545 -0.253297 -0.125218
0.115646 0.0202687 0.0757541 0.272094 -0.269758 -0.260045 -0.0246653 -0.0469089 0.178967 0.301018 -0.264379 -0.213918
-0.0587611 -0.19906 -0.273325 -0.176885 0.212371 0.25268 -0.315881 -0.266122 -0.241152 -0.0943897 0.237784 0.371612
-1.50135 -1.05557 -0.985806 -0.128053 0.235849 -0.304174 -1.44044 -1.22862 -1.04582 -0.106171 0.257313 -0.170494
-0.934363 -0.552805 -1.16727 -0.0665771 0.0311273 -0.00516748 -0.997616 -0.66513 -1.0719 -0.0377473 0.0903339 0.0860198
-1.2164 -0.848202 -0.309873 -0.0484722 -0.0877732 -0.0113456 -1.14678 -0.959374 -0.331091 -0.041386 -0.018955 -0.0139884
-0.777574 -0.692786 -0.188464 0.163445 -0.0966035 -0.120228 -1.07026 -0.868886 -0.0507902 0.092287 -0.0564232 -0.195093
-0.830526 -0.293421 0.153751 -0.0660702 0.0238601 -0.411289 -1.08653 -0.300863 0.236465 -0.14733 -0.00513384 -0.330194
0.682741 0.0951986 0.279264 -0.10336 -0.101273 0.376524 0.633074 -0.0479921 0.189966 -0.12745 -0.11749 0.362044
0.0115293 0.160783 0.464698 -0.216531 -0.00198031 -0.124123 -0.161631 -0.0484916 0.472234 -0.219345 0.0376995 -0.111751
-0.673774 -0.763971 -1.07938 0.193148 0.0481639 0.0776305 -0.636906 -0.840893 -1.17354 0.186456 0.0377287 0.0745863
-0.961122 -0.610008 -1.12788 -0.0404123 0.0762274 -0.017833 -1.15561 -0.708868 -1.13307 -0.00614818 0.0565884 -0.00546104
-1.04567 -1.03483 -0.591369 -0.0323341 0.099524 0.0211447 -1.06303 -1.13799 -0.659685 -0.0431719 0.056064 -0.002398
-0.706774 -0.431483 -0.266654 -0.147349 0.0102915 0.146976 -0.904924 -0.569252 -0.305046 -0.133791 -0.0392958 0.173795
-0.0280486 -0.0344918 0.269809 0.014569 -0.0503866 0.288007 0.00290275 -0.0614877 0.0741121 0.0212563 -0.0326112 0.253521
0.431338 -0.0743264 -0.10953 0.129156 0.00647074 0.0798701 0.450818 -0.121004 -0.223662 0.124835 -0.00164544 0.0363119
-0.0446621 0.392244 -0.0802078 -0.155042 0.103831 0.102187 -0.204752 0.333093 -0.140673 -0.108334 0.103027 0.0864794
-0.911708 -0.865701 -0.620574 -0.17837 -0.0905814 0.0877145 -0.868126 -1.15482 -0.669451 -0.207828 -0.0065258 0.0921558
0.156207 1.18715 0.495796 0.0662994 -0.275094 -0.163084 -0.129736 1.1915 0.474184 0.117155 -0.222989 -0.140935
-1.07521 -0.177316 -0.478909 0.13463 0.0716014 -0.201434 -1.07872 -0.428274 -0.510569 0.162195 0.0018326 -0.133982
-0.57141 -0.646235 -0.49062 -0.260783 -0.149035 -0.159688 -0.662494 -0.625098 -0.6373 -0.218779 -0.182834 -0.0246345
-0.83232 -1.07442 -0.786666 0.256472 0.119048 -0.21463 -0.945028 -1.20664 -0.654244 0.215906 0.181197 -0.192811
0.000629165 -0.677893 -0.0646564 0.0386016 -0.0130995 0.11285 -0.00553288 -0.859013 -0.10205 0.0471277 0.0102008 0.139192
0.456623 -0.0932834 1.12506 -0.0897655 0.0436444 0.0328348 0.49219 -0.217088 1.17182 -0.111155 0.00857624 0.0856852
-0.610695 -0.595023 -0.84204 0.00815116 -0.137169 -0.371261 -0.76862 -0.810853 -0.6932 -0.0513726 -0.211514 -0.415101
-0.257332 -0.259747 -0.71725 0.21068 0.198487 -0.0777839 -0.114482 -0.19709 -0.93554 0.212703 0.183779 -0.0775545
-1.26357 -0.949327 -1.09522 -0.312116 0.103213 0.0837345 -1.34805 -0.919778 -1.16203 -0.291606 0.158743 0.0132631
-0.461904 0.172285 -0.0543193 -0.126805 0.119105 0.0939764 -0.522379 0.155979 -0.199472 -0.191226 0.0555046 0.099856
-0.300568 -0.799587 -0.112805 0.0648845 0.343794 0.211384 -0.271966 -0.826163 -0.322978 0.0536154 0.358184 0.224947
-1.33219 -1.59305 -1.15553 -0.00811182 -0.148535 0.135374 -1.36131 -1.8043 -1.06917 -0.0364149 -0.149372 0.139564
-0.315698 -0.164336 -0.348957 0.13303 -0.268778 0.0779225 -0.543747 -0.198919 -0.493043 0.14022 -0.271456 0.15175
-0.152686 -0.244532 -0.300387 0.151853 -0.121204 0.0253977 -0.168598 -0.371387 -0.38424 0.176252 -0.0947249 0.000667767
0.476315 0.897846 0.488032 -0.155001 0.0305351 -0.276962 0.347532 0.925047 0.345232 -0.159413 0.0236274 -0.280238
0.0224287 -0.286277 -0.152513 -0.0194238 0.00207436 0.09805 -0.060436 -0.408621 -0.157689 -0.00114166 -0.0371117 0.0948276
-0.353816 -0.441236 -0.663948 -0.0287183 -0.291187 -0.167147 -0.44605 -0.58545 -0.582259 -0.0878887 -0.2482 -0.101803
-0.908924 -0.769481 -0.605938 -0.13526 0.124295 -0.0395087 -0.961382 -0.823613 -0.681463 -0.137757 0.113533 0.00813921
-0.303332 -0.450684 -0.86241 0.175186 0.0452559 -0.132152 -0.303481 -0.475347 -1.00221 0.199444 -0.0151241 -0.0697298
-1.01684 -0.885573 -1.01266 -0.318599 0.149485 0.0544065 -0.998004 -1.05548 -0.989821 -0.245408 0.110509 0.0117421
-0.174214 -0.594439 -0.0519015 0.283536 0.231817 0.0997559 -0.268887 -0.936219 -0.0639811 0.250313 0.294406 0.18387
0.0311906 0.350867 0.648082 -0.217253 0.240945 -0.119987 -0.187411 0.0842305 0.786013 -0.180158 0.175357 -0.0778687
-1.19356 -1.18533 -1.34377 0.218275 -0.018073 0.0783408 -1.04883 -1.36341 -1.35965 0.204483 0.0242931 0.0534645
-0.147109 0.227452 -0.0189101 -0.185752 0.0661844 -0.236575 -0.254788 0.00625899 -0.0178474 -0.168285 -0.0291107 -0.230942
0.335038 0.420892 0.358228 -0.2964 0.270619 0.127109 0.518377 0.289776 0.235084 -0.313239 0.222629 0.0905564
0.0245401 -0.377664 0.141344 -0.0175937 -0.0305826 -0.0147712 0.0374898 -0.426959 0.0293424 0.00366119 -0.0574736 -0.0491524
-0.957147 -0.960436 -1.01247 0.246256 0.208574 0.0790896 -1.06801 -0.972403 -0.989998 0.224781 0.203109 0.0858902
-0.879048 -1.10497 -1.08091 -0.137363 -0.122814 -0.0883287 -0.930803 -1.17849 -1.0092 -0.130525 -0.0726198 -0.107354
-0.634985 -1.0615 -0.831856 -0.147244 -0.00728522 0.0647672 -0.479564 -1.12795 -0.935457 -0.12586 -0.0140131 0.0751052
0.735431 0.232012 0.778765 -0.346897 -0.225344 -0.11983 0.689376 0.0481265 0.665964 -0.289471 -0.246476 -0.115525
0.0022844 0.0157795 -0.16743 0.222669 0.111868 0.12118 0.0606089 0.0431562 -0.237903 0.214764 0.0922756 0.137898
-0.455078 -1.2312 -0.572114 0.102044 -0.0222831 -0.0443684 -0.341163 -1.25949 -0.700745 0.0848595 0.000598069 -0.0655869
-0.35629 0.608155 -0.0363697 0.0512541 0.10492 0.210507 -0.437901 0.650263 -0.209842 0.0579755 0.0670811 0.191026
-0.738233 -0.597193 -0.584841 -0.10681 -0.0215503 0.0998317 -1.02205 -0.633983 -0.594456 -0.0788394 -0.0651719 0.0934702
0.133117 -0.197564 0.0612395 0.148487 0.0664475 0.125184 0.0550714 -0.33864 0.0631433 0.114907 0.0440234 0.13447
-0.389254 -0.134724 -0.245191 -0.0429885 -0.147962 -0.0420537 -0.457389 -0.209876 -0.178384 -0.0471257 -0.148576 -0.0669837
0.387245 0.258724 0.459657 -0.0786315 0.11364 -0.139581 0.372911 0.139451 0.560158 -0.0605665 0.0996662 -0.0794723
-0.399561 -0.351246 -0.439746 -0.094478 -0.108426 -0.0055337 -0.487692 -0.360468 -0.511704 -0.0973299 -0.103192 -0.0434831
-0.393739 -0.62586 -0.420001 -0.21075 -0.0270436 0.0957141 -0.492144 -0.705422 -0.472367 -0.205208 -0.0373416 0.0917837
0.785378 0.159669 0.12638 0.0422249 0.14096 -0.135151 0.624744 0.17253 0.0717194 0.0629989 0.183947 -0.185956
-0.475444 -0.669781 -1.11641 -0.0604223 0.124903 0.0742547 -0.513351 -0.574687 -1.21276 -0.049948 0.117266 0.00212176
0.209556 -0.0456167 0.126541 0.121222 -0.0764873 0.154648 0.228221 -0.0311451 0.120551 0.163631 0.00322634 0.142519
-0.338414 -0.304321 -0.349742 -0.146521 -0.102495 0.182249 -0.428238 -0.33089 -0.396986 -0.120388 -0.0630421 0.141063
0.406831 0.261015 0.204845 -0.0447091 0.058063 -0.0634614 0.371716 0.301197 0.199635 0.00402148 0.0613449 -0.0434067
-0.536362 -0.211552 -0.263423 -0.17846 -0.0823144 -0.045289 -0.596408 -0.26282 -0.257727 -0.169573 -0.0951064 -0.0309627
-0.107722 -0.201508 0.163151 0.0243699 -0.135546 0.0527806 -0.18843 -0.385146 0.173998 0.0362893 -0.0894529 0.0449395
-0.289719 -0.0978612 -0.0685204 0.0640678 0.116668 0.034214 -0.243791 -0.0621236 -0.159788 0.0205772 0.10912 -0.0525987
-0.0947799 0.274555 0.00177885 -0.0712564 0.187826 -0.189265 -0.160734 0.217496 -0.0576297 -0.0820809 0.157106 -0.193501
-0.596813 -0.331757 -0.508063 0.0495819 0.125406 0.108992 -0.586706 -0.300905 -0.657928 0.0692146 0.156896 0.122183
0.276481 0.465249 -0.00554502 -0.209294 0.0491998 0.0154158 0.289031 0.508797 -0.111051 -0.236587 -0.00194554 0.00769085
-0.486976 -0.0932067 -0.364416 -0.0414961 -0.0498825 0.103741 -0.529008 -0.127803 -0.404783 -0.0354023 -0.0574254 0.129877
-0.338171 0.053818 -0.150228 -0.002382 -0.0280735 -0.0441482 -0.312463 0.0186118 -0.191609 0.012298 -0.0279865 -0.0260935
-0.855729 -0.926761 -0.681689 -0.0533917 -0.0499054 -0.00747725 -0.95846 -1.06305 -0.602612 -0.0610204 -0.0269324 0.0249212
-0.596113 -0.713832 -0.472122 0.0192556 0.112091 -0.197516 -0.543094 -0.826175 -0.417207 0.0321007 0.106446 -0.20362
-0.155779 0.214844 -0.177774 -0.190853 0.0320607 0.131499 -0.200434 0.126037 -0.219569 -0.193848 0.0858329 0.149255
-0.784967 -0.186275 -0.717883 0.128321 -0.117417 -0.00581324 -0.85802 -0.217018 -0.824777 0.113092 -0.134789 0.0410482
0.908897 0.72289 1.12717 -0.15507 0.0749727 -0.0150123 0.933945 0.668581 1.10298 -0.154167 0.0696749 0.0072262
-0.341403 -0.700159 -0.650596 -0.102722 -0.0345764 0.150385 -0.413511 -0.707527 -0.686086 -0.116125 0.0215807 0.187812
-0.677426 -0.625536 -0.571787 0.1526 -0.0704725 -0.0267757 -0.774988 -0.662851 -0.686978 0.151165 -0.0507479 -0.000131008
-0.194109 0.307744 0.116715 -0.0417846 0.0814389 0.0259031 -0.294096 0.301601 -0.0719653 -0.0180587 0.127179 0.0550071
-0.151645 -0.334707 -0.565589 0.166299 -0.0482514 0.0750937 -0.114461 -0.316971 -0.59235 0.0813273 -0.05811 0.0943321
-0.261149 0.229344 0.191006 -0.0472313 -0.0485852 0.0225187 -0.210834 0.0392212 0.251536 -0.0423802 -0.0048052 0.0501897
-0.132774 -0.287028 -0.241309 -0.0139124 0.121704 0.110177 -0.172272 -0.403363 -0.224481 -0.0162576 0.113608 0.119121
-0.216488 -0.34217 -0.338251 0.124551 0.337204 -0.128829 -0.368526 -0.398185 -0.346394 0.100722 0.364714 -0.108716
0.106493 -0.282776 -0.205041 0.100758 -0.0506566 -0.129464 0.0869474 -0.234951 -0.224438 0.119964 -0.0571602 -0.124198
0.0149659 -0.194843 -0.0182637 0.0446719 0.08214 0.00020794 -0.0440453 -0.308878 -0.0949791 0.0756487 0.0648692 -0.0328221
-0.0869829 -0.0919887 0.283816 0.0376242 0.040519 0.212584 -0.0743172 -0.143594 0.272573 0.0212223 0.00673628 0.228639
-0.056901 -0.123802 -0.0877927 -0.111293 -0.10319 -0.141133 -0.0779683 -0.0776668 -0.10543 -0.150824 -0.118429 -0.115045
-0.619329 -0.862199 -0.87281 -0.317509 -0.204636 0.203168 -0.712621 -0.900097 -0.954497 -0.372169 -0.186538 0.195237
-0.110447 -0.112434 -0.102332 0.0303784 0.0251792 0.182206 -0.156324 -0.168678 -0.0780804 0.0489078 0.0160776 0.196315
0.439315 0.477057 0.552762 -0.0556117 3.33965e-05 0.0578687 0.598134 0.301992 0.653374 -0.0743404 -0.00274467 0.0934094
-0.378549 -0.53479 0.0246045 0.0580502 0.245527 0.0432097 -0.347348 -0.764444 0.129277 0.0421047 0.23792 0.127249
-0.215949 -0.549124 0.266554 0.10134 -0.201512 0.0713075 -0.108211 -0.821645 0.300425 0.168308 -0.198657 0.0880779
-0.0294733 -0.0237007 -0.364759 0.15124 0.149862 -0.122351 -0.133582 -0.100234 -0.316812 0.127455 0.154523 -0.148244
-0.440224 -0.734035 -0.316059 -0.0135871 0.0668969 -0.0151398 -0.379659 -0.888067 -0.281609 0.0232813 0.0411734 0.0304182
-0.297194 -0.0489161 -0.314767 0.145274 -0.0286151 0.222671 -0.204325 -0.301088 -0.279622 0.159765 -0.0231134 0.340428
0.215698 0.392022 0.172723 -0.127978 -0.0956401 0.0129627 0.22292 0.181575 0.145533 -0.212429 -0.0990208 0.0820084
-0.625233 -0.630449 -0.716949 0.0049961 -0.0502995 0.126257 -0.622424 -0.656981 -0.786214 0.0397664 -0.0483305 0.0829494
-0.265504 -0.0930571 -0.0717377 -0.0831781 -0.24822 0.201069 -0.275767 -0.208956 -0.0578246 -0.0914009 -0.273755 0.240958
-0.352264 -0.321698 -0.0591516 -0.225855 -0.0751767 -0.0683877 -0.442245 -0.448829 -0.201357 -0.182627 -0.0607464 -0.169144
-0.0318437 -0.110053 -0.307176 -0.262083 0.136436 0.123638 -0.0243496 -0.278251 -0.292528 -0.287897 0.126897 0.155734
0.278516 0.396903 0.356129 0.00454691 0.163029 -0.105005 0.19787 0.418116 0.286717 0.027312 0.2113 -0.06429
-0.234598 -0.0246008 -0.172001 -0.165877 -0.183196 0.0960833 -0.326618 -0.116364 -0.282631 -0.216097 -0.25158 0.12744
0.168703 0.443425 0.220663 0.137011 -0.176404 0.0826033 0.209616 0.458167 0.142131 0.158931 -0.202395 0.0646186
-0.600835 -0.702676 -0.966207 -0.258801 -0.128438 0.159546 -0.656233 -0.732012 -0.927607 -0.226445 -0.123482 0.1639
0.383776 0.160955 0.202337 -0.0735971 -0.0865107 -0.0237684 0.326616 0.1249 0.10924 -0.0366895 -0.0712838 -0.0543653
-0.474661 -0.437282 -0.306309 -0.174965 0.0738336 0.159825 -0.531001 -0.530348 -0.226895 -0.16584 0.122972 0.170711
-0.182488 -0.273908 -0.0501264 0.0797361 -0.0282353 -0.0533673 -0.175618 -0.325372 -0.0836083 0.116241 -0.0578818 -0.0271001
-0.454112 -0.340826 -0.48672 -0.0590758 0.0749104 0.00893675 -0.545486 -0.414113 -0.428876 -0.0762639 0.0396003 0.0320019
-0.256949 -0.549771 -0.329555 0.155079 0.0195052 -0.212202 -0.205707 -0.58066 -0.344828 0.173546 0.00396384 -0.206559
0.0959831 0.253404 -0.103566 -0.0765467 -0.0323612 0.0565992 -0.0262197 0.22797 -0.128058 -0.109926 -0.072209 0.0862631
-0.0778113 0.127108 -0.0639347 -0.0205597 -0.107695 0.00281657 -0.134788 0.146152 -0.0488877 -0.0188698 -0.101983 -0.00327371
-0.606178 -0.420493 -0.883694 -0.0387503 0.0905057 -0.158947 -0.676143 -0.47604 -0.947073 -0.0418234 0.0959136 -0.200759
-0.526594 -0.44662 -0.356672 0.0472651 0.0767055 -0.00167825 -0.512118 -0.552956 -0.298412 0.0731158 0.0773814 0.00957424
0.513562 -0.0349327 0.567785 0.126514 -0.229206 0.179625 0.443008 0.016169 0.57678 0.0572259 -0.213098 0.193185
-0.504504 -0.657552 -0.528 -0.108627 -0.088042 0.0226427 -0.51348 -0.703942 -0.457105 -0.130859 -0.0442849 0.0724055
-0.641332 -0.862201 -0.91157 -0.0983579 0.1274 -0.0470832 -0.727075 -0.942442 -1.0205 -0.0625229 0.170709 -0.0310463
0.327852 -0.184331 -0.129262 -0.106563 -0.293287 -0.165147 0.313633 -0.165907 -0.252677 -0.101132 -0.281089 -0.127802
-0.0848356 0.0518187 -0.128493 0.0158259 -0.103451 -0.136766 -0.168828 0.0634763 -0.206897 0.0696715 -0.0993324 -0.137971
0.0655357 -0.422625 -0.459417 0.0186714 0.0755513 0.00743309 -0.0159791 -0.457755 -0.482568 0.0312603 0.0888569 0.0254957
0.119435 0.247771 0.33851 0.017338 0.172555 0.0249471 0.0318408 0.145979 0.281071 0.0427104 0.187175 -0.00222882
-0.0683924 0.0199935 -0.385906 0.0224532 -0.0113986 0.079757 -0.152405 0.0172111 -0.388983 0.0206473 0.0010268 0.102472
-0.159461 0.250162 0.330763 -0.0295379 0.0314343 -0.036498 -0.234626 0.2401 0.299716 -0.0718744 0.0440734 -0.0856499
-0.695486 -1.1159 -0.500661 0.0857635 0.173815 -0.0331726 -0.719861 -1.21453 -0.445736 0.09289 0.15983 0.0288394
0.19485 0.183256 0.140061 0.00368318 -0.0713127 -0.0133546 0.111347 0.129703 0.131965 0.0707991 -0.0834181 0.0246932
-0.745636 -0.704709 -0.493006 0.141567 -0.246441 0.0725086 -0.768526 -0.627555 -0.609498 0.18746 -0.234329 0.06072
-0.149502 0.168779 -0.00718587 -0.0322951 0.131826 0.0283752 -0.226665 0.258604 -0.139749 -0.105195 0.171433 0.0419978
0.669498 0.471107 0.184657 0.00683451 -0.050452 -0.18427 0.534851 0.390936 0.198404 -0.0254714 -0.0533154 -0.161431
-0.686977 -0.461295 -0.25623 0.060407 -0.0721623 0.169482 -0.678408 -0.419062 -0.198417 0.0983625 -0.0483834 0.192684
-0.538614 -0.19359 -0.281465 0.228919 -0.102158 -0.128394 -0.45639 -0.194097 -0.403172 0.23084 -0.154188 -0.0974833
-0.425312 -0.147109 -0.499616 0.0647379 -0.216067 0.205007 -0.503691 -0.228102 -0.554391 0.0296856 -0.223882 0.147469
-0.402084 -0.231975 -0.364624 0.130655 0.0464432 0.069777 -0.538628 -0.225143 -0.369429 0.161017 0.0270772 0.0971064
-0.072013 0.215726 -0.00181386 -0.202076 0.0949636 0.0972023 -0.114826 0.217664 -0.0780437 -0.19339 0.0977188 0.077271
0.18694 0.422858 0.532323 0.107635 0.0121268 -0.133829 0.169727 0.480887 0.566765 0.078811 0.0287136 -0.140808
0.425726 0.287975 -0.146114 0.0259897 -0.0660519 0.269684 0.31031 0.264778 -0.239166 0.0536322 -0.0367428 0.278
0.154535 0.53154 -0.0603946 -0.0784619 -0.0195224 0.0189168 0.101799 0.551874 -0.132932 -0.0971866 0.00192875 0.00460199
-0.452306 -0.339907 -0.245677 0.0584496 -0.0238252 -0.170758 -0.48883 -0.298933 -0.292196 0.0172057 -0.0179001 -0.175994
-0.292506 0.0261973 -0.459949 0.0768424 0.115281 -0.00903084 -0.358435 0.00928863 -0.469499 0.0948674 0.0702217 -0.005248
-0.514775 -0.43476 -0.802976 0.00278066 0.0873942 0.140125 -0.559909 -0.368678 -0.887887 -0.0351795 0.0901844 0.156826
-0.957716 -1.09438 -1.34611 0.079319 -0.171411 0.0875623 -1.03166 -1.0857 -1.34015 0.051403 -0.155154 0.101337
-0.509306 -0.278805 -0.568208 -0.0914166 -0.106555 -0.207721 -0.494124 -0.249424 -0.651918 -0.0573613 -0.128739 -0.209594
0.190252 0.0641061 -0.0518382 0.105709 0.202777 -0.108566 0.10168 0.0259528 -0.218372 0.0810687 0.218935 -0.0922049
0.0702626 0.350489 -0.0433561 0.022926 -0.150356 -0.112039 0.0734836 0.486134 -0.247695 0.0441131 -0.14728 -0.0974624
-0.903697 -0.576276 -0.649959 -0.0499856 0.0937645 0.0591034 -0.912972 -0.486159 -0.725311 -0.0556193 0.155336 0.0787975
-0.201072 -0.336663 -0.225507 -0.0523907 -0.280467 0.158517 -0.208881 -0.406277 -0.256471 -0.0546905 -0.285987 0.201583
-0.797555 -0.627856 -0.478528 0.0449092 -0.00813748 -0.0265261 -0.912563 -0.596684 -0.602149 -0.0137024 -0.0294709 -0.0224058
-0.188496 -0.0847198 -0.433898 0.00992991 -0.0112286 -0.022301 -0.237494 0.0281099 -0.524615 0.0505533 -0.00189788 -0.0132714
-0.254445 -0.574531 -0.0196935 -0.0953744 0.278291 -0.100264 -0.256091 -0.556318 0.0753163 -0.124895 0.288614 -0.134826
-0.140971 -0.157958 -0.0504092 -0.0358363 0.0223507 -0.0581277 -0.109917 -0.138795 -0.00673027 -0.0450473 0.0219742 -0.0494971
-0.68656 -0.64811 -1.28008 -0.0482566 -0.208776 -0.0671749 -0.677724 -0.716917 -1.3021 -0.0434661 -0.222691 -0.0798649
-0.714443 -0.574046 -0.674485 0.0753908 0.126154 -0.0421722 -0.780255 -0.713743 -0.569403 0.103548 0.136751 -0.0439979
-0.202197 -0.176398 -0.201979 0.0170777 0.0944801 0.198426 -0.209056 -0.140983 -0.304617 0.0745086 0.103153 0.1892
-1.00499 -0.534935 -0.800552 0.074854 0.217953 0.170736 -0.959029 -0.592741 -0.853746 0.0891034 0.178509 0.149402
-0.7015 -0.491891 -0.604565 0.0675954 0.062842 -0.171286 -0.614171 -0.508973 -0.508375 0.0986015 0.0658691 -0.207575
0.343351 -0.32125 0.0866688 0.0426194 -0.448289 -0.301923 0.581071 -0.269889 -0.151762 0.0386853 -0.447515 -0.254742
-0.0868623 -1.24432 -0.155389 0.17537 0.22616 -0.202575 0.343116 -1.12963 -0.211254 0.199754 0.219122 -0.21776
-0.669715 -2.77152 -0.891882 0.102077 -0.235641 0.134186 -0.262053 -2.77403 -0.918621 0.0983185 -0.255794 0.125551
-2.11369 -3.73732 -1.88731 -0.29361 0.334211 0.852372 -1.67599 -3.63004 -1.8301 -0.330584 0.352386 0.870516
-0.133438 -0.897016 -0.037998 -0.145306 -0.823622 -0.656585 0.235291 -0.914697 -0.24289 -0.138341 -0.831181 -0.658612
-1.6407 0.94966 -0.551716 -0.152834 -0.0490057 0.0774163 -1.60582 1.36124 -0.629237 -0.181447 0.0533881 0.125146
-0.292705 0.898023 0.0929477 -0.947961 0.265583 0.181743 -0.695315 0.936166 -0.345849 -0.928782 0.257238 0.103574
-3.38846 -2.31393 -3.21286 0.041425 0.0886831 0.278751 -3.53385 -2.20586 -3.41736 0.0475992 0.103792 0.285071
-0.971961 -0.00110787 -0.732139 -0.0696092 0.0453843 -0.122172 -1.16094 0.0310431 -0.960305 -0.103616 0.0353315 -0.0932022
-2.54325 -1.35393 -2.27859 0.113755 0.134706 0.148019 -2.5563 -1.12506 -2.41663 0.0981624 0.160831 0.19257
-2.01983 -0.983823 -1.87308 0.051795 0.117385 0.334523 -2.19814 -0.869831 -2.10078 0.072928 0.136917 0.319161
-2.69031 -1.45395 -2.65678 0.0582581 0.0963922 0.20978 -2.89355 -1.33109 -2.69538 0.0176948 0.12912 0.167621
-1.75995 -0.371863 -1.39609 0.0248339 -0.0855813 -0.0321481 -1.95414 -0.218494 -1.58366 0.023422 -0.0553783 -0.0342366
-2.53163 -1.6558 -2.75254 -0.0457566 0.122606 -0.144396 -2.74475 -1.61384 -2.96481 -0.0378376 0.137898 -0.121652
-2.51428 -1.48138 -2.30669 -0.0734748 0.029978 -0.0865556 -2.68211 -1.44423 -2.49283 -0.100705 0.0218098 -0.0649942
-2.6187 -1.70278 -2.94853 0.00108241 0.0613682 0.208928 -2.6752 -1.44252 -3.10126 -0.0368016 0.0484851 0.179131
-1.23159 -0.8021 -1.81891 0.167277 -0.0306874 -0.321052 -1.25511 -0.828535 -1.9401 0.15384 -0.0487015 -0.328226
-1.86175 -0.893705 -2.15768 0.0279316 0.150468 0.170521 -2.10092 -0.810148 -2.42126 0.00907045 0.180326 0.16778
-2.60554 -1.51364 -2.03332 -0.119119 0.0209974 -0.0605982 -2.8476 -1.38152 -2.18165 -0.126641 0.0070108 -0.084999
-1.97578 -0.723472 -1.60781 0.0236866 -0.0527993 0.184061 -2.32876 -0.69402 -1.97648 0.0477483 -0.0728252 0.14677
-1.2279 -0.0146754 -1.30275 -0.0844384 0.113928 0.33016 -1.27088 0.119908 -1.4013 -0.0397173 0.13948 0.343103
-0.264902 -0.806728 -1.38886 -0.362518 -0.538615 -0.0795617 0.0283236 -0.817671 -1.61569 -0.335986 -0.566745 -0.100153
-0.405896 -1.85595 -0.525435 0.0986577 0.0216638 0.147738 -0.13321 -2.09621 -0.674132 0.0989799 0.0165379 0.148109
-3.23581 -4.09598 -3.4918 0.157853 -0.16048 0.391701 -2.94566 -4.14089 -3.51552 0.154706 -0.187587 0.396107
-3.84332 -4.50385 -4.23819 -0.182462 0.361226 0.0482891 -3.53307 -4.47216 -4.25549 -0.160239 0.392865 0.0554902
-2.64379 -3.109 -3.44901 0.583839 -0.117382 0.185014 -2.37137 -3.03295 -3.52938 0.580428 -0.129473 0.208678
-4.39693 -5.38301 -4.70876 0.0252265 0.0308834 -0.0252846 -4.02966 -5.32959 -4.70356 0.022936 0.0214286 -0.0242364
-3.08475 -4.39668 -3.67848 -0.0482272 0.107537 -0.00607135 -2.71435 -4.42546 -3.75839 -0.051985 0.0860691 -0.00660019
1.2317 0.521872 0.983779 0.079003 0.0268698 0.0652958 1.4498 0.427544 0.672249 0.0879287 0.0274209 0.0784247
0.502678 -0.315079 -0.291595 0.176222 -0.309931 0.473971 0.75265 -0.376367 -0.553475 0.174053 -0.334994 0.519782
0.961416 0.0130808 0.787625 -0.147439 0.493751 0.510264 1.18506 -0.126491 0.526688 -0.149881 0.534899 0.541238
1.83551 0.778463 1.48601 0.0513876 -0.0319674 0.0277007 2.04428 0.69161 1.13729 0.055503 -0.0336706 0.0270242
0.56728 -0.19119 0.427812 0.10161 0.040395 -0.046958 0.804511 -0.321894 0.177076 0.0991538 0.0301433 -0.0578438
-0.203149 -0.691374 -0.0926436 0.255155 -0.619183 0.275451 0.00344281 -0.745749 -0.329226 0.245162 -0.625799 0.278978
0.457285 -0.160854 0.014622 -0.0655332 0.117096 0.217079 0.697336 -0.204498 -0.25728 -0.0764175 0.0999291 0.223506
-0.117602 -0.796165 0.0541294 -0.173583 0.0774032 -0.0569967 0.0867409 -0.884761 -0.220591 -0.197754 0.0679426 -0.046343
-2.52109 -3.71056 -3.33196 -0.215678 0.152535 0.503505 -2.17999 -3.74311 -3.40643 -0.224991 0.185032 0.528751
-1.58416 -3.05254 -2.62223 -0.351532 0.0550934 0.445231 -1.22197 -3.15262 -2.75288 -0.342116 0.0843277 0.454416
-1.08973 -2.2871 -1.95221 -0.465899 -0.128048 -0.444829 -0.773863 -2.32819 -2.15094 -0.453566 -0.125194 -0.44558
-2.73409 -4.0245 -3.1388 -0.149953 -0.12034 0.178133 -2.3976 -4.09373 -3.20551 -0.128362 -0.111542 0.190257
0.218584 -0.834215 -0.548361 -0.124461 -0.00563866 0.0133423 0.490517 -0.936732 -0.780505 -0.11972 -0.00749389 0.0102937
-0.496005 -1.15814 -0.9757 -0.428748 0.0318041 -0.327133 -0.245831 -1.1775 -1.18948 -0.415823 0.0409349 -0.329668
-2.04277 -2.86391 -2.6644 0.0542716 0.0190439 0.0421981 -1.77628 -2.86159 -2.82616 0.0584542 0.0231349 0.0544541
-3.75298 -4.93746 -4.29894 0.11775 -0.0560407 -0.0152444 -3.38675 -4.94069 -4.31743 0.114411 -0.0530592 -0.0142813
-1.63485 -3.18561 -2.16499 -0.433858 0.0900998 -0.302402 -1.30321 -3.36025 -2.26772 -0.413785 0.100163 -0.309267
-3.02693 -4.0142 -3.61601 -0.0583343 -0.0503029 -0.127064 -2.68924 -3.98808 -3.70285 -0.0416552 -0.0426235 -0.122896
-2.47289 -3.97917 -3.07501 0.0149283 0.00270565 -0.0415229 -2.13137 -4.06306 -3.14266 0.0108349 -0.000382584 -0.0473609
-2.36375 -3.53178 -3.10281 0.13327 0.0544555 -0.13838 -2.03872 -3.59459 -3.20557 0.117492 0.0458445 -0.130825
-0.755081 -2.40028 -1.04512 0.219871 0.387135 0.0237499 -0.448102 -2.57245 -1.18994 0.202188 0.39372 0.0110514
-0.763511 -1.45593 -1.61037 -0.107616 0.00644653 0.00836644 -0.515707 -1.42757 -1.85315 -0.0964558 0.000880568 0.00170628
-3.5155 -4.34732 -3.8663 -0.108631 -0.0631106 0.21951 -3.19805 -4.34546 -3.89358 -0.0790259 -0.0496327 0.22457
-0.632714 -1.06505 -0.768181 -0.133439 -0.132325 -0.390893 -0.439877 -1.12808 -0.982978 -0.127667 -0.151735 -0.372368
-2.93381 -4.33759 -3.21582 0.344893 0.0175729 -0.291104 -2.61039 -4.39673 -3.27802 0.351194 0.0266687 -0.29587
-1.63955 -2.00319 -1.75095 0.0385571 0.0763618 -0.0624789 -1.41926 -2.04345 -1.908 0.0640059 0.0665041 -0.0655624
-3.78746 -4.79561 -4.17433 -0.204651 0.19928 -0.0454867 -3.45058 -4.78737 -4.18616 -0.201659 0.245679 -0.0585446
-1.24006 -3.09678 -1.61335 -0.160822 0.00292567 0.102741 -0.915229 -3.2925 -1.74863 -0.162408 -0.00225633 0.10308
0.354225 -0.783716 0.123286 0.131245 -0.226744 0.095876 0.575333 -0.92465 -0.110669 0.133418 -0.203557 0.107418
-1.44803 -2.36566 -1.28693 -0.070423 -0.0811417 -0.0401094 -1.21347 -2.549 -1.40343 -0.0571577 -0.0655979 -0.0541195
-2.94926 -3.74026 -2.76408 0.463468 0.151993 0.145289 -2.67074 -3.83352 -2.82735 0.454496 0.140244 0.154986
1.95444 0.890134 1.51491 -0.0269064 -0.0208178 -0.121322 2.17569 0.756871 1.1903 -0.0137092 -0.0168616 -0.121929
-0.73479 -2.57136 -0.844723 0.00223985 -0.0212384 -0.108514 -0.437962 -2.81931 -0.962336 0.00472348 -0.0212291 -0.0988836
-0.465022 -1.21324 -0.873946 -0.450903 -0.409733 -0.52272 -0.206662 -1.26064 -1.10911 -0.448899 -0.45276 -0.540603
-2.57167 -3.14074 -3.27436 -0.0223292 0.109713 -0.0900309 -2.30219 -3.05957 -3.41571 -0.00083333 0.0860946 -0.0998022
-1.92573 -2.82474 -2.02587 -0.39246 0.516529 0.0254298 -1.66978 -2.86002 -2.17291 -0.390633 0.538358 0.0302562
-2.47669 -3.41258 -2.38203 -0.0987666 0.56406 0.098765 -2.22493 -3.49617 -2.46721 -0.0916663 0.57475 0.106918
-1.58523 -2.85795 -2.0676 0.219129 0.236003 -0.428538 -1.28522 -2.98039 -2.1912 0.20151 0.27365 -0.443944
-0.563441 -2.18746 -1.00228 -0.0507403 0.0777314 0.0478144 -0.257571 -2.39985 -1.1702 -0.062144 0.0601417 0.0516491
-0.925024 -1.0444 -0.8983 0.039914 -0.0728143 -0.0781547 -0.741436 -1.07922 -1.10288 0.0537238 -0.0666594 -0.106356
0.0837705 -0.488949 -0.711423 0.856229 -0.207618 -0.402139 0.294717 -0.524972 -0.948081 0.85876 -0.234146 -0.409982
0.850578 -0.0649207 0.49275 0.201112 -0.102727 -0.00991788 1.10383 -0.205001 0.244158 0.205799 -0.0849441 0.00108634
-0.548889 -2.10018 -0.543111 -0.028649 -0.0477476 0.0647793 -0.273792 -2.35313 -0.656086 -0.0105631 -0.0320264 0.0591685
-0.74078 -1.75189 -0.856923 -0.00706115 -0.0187109 -0.743529 -0.482276 -1.80641 -1.06538 0.0150049 -0.0326676 -0.764606
-3.21515 -4.02191 -3.36769 0.165443 -0.0346583 -0.0238011 -2.93691 -4.03872 -3.42374 0.141562 -0.0319431 -0.0369146
1.50977 0.614208 1.2933 0.0452932 -0.0976525 -0.0816924 1.73662 0.478607 1.00654 0.0664108 -0.0901173 -0.0720305
0.937852 0.347062 0.464163 0.00384917 -0.0780595 -0.204791 1.17478 0.254804 0.179416 -0.00643888 -0.0639852 -0.212984
-1.05942 -1.58389 -1.85295 -0.00472733 -0.000864074 0.133149 -0.816977 -1.55353 -2.06345 -0.00263474 -0.00827958 0.141872
-1.47919 -2.73324 -1.49425 -0.114122 0.00905875 0.166809 -1.22473 -2.92428 -1.59657 -0.0980929 0.00190112 0.176041
-1.40333 -1.39613 -1.3437 0.125314 -0.0204255 0.0777811 -1.23294 -1.41825 -1.55317 0.0949631 -0.0139724 0.0733935
-2.03044 -3.62445 -2.60862 0.0281746 -0.0234879 0.08473 -1.69508 -3.75123 -2.69905 0.0302637 -0.0132416 0.0911648
-1.81865 -2.85641 -2.15636 -0.104231 0.00804229 0.13422 -1.53852 -2.97944 -2.24839 -0.0797775 0.017573 0.124138
0.136898 -1.52555 -0.117152 -0.417304 0.169187 -0.0405334 0.39849 -1.7752 -0.290321 -0.391107 0.167328 -0.049541
-0.362418 -1.76112 -1.0868 0.0559947 -0.0560279 -0.0689728 -0.0466769 -1.93858 -1.25267 0.0664966 -0.051538 -0.0739019
-1.74244 -2.34621 -2.34377 -0.632985 0.552459 -0.295654 -1.46327 -2.3345 -2.51046 -0.597235 0.587683 -0.300399
0.361931 -0.116835 -0.129398 0.145194 -0.123171 -0.248765 0.58664 -0.17116 -0.385098 0.143113 -0.101864 -0.246201
-1.31536 -1.60632 -1.83564 -0.172163 0.0344974 -0.00282926 -1.08066 -1.60502 -2.01206 -0.135444 0.023534 -0.00358436
-2.66102 -3.58319 -2.5557 0.298612 -0.0656967 -0.157449 -2.40452 -3.59961 -2.68409 0.301416 -0.0689415 -0.143377
-4.23282 -5.20479 -4.56594 -0.0889431 0.0175219 -0.0188824 -3.87773 -5.18519 -4.53694 -0.0607672 0.015343 -0.0228399
-1.10386 -2.05952 -1.51905 -0.339531 -0.334736 -0.404802 -0.817187 -2.12906 -1.70819 -0.3313 -0.368374 -0.408966
-2.30233 -3.74139 -3.3249 -0.179602 0.0575642 0.031638 -1.92778 -3.86186 -3.39318 -0.159641 0.0426003 0.0256328
-2.05886 -3.05537 -1.79608 0.112936 0.098482 -0.118496 -1.83436 -3.18674 -1.89257 0.112212 0.0728196 -0.120697
-4.36156 -5.45114 -4.5846 0.0625542 -0.0132162 0.0323513 -3.99494 -5.42879 -4.57211 0.0705219 -0.0128332 0.0405121
-1.84929 -2.74882 -2.15398 0.0207887 0.0350448 0.0575045 -1.59461 -2.81739 -2.2822 0.0186129 0.0274645 0.0595552
-0.526396 -1.94734 -1.07282 0.0408249 -0.0196239 0.0328369 -0.246893 -2.08386 -1.26899 0.0351672 -0.0196252 0.0338913
-1.7026 -2.74316 -1.98395 -0.0140492 0.156236 0.0725592 -1.45405 -2.84255 -2.10937 0.00335338 0.141772 0.0553591
1.52831 0.0763431 1.30487 0.0969176 0.299534 1.22529 1.76713 -0.0481816 1.015 0.0949481 0.336929 1.28028
0.279999 -0.25043 -0.740897 -0.0342283 -0.482483 0.226194 0.547192 -0.266454 -1.0258 -0.00305813 -0.495109 0.232412
0.593337 -1.04929 0.0339179 0.2876 -0.194826 -0.582961 0.864924 -1.20045 -0.204282 0.295999 -0.203341 -0.612228
-0.712152 -1.24493 -0.514681 0.262578 0.282429 0.236686 -0.523107 -1.33206 -0.742458 0.260258 0.332506 0.244634
-1.49105 -3.21375 -1.95684 0.0605656 0.0358342 -0.0355946 -1.15939 -3.37185 -2.08607 0.0574956 0.0270362 -0.0407772
-3.47595 -4.15688 -3.82084 -0.318776 -0.0125387 0.168555 -3.16274 -4.14957 -3.8662 -0.298781 -0.0307896 0.159091
-0.730184 -1.32187 -1.70007 0.421598 -0.111594 -0.313188 -0.440214 -1.33525 -1.89759 0.424171 -0.127613 -0.324785
0.46609 -0.268252 -0.266802 0.690963 -0.529441 0.640276 0.72026 -0.307464 -0.514858 0.699994 -0.584385 0.674988
-2.51445 -3.46221 -3.09315 0.0234947 -0.343547 0.0813465 -2.20564 -3.46609 -3.22587 0.0147523 -0.377485 0.0968704
-0.395091 -0.97739 -0.530243 -0.0274808 -0.0573239 -0.27871 -0.221475 -0.966508 -0.795952 -0.0431102 -0.0586003 -0.312822
-2.58113 -3.83206 -3.33648 -0.0331854 -0.0181927 0.0541809 -2.23445 -3.87238 -3.43313 -0.0318889 -0.0161387 0.0373422
-1.0656 -1.95116 -1.24214 -0.00485762 -0.103763 -0.0171724 -0.840311 -2.02503 -1.42692 0.00955167 -0.087983 -0.0180752
-2.77569 -4.12166 -3.07534 -0.407208 0.0924661 -0.0201997 -2.43153 -4.18658 -3.15839 -0.419595 0.109698 -0.0104888
-2.39793 -3.20019 -2.82616 -0.114016 -0.159282 -0.644204 -2.09406 -3.20944 -2.9438 -0.099593 -0.168652 -0.665618
1.00039 0.0985496 0.545639 -0.474469 -0.0876101 0.303586 1.23919 0.00471523 0.244811 -0.486886 -0.102349 0.306786
-0.72778 -2.50035 -0.814518 0.35903 0.0507211 -0.313965 -0.414481 -2.7114 -0.969233 0.34828 0.0551834 -0.322168
-1.15626 -2.0916 -1.47687 -0.381526 0.00793183 -0.905854 -0.892514 -2.19352 -1.604 -0.363645 0.00329622 -0.936382
-1.90128 -2.50814 -2.04289 -0.230449 0.184144 0.453625 -1.62551 -2.55107 -2.17444 -0.210474 0.224855 0.466409
-0.59968 -1.43608 -1.59221 0.500878 0.161029 0.192309 -0.336973 -1.43283 -1.80662 0.492885 0.170191 0.200828
-1.75188 -2.55759 -1.38096 0.428145 0.535158 0.0913118 -1.54528 -2.69303 -1.49947 0.412353 0.57155 0.0697829
-3.10167 -4.06596 -3.15709 0.144066 -0.0119587 -0.0173692 -2.80104 -4.12905 -3.18965 0.151984 -0.00629244 -0.0223101
-2.5063 -3.6299 -3.01404 0.054334 -0.0313368 -0.443597 -2.16658 -3.68976 -3.11575 0.0678084 -0.0420946 -0.449251
-0.756785 -1.72883 -0.952019 0.621811 -0.439378 0.00569231 -0.486557 -1.82862 -1.12161 0.604693 -0.477515 0.0179609
-0.767844 -1.73263 -1.0294 -0.0940831 -0.0171268 0.0969408 -0.57439 -1.83922 -1.21714 -0.085188 -0.0151604 0.108858
-2.51272 -3.71863 -2.0626 0.207021 0.269883 0.479811 -2.24905 -3.86962 -2.13313 0.19875 0.267504 0.507691
0.459964 -0.205808 0.502075 -0.120989 -0.283047 0.738466 0.665601 -0.329543 0.24149 -0.115085 -0.283023 0.756035
-1.2423 -2.56941 -1.45099 -0.0498666 0.0175039 -0.0503122 -0.940353 -2.7263 -1.60047 -0.054351 0.011386 -0.0571746
-1.43952 -2.25453 -2.15336 0.223636 -0.125196 -0.384189 -1.13924 -2.28437 -2.32044 0.218392 -0.117365 -0.393702
-1.48933 -1.46394 -1.46607 -0.0293582 0.0656668 -0.132644 -1.29666 -1.43837 -1.68991 -0.0284884 0.0534581 -0.102344
-3.79207 -4.94034 -4.05346 0.256309 0.309091 0.452926 -3.45064 -4.9249 -4.10203 0.248042 0.320664 0.465025
1.20639 0.595254 1.06538 -0.331188 0.366104 -0.59807 1.42475 0.505544 0.766255 -0.322596 0.370402 -0.627561
-3.68946 -4.69175 -3.81596 0.104277 -0.028096 0.0430968 -3.37413 -4.71185 -3.82596 0.0945934 -0.0147459 0.0488885
-1.71608 -3.22574 -2.66616 -0.486672 0.310396 0.00295337 -1.35732 -3.31783 -2.77485 -0.439707 0.331309 -0.00623734
-2.6315 -3.10052 -2.6272 -0.00403196 0.028285 -0.0324668 -2.39255 -3.07944 -2.74876 -0.0121375 0.0281624 -0.0375927
-2.20072 -2.48456 -2.82991 0.0292072 -0.0353187 -0.0762559 -1.93571 -2.45844 -2.96176 0.0550397 -0.0232351 -0.0710576
-2.67665 -3.59508 -2.34274 0.0910912 0.0222214 0.04962 -2.41542 -3.67559 -2.41222 0.086939 0.0171858 0.0567327
0.637313 -0.04778 0.413621 -0.0831252 -0.245872 0.228668 0.833278 -0.117772 0.12664 -0.092621 -0.281016 0.235229
1.63447 1.03684 1.4642 0.852085 0.130174 0.0715408 1.87365 0.91635 1.19189 0.840286 0.171676 0.0697983
-1.91203 -2.99132 -1.64819 -0.0849106 0.178512 0.406395 -1.65828 -3.13987 -1.73905 -0.101805 0.179346 0.414764
0.786593 -0.00422594 0.501725 -0.00704149 0.230391 -1.18633 1.03725 -0.122619 0.253807 -0.0152448 0.250308 -1.22246
-3.56938 -4.34474 -3.81079 -0.434205 -0.0563019 -0.223216 -3.26198 -4.29598 -3.88081 -0.41409 -0.0762209 -0.225473
-0.17194 -1.71494 -0.594953 0.0242053 0.336551 0.642731 0.117456 -1.92589 -0.759176 0.0442517 0.374862 0.666703
-4.52798 -5.50123 -4.74276 -0.0596003 -0.126843 -0.175753 -4.14246 -5.48563 -4.71223 -0.0646413 -0.130049 -0.164041
0.0251272 -1.57603 0.0742449 -0.0771809 -0.251118 0.00288796 0.296728 -1.7858 -0.128188 -0.0982945 -0.258717 -0.00782204
-2.75215 -4.20624 -2.45711 -0.359667 0.110426 0.372594 -2.48554 -4.31458 -2.50204 -0.340257 0.117602 0.370954
1.20368 0.377916 0.796297 -0.0405016 0.00375392 0.0162441 1.43749 0.310618 0.497873 -0.0337377 0.00577936 0.0110521
-0.785902 -2.57085 -1.01449 -0.0934851 -0.0479291 0.0420508 -0.484286 -2.79137 -1.16375 -0.0694349 -0.0538507 0.0532484
0.382977 -0.548181 -0.234262 0.1048 -0.0341184 0.0307876 0.631607 -0.624885 -0.486846 0.101633 -0.0286608 0.034036
0.048081 -0.504322 -0.474468 -0.125559 0.0807979 0.0140112 0.286444 -0.584793 -0.705106 -0.115348 0.0728337 0.0182325
-1.31974 -2.05438 -2.15385 -0.0848883 -0.102038 -0.1217 -1.04755 -2.02689 -2.3365 -0.0831445 -0.0855907 -0.141124
-3.62964 -4.45138 -3.45501 -0.0233799 0.195207 -0.140904 -3.31123 -4.51387 -3.46823 -0.0454256 0.24315 -0.139362
1.1643 0.526534 1.1998 -0.173667 -0.189477 -0.486584 1.39292 0.396249 0.924432 -0.156298 -0.19511 -0.52152
-4.31322 -5.31107 -4.63756 -0.0543348 0.0182091 0.00584792 -3.92497 -5.29503 -4.62513 -0.0359664 0.0168187 -0.00678122
-0.248008 -0.730335 -0.138298 0.0120417 -0.0266031 -0.0103174 -0.0505976 -0.803428 -0.365945 0.00815159 -0.0123405 -0.0141354
-1.58665 -2.21512 -1.09799 -0.104149 -0.166411 0.8572 -1.38105 -2.28104 -1.27607 -0.106847 -0.153175 0.87585
-2.81639 -3.05402 -3.22966 -0.0976588 -0.0327567 -0.0488011 -2.5826 -2.99633 -3.34438 -0.0971812 -0.0298101 -0.0730961
-3.54601 -4.50441 -3.55417 -0.195397 0.102268 0.0960676 -3.22337 -4.56564 -3.57686 -0.192979 0.0731668 0.0876679
-3.52956 -4.75431 -3.976 0.10666 -0.0415314 -0.372773 -3.18482 -4.77942 -3.99328 0.107368 -0.0540939 -0.389448
-0.398836 -1.43468 -0.812167 0.467689 0.143797 0.645266 -0.150143 -1.52225 -1.02134 0.461356 0.157583 0.650022
-0.372455 -1.01292 -0.309681 0.0109903 0.156688 -0.0610692 -0.181195 -1.09439 -0.532123 0.00184172 0.133812 -0.0691532
-1.0933 -2.70423 -1.95124 -0.0150502 -0.0830666 -0.186607 -0.747981 -2.83746 -2.09427 -0.0234577 -0.0705245 -0.188228
0.799253 0.0488519 0.739475 -0.457243 0.686915 -0.18591 1.04358 -0.0730584 0.471193 -0.442833 0.71657 -0.206023
-4.17607 -5.14397 -4.47032 0.0753117 -0.535267 -0.338198 -3.82323 -5.12442 -4.46074 0.0666679 -0.560026 -0.342387
-3.1522 -4.39887 -3.44585 -0.111484 0.466826 -0.250226 -2.80672 -4.45205 -3.47734 -0.109054 0.495903 -0.268326
-0.856515 -1.70833 -1.66724 0.236159 -0.0322847 0.14571 -0.57073 -1.74985 -1.87517 0.229566 -0.0353555 0.139518
0.306883 -0.488213 0.250258 0.0929153 0.0982007 -0.0139608 0.530064 -0.570038 -0.00531055 0.0720402 0.0792343 -0.011701
-1.71789 -1.90529 -2.25411 -0.0404337 -0.288643 -0.397135 -1.46216 -1.86762 -2.42538 -0.0457102 -0.331491 -0.399049
-1.97979 -2.47372 -2.3748 -0.36195 -0.0459879 0.165876 -1.76341 -2.46269 -2.53255 -0.355522 -0.0649258 0.16622
-2.05817 -2.91755 -2.85158 0.451718 0.195191 -0.154338 -1.73327 -2.9576 -2.96176 0.446671 0.2126 -0.150074
-1.00983 -1.6752 -1.27552 0.166412 0.074066 0.0851928 -0.744848 -1.73956 -1.46567 0.151173 0.0592586 0.0769298
-2.93951 -3.47286 -3.45944 -0.00452919 -0.0284058 0.0884627 -2.62066 -3.42915 -3.57082 -0.014546 -0.0258743 0.0850918
-0.113116 -0.741927 -0.272685 -0.671221 -0.150015 0.0935213 0.076954 -0.769569 -0.546439 -0.641145 -0.181482 0.0911117
1.33075 0.463144 0.962194 0.289053 -0.039962 -0.0482492 1.56883 0.352796 0.678019 0.276654 -0.0262316 -0.0416272
-2.36411 -3.04637 -3.06647 0.0289255 -0.181517 0.425869 -2.05823 -3.02762 -3.1996 0.0350178 -0.221598 0.431399
-3.39742 -4.29261 -3.86382 0.0790675 -0.0426684 0.222288 -3.0387 -4.3065 -3.91724 0.0646609 -0.0678509 0.240826
-4.23617 -5.29666 -4.3605 0.157243 0.195076 0.171753 -3.89478 -5.29203 -4.34138 0.165815 0.20727 0.183824
-0.125609 -0.851748 -0.467839 0.107319 -0.0543651 -0.126316 0.118118 -0.869065 -0.736987 0.09928 -0.0517188 -0.133271
-1.44079 -3.00891 -1.80148 -0.0741725 -0.00430777 0.0328658 -1.13637 -3.15453 -1.93368 -0.0791803 -0.00941288 0.0295976
-3.9186 -4.97022 -4.2495 0.0410629 0.0151951 0.0165854 -3.57678 -4.95527 -4.26382 0.0259495 0.00400923 0.0235702
-2.47674 -3.02731 -2.38798 -0.26076 -0.607093 0.142635 -2.24802 -3.06288 -2.49906 -0.250689 -0.647322 0.137132
-1.94207 -3.22574 -1.82156 -0.00560262 -0.0128088 -0.0721156 -1.68753 -3.37653 -1.91676 0.000309643 -0.0110423 -0.0668482
-3.0343 -4.20404 -3.46839 0.119671 -0.0346559 -0.0476968 -2.6947 -4.23538 -3.51374 0.104736 -0.0231747 -0.0440424
1.32602 0.0420967 1.16285 0.197622 0.183417 -0.858614 1.55957 -0.135075 0.89634 0.190837 0.193639 -0.893042
0.665215 -0.35619 0.340204 0.393005 -0.513637 0.267445 0.897897 -0.469442 0.0737551 0.402471 -0.541299 0.275589
-0.278968 -1.02231 -0.759367 0.0575607 -0.0330578 0.0198548 -0.0353091 -1.06199 -1.00521 0.0558991 -0.0192044 0.0138999
-2.92848 -4.2546 -3.43093 -0.294928 -0.0845421 -0.592194 -2.56692 -4.34506 -3.47682 -0.276191 -0.0826523 -0.602979
1.02384 0.299545 0.684623 -0.375083 0.460154 -0.413316 1.28455 0.19946 0.41493 -0.38221 0.501878 -0.43433
-2.38423 -2.97837 -2.44936 -0.0203104 -0.0252187 -0.0129499 -2.13 -3.05267 -2.5357 -0.012461 -0.0254753 -0.0164662
-0.873905 -1.76591 -1.78422 -0.312006 0.375956 -0.0212633 -0.566079 -1.83332 -1.95257 -0.299223 0.391631 -0.0148179
0.632519 -0.273665 0.28219 -0.0416634 0.0266639 0.0144207 0.841749 -0.330534 -0.00426601 -0.0546191 0.0231964 0.0198541
-1.81785 -3.10128 -2.59142 0.37008 -0.200822 0.25522 -1.48562 -3.16839 -2.71512 0.346365 -0.198881 0.275873
-2.45615 -3.51598 -3.01315 0.0254201 0.020779 -0.0410685 -2.12908 -3.56059 -3.12223 0.0231092 0.0107692 -0.0358105
0.0033857 -0.703141 -0.398553 -0.728624 -0.345677 0.467162 0.247047 -0.727806 -0.647671 -0.707316 -0.384093 0.476779
-3.31541 -4.42782 -3.95934 0.041717 -0.00549394 0.121547 -2.96319 -4.43401 -4.01568 0.0463644 0.00162652 0.125586
-0.421615 -1.2174 -1.63915 0.5455 -0.0354168 0.501389 -0.120956 -1.23158 -1.86071 0.506206 -0.0238525 0.511568
-2.21432 -2.3029 -2.16605 -0.0319086 -0.0703553 -0.187507 -2.00088 -2.25008 -2.33466 -0.0122413 -0.0554727 -0.178138
-1.21412 -2.046 -0.776142 -0.114549 -0.409151 0.312401 -1.00557 -2.1591 -0.948128 -0.0945166 -0.430705 0.324115
-1.41431 -2.65494 -1.96378 0.555545 0.38259 0.718502 -1.08299 -2.76508 -2.09727 0.548627 0.386127 0.754982
-2.95973 -4.00284 -2.88745 0.052963 -0.0619721 0.0914482 -2.6748 -4.12142 -2.92272 0.0343134 -0.0439307 0.0886046
-2.60423 -2.71337 -2.91774 0.137603 -0.127554 0.0514975 -2.36831 -2.5913 -3.09762 0.149133 -0.129725 0.0689615
-3.12894 -4.36433 -3.01183 0.0491292 0.0506188 0.0427449 -2.82858 -4.41165 -3.05738 0.0440664 0.0418714 0.0464304
-2.8194 -3.57316 -3.02793 0.129273 -0.101395 -0.0658925 -2.52655 -3.58953 -3.10263 0.0996627 -0.0844881 -0.0473392
-0.0601496 -0.664248 -0.291473 0.149665 0.118579 0.0188259 0.144456 -0.702054 -0.564703 0.151159 0.10279 0.00723021
-0.104025 -1.3056 -0.597343 -0.330966 0.253353 0.51183 0.187128 -1.4166 -0.824581 -0.320676 0.243706 0.525853
0.512238 0.147946 0.399359 0.0122084 0.112515 0.0632599 0.730056 0.0646492 0.123982 0.0258666 0.105429 0.0587243
-1.15969 -1.67887 -1.03652 -0.0280444 0.115732 0.00176575 -0.9584 -1.74407 -1.22062 -0.0197289 0.0968491 0.00694712
-0.971889 -1.24215 -0.933671 -0.0146416 -0.16159 0.124809 -0.820109 -1.26435 -1.15068 0.00313231 -0.174346 0.110789
-0.46568 -1.06531 -0.971162 0.254194 -0.25883 -0.0942192 -0.181943 -1.09726 -1.21179 0.253778 -0.283507 -0.0946794
-3.89597 -4.39315 -4.19803 0.401534 -0.293261 -0.218629 -3.57822 -4.31891 -4.25114 0.392949 -0.323525 -0.219679
-0.600205 -2.4255 -0.677094 0.362366 -0.0390983 0.543822 -0.260997 -2.69842 -0.789046 0.338075 -0.0293579 0.566815
-1.3563 -2.16141 -1.67751 0.63152 -0.429447 0.30889 -1.1133 -2.24617 -1.82674 0.616473 -0.469903 0.327537
1.06465 0.467067 0.97768 0.224854 0.0483336 0.00614649 1.28492 0.375401 0.697723 0.26351 0.0377642 -0.000885285
-2.86225 -3.68903 -3.06085 0.0857376 -0.00945937 0.06449 -2.60515 -3.6668 -3.15213 0.0799643 -0.0141071 0.0640478
-2.42757 -2.97594 -2.89995 0.0776495 0.0446662 0.0485701 -2.16185 -2.93503 -3.03593 0.061781 0.0294614 0.0643281
-0.0789223 -1.92982 -0.0755015 0.142655 0.158277 0.0406016 0.208736 -2.17929 -0.244138 0.139465 0.137955 0.0534985
-2.21213 -2.4495 -2.32018 -0.0163032 0.0522343 -0.0465188 -1.99478 -2.46914 -2.46477 -0.000344212 0.0418226 -0.0524553
-0.946793 -1.43941 -1.26108 -0.0250231 0.00467889 0.0759752 -0.735281 -1.46304 -1.47149 -0.0408466 -0.000338075 0.0851226
-3.97796 -5.13141 -4.26759 0.22234 0.0730617 0.23335 -3.61443 -5.15808 -4.24367 0.224087 0.0974749 0.228309
-0.985544 -2.26869 -1.72486 0.0123406 0.0127281 -0.733584 -0.661261 -2.36228 -1.91244 0.0152353 0.0476319 -0.759064
-1.39628 -2.37414 -1.29369 0.15036 -0.159385 -0.052366 -1.16122 -2.46179 -1.46387 0.143101 -0.1423 -0.0474529
-2.33095 -3.85769 -2.15243 0.103785 -0.0473736 -0.250233 -2.0519 -3.97237 -2.24021 0.102239 -0.0443692 -0.256353
-1.77543 -3.48462 -2.63836 0.0108643 0.0205975 0.0889679 -1.41104 -3.63811 -2.73313 0.0197178 0.00842058 0.10775
-3.08932 -4.2126 -3.63895 0.0799954 -0.0799011 0.401353 -2.76255 -4.21736 -3.71245 0.0744865 -0.0990843 0.423137
0.120569 -1.81535 -0.204817 0.00355366 0.113121 -0.206134 0.406105 -2.09534 -0.373739 -0.00193832 0.100654 -0.197109
0.196688 -0.240948 -0.114663 -0.0497576 0.0362537 0.0811672 0.422033 -0.333963 -0.351542 -0.0203041 0.0409696 0.0729661
0.80926 0.269205 0.901599 0.695431 0.343255 0.067344 0.997901 0.177245 0.617738 0.68425 0.380621 0.0650764
-1.89505 -2.22263 -1.81005 -0.105013 0.119883 -0.365456 -1.67626 -2.27186 -1.95985 -0.115387 0.129306 -0.36873
-1.54305 -2.39802 -1.86992 0.0819791 -0.0390636 0.11545 -1.42109 -2.40109 -2.09893 0.105741 -0.032701 0.133023
-2.52123 -3.15245 -3.29519 -7.99782e-07 4.3245e-07 -6.86243e-07 -2.21455 -3.06959 -3.36436 -0 1.12051e-06 0
-1.89272 -2.49296 -2.44518 0.171463 -0.0814908 -0.0299321 -1.77207 -2.47816 -2.72082 0.193034 -0.0951269 -0.014254
-1.64221 -2.1501 -2.51786 -0.0761729 0.0215928 0.0221058 -1.50496 -2.23955 -2.75047 -0.0662015 0.0221777 0.00505126
-1.71687 -2.11113 -2.13456 -0.153292 -0.119343 0.0828222 -1.58525 -2.12901 -2.35851 -0.153379 -0.116612 0.0888201
-1.66322 -2.2118 -2.09391 0.0136732 0.0358579 0.00847689 -1.53983 -2.28475 -2.32665 0.0103418 0.0425368 0.0467214
-1.87768 -2.43507 -2.23399 -0.00623287 -0.0296463 -0.111411 -1.77068 -2.458 -2.46402 0.0292291 0.00332512 -0.0905776
-1.83811 -2.18054 -1.96774 0.0188072 -0.202454 -0.0947452 -1.6993 -2.2329 -2.1703 0.0147566 -0.192805 -0.0942876
-1.52678 -2.07089 -2.20647 0.0796384 0.11993 -0.021725 -1.37967 -2.06101 -2.42999 0.040716 0.102512 -0.0250204
-1.69661 -2.1152 -2.56991 0.0452296 -0.112275 0.0236524 -1.59672 -2.13264 -2.80174 0.0435139 -0.115921 0.0144277
-1.57216 -2.3301 -2.8288 0.0417111 -0.102569 -0.0399334 -1.51605 -2.36342 -3.0455 0.0895697 -0.111838 -0.0187674
-1.58733 -2.04244 -2.09875 -0.0408244 0.0763707 -0.0128403 -1.45443 -2.04493 -2.34979 -0.0542389 0.0494028 -0.0123054
-1.42978 -2.05602 -2.64334 0.0815176 0.0847849 0.0428374 -1.40517 -2.06897 -2.84322 0.0995434 0.0630663 0.0829677
-1.52597 -1.98454 -2.05407 0.046626 -0.0199877 -0.0181082 -1.50559 -1.96764 -2.35217 0.0640193 -0.0220729 0.00405233
-1.57067 -2.16594 -2.20706 -0.00101523 0.0107591 -0.0491627 -1.44317 -2.20274 -2.42645 -0.00306852 0.00881394 -0.0227027
-1.56493 -2.19633 -2.14351 0.159191 0.0126234 0.0703786 -1.44228 -2.27209 -2.38159 0.159972 0.023064 0.0446215
-1.85201 -2.22886 -2.15498 0.0193204 -0.20739 -0.123516 -1.69007 -2.27597 -2.33375 0.0269752 -0.198227 -0.140369
-1.55864 -2.26588 -2.61194 0.233431 0.0577051 -0.0307185 -1.41684 -2.28817 -2.85974 0.225081 0.0594761 -0.0307087
-1.75394 -2.39956 -2.79205 -0.017846 -0.13624 -0.0855873 -1.62913 -2.38612 -3.00618 -0.0265572 -0.139107 -0.10362
-1.16269 -1.79831 -1.73715 0.130899 0.119605 0.235322 -1.11274 -1.84357 -1.98706 0.126996 0.0890151 0.259679
-2.31964 -2.93587 -2.87297 0.0522082 0.139277 0.0769916 -2.05584 -2.82452 -3.03973 0.0415889 0.123786 0.0647358
-1.58655 -2.1982 -2.19268 0.0208469 -0.0180683 -0.0420495 -1.45298 -2.2254 -2.40767 0.0103496 -0.0265359 -0.0183192
-1.76469 -2.36894 -2.9878 -0.121101 0.100559 0.189203 -1.63712 -2.35565 -3.22364 -0.125127 0.085867 0.175027
-1.67893 -2.17728 -2.43593 -0.00813598 0.0994763 0.155797 -1.56863 -2.2511 -2.66785 -0.0545397 0.0999731 0.177963
-2.20918 -2.71921 -2.52353 0.071922 0.13062 0.106085 -2.00243 -2.62747 -2.75083 0.0693484 0.114953 0.0947056
-1.72063 -2.07296 -2.13035 0.0809728 -0.138605 0.170851 -1.59561 -2.11211 -2.35437 0.0773629 -0.148902 0.209514
-1.69678 -2.39748 -2.96272 -0.142612 0.0644331 0.122966 -1.57017 -2.38555 -3.18494 -0.151591 0.0464037 0.103009
-1.14791 -1.90961 -1.65421 -0.00556873 0.187452 0.237851 -1.0798 -1.97704 -1.89351 -0.0143509 0.150523 0.268888
-1.92083 -2.29684 -2.87926 0.00505204 -0.0918924 -0.0301168 -1.81271 -2.31356 -3.12267 0.00121631 -0.0831072 -0.0210163
-1.62665 -2.17935 -2.27194 0.0105924 -0.0717317 0.0217697 -1.46739 -2.25053 -2.46113 0.0233991 -0.067285 -0.000508712
-5.20959 -4.75773 -4.80346 -0.18285 0.100356 -0.170022 -5.1681 -4.66655 -4.71571 -0.216265 0.0817777 -0.148563
-5.24096 -4.62433 -4.65993 -0.177185 -0.0567642 0.0264054 -5.18125 -4.56079 -4.54555 -0.19921 -0.0589137 0.0107683
-5.41102 -4.84566 -4.44307 0.0829554 0.00961739 0.0955939 -5.42089 -4.65615 -4.33734 0.0698573 0.0245752 0.0818365
-5.21315 -4.53765 -4.37543 -0.210487 0.122047 0.0229821 -5.18633 -4.43798 -4.25929 -0.202673 0.107421 0.056391
-5.16698 -4.7511 -4.82776 -0.155211 0.10607 -0.00680255 -5.09896 -4.71936 -4.68243 -0.210361 0.0754885 -0.026272
-5.21447 -4.81565 -4.68936 -0.111234 -0.0257197 0.248902 -5.15638 -4.70404 -4.53806 -0.156483 -0.0500811 0.26626
-5.30725 -4.69016 -4.61714 -0.074684 0.000806445 -0.0934092 -5.29543 -4.55355 -4.51717 -0.0959041 0.0198471 -0.0904932
-5.42406 -4.75539 -4.8 -0.0686652 0.0977693 0.142603 -5.322 -4.64592 -4.67069 -0.0891206 0.104121 0.127752
-5.34343 -4.82176 -4.79856 -0.145049 -0.0275439 -0.045582 -5.36298 -4.76852 -4.58123 -0.18248 -0.0497251 -0.0299378
-5.57239 -5.29875 -4.79312 -0.294187 0.060944 -0.152386 -5.5112 -5.11342 -4.65871 -0.328562 0.0518182 -0.144162
-5.1765 -4.66629 -4.65374 -0.184099 0.0208235 -0.0127486 -5.16408 -4.51737 -4.55861 -0.210755 0.0324626 -0.0357339
-5.2044 -4.65604 -4.48698 -0.196131 0.0522276 -0.00710207 -5.16744 -4.49394 -4.3776 -0.218233 0.0597676 -0.0301497
-5.07505 -4.89524 -4.86151 -0.1771 0.169708 -0.103711 -5.0288 -4.79114 -4.75893 -0.198338 0.152576 -0.11187
-5.53553 -4.89664 -4.73608 -0.315339 -0.0498054 -0.0174546 -5.51842 -4.76304 -4.60172 -0.339189 -0.0852333 -0.050746
-5.34349 -4.6612 -4.77638 -0.0750696 -0.0988639 0.023481 -5.34594 -4.64478 -4.58068 -0.0708622 -0.110759 0.0622522
-5.29592 -4.86882 -4.7781 -0.0644196 0.106448 0.114038 -5.2274 -4.81686 -4.64017 -0.119761 0.0698869 0.124058
-5.36373 -4.75588 -4.68122 -0.198302 0.119303 -0.196419 -5.34216 -4.67231 -4.51322 -0.172998 0.109608 -0.157892
-5.3844 -4.70168 -4.71528 -0.137501 0.0822451 -0.113272 -5.37189 -4.63774 -4.54259 -0.114951 0.0721484 -0.0789446
-5.21382 -4.98435 -4.57023 -0.320138 0.0743181 -0.147394 -5.23145 -4.82202 -4.42188 -0.320991 0.0753121 -0.135525
-5.55382 -5.08719 -4.69044 -0.204083 0.125191 -0.0431606 -5.51227 -4.95385 -4.54424 -0.238712 0.130751 -0.0238462
-5.16285 -4.63159 -4.58502 -0.198593 0.0393 0.0108448 -5.14033 -4.46969 -4.48519 -0.222123 0.0440933 -0.0124894
-5.23005 -4.59903 -4.76024 -0.12802 -0.176914 0.0296681 -5.24109 -4.59013 -4.55761 -0.144996 -0.193858 0.0613002
-5.18909 -4.53718 -4.61931 -0.135825 -0.0276985 -0.0739669 -5.14359 -4.45129 -4.53476 -0.146064 -0.00227899 -0.0865937
-5.26416 -4.72339 -4.41346 -0.232706 0.163824 -0.277046 -5.20562 -4.60609 -4.25193 -0.222508 0.16507 -0.252856
-5.30411 -5.11143 -4.80431 -0.101137 0.0347855 0.158217 -5.24101 -4.983 -4.64137 -0.117639 0.0499243 0.153763
-5.25382 -4.76262 -4.52988 -0.135728 0.022773 -0.121609 -5.28148 -4.5762 -4.40993 -0.126991 0.0176344 -0.109915
-5.1718 -4.83263 -4.72481 -0.134462 -0.124748 0.192187 -5.13343 -4.6808 -4.58309 -0.173095 -0.128934 0.215821
-5.50955 -4.52982 -4.63717 -0.0745333 0.0520181 -0.0570278 -5.47814 -4.43924 -4.52909 -0.0708256 0.0589338 -0.0333357
-4.92432 -4.66725 -4.19206 -0.497941 0.0921707 0.0179696 -4.91301 -4.51951 -4.09267 -0.506268 0.0757015 -0.0334665
-5.0968 -4.83223 -4.46887 -0.108653 0.0449089 0.213028 -5.11434 -4.69392 -4.36561 -0.101026 0.034169 0.20917
-5.22496 -4.5192 -4.36561 -0.177598 0.129659 0.153651 -5.36867 -4.43004 -4.25719 -0.150263 0.165197 0.163708
-5.4474 -4.87385 -4.814 0.0158307 0.11635 0.0881846 -5.49965 -4.75302 -4.74086 -0.00291645 0.216247 0.128193
-5.58466 -5.15693 -4.89948 -0.203452 0.0238653 0.260886 -5.61795 -5.01322 -4.80098 -0.194875 0.0673204 0.273773
-5.6178 -5.13136 -4.89993 -0.143234 0.141749 0.0903253 -5.68335 -4.95827 -4.74371 -0.154198 0.177736 0.16284
-5.47768 -4.76349 -4.76309 -0.254442 -0.167669 0.358047 -5.49304 -4.55005 -4.61255 -0.221782 -0.141245 0.348647
-5.54572 -4.67835 -4.46601 -0.0944307 -0.207353 0.0650189 -5.49913 -4.56209 -4.33155 -0.19646 -0.146629 0.0677077
-5.18458 -4.24085 -4.72571 -0.0684719 0.0600987 0.0686809 -5.24227 -4.14038 -4.60125 -0.0809763 0.163901 0.130857
-5.70297 -4.89747 -4.61502 -0.0490175 0.141612 0.230391 -5.7505 -4.75936 -4.51123 -0.0641935 0.1659 0.231576
-5.84729 -4.79006 -5.00456 0.0397011 -0.0972086 0.148033 -5.8086 -4.63525 -4.86424 0.0268447 -0.0587732 0.172324
-5.61588 -5.01419 -4.69696 -0.101732 -0.122833 0.236595 -5.6112 -4.89579 -4.52084 -0.0917733 -0.0301432 0.232399
-5.56023 -5.09421 -4.66165 -0.167061 0.105591 0.334812 -5.60055 -4.93716 -4.5562 -0.163427 0.131357 0.334904
-5.69945 -5.09179 -4.97881 0.043157 0.27125 0.183222 -5.67202 -4.87516 -4.79858 -0.0244487 0.266384 0.214432
-5.88854 -5.34746 -5.17187 -0.217055 -0.0299745 0.0156646 -5.89613 -5.14487 -5.0594 -0.221217 0.0252761 0.0348025
-5.65265 -4.67014 -4.68359 -0.0900789 0.0573186 0.18749 -5.69857 -4.56373 -4.62632 -0.0948463 0.0582621 0.221284
-5.25426 -4.53493 -4.22803 -0.0173565 0.0893602 0.0722401 -5.38557 -4.44393 -4.15467 0.0368092 0.115511 0.0995263
-5.51238 -4.93022 -4.46514 -0.0806878 0.199932 0.040586 -5.55765 -4.82882 -4.35167 -0.0401662 0.243856 0.0780033
-5.61714 -5.24561 -4.90598 -0.119935 0.267176 0.197765 -5.59213 -5.11228 -4.78357 -0.151697 0.286416 0.229506
-5.37995 -4.48923 -4.46948 -0.243339 -0.125937 0.176573 -5.47296 -4.39898 -4.33759 -0.191219 -0.0699689 0.201139
-5.701 -4.99809 -4.85012 -0.00706776 -0.00195043 -0.0852653 -5.77095 -4.88046 -4.71837 0.0165469 0.021172 -0.0189834
-6.06064 -5.38046 -5.30332 -0.134549 0.347878 -0.0535386 -6.09809 -5.21297 -5.12453 -0.19149 0.34719 -0.0145143
-5.37389 -4.54741 -5.00529 -0.163531 0.0593368 0.0724855 -5.40103 -4.43458 -4.89614 -0.186722 0.0900978 0.065109
-5.5382 -4.7736 -4.76581 0.0679846 0.161729 0.132617 -5.56371 -4.5798 -4.66278 0.0355132 0.153129 0.159429
-5.11742 -4.2003 -4.25841 0.0525635 -0.0711276 0.162454 -5.18868 -4.09417 -4.101 0.0270588 0.028883 0.196297
-5.23481 -4.76368 -4.57034 -0.110973 0.0462649 0.0214694 -5.27142 -4.62987 -4.40631 -0.154113 0.115875 0.107861
-5.30882 -4.70265 -4.30757 0.0219926 -0.00695737 -0.00637144 -5.41806 -4.5903 -4.22563 0.0730444 0.0180212 0.0331908
-5.18257 -4.44587 -4.30616 -0.255746 -0.00429581 0.329072 -5.20097 -4.29148 -4.23785 -0.237625 0.0517595 0.320596
-5.30891 -4.73095 -4.56167 -0.213436 -0.0314682 0.114267 -5.34639 -4.57952 -4.45048 -0.224808 0.0445554 0.170188
-5.14643 -4.47057 -4.06281 -0.315353 0.000356286 0.186013 -5.14944 -4.32838 -3.94601 -0.330318 0.0548392 0.162509
-5.54296 -4.72326 -4.77379 -0.0828973 0.128024 0.0460607 -5.57381 -4.60719 -4.58187 -0.0810001 0.162358 0.0841167
-5.16991 -4.64677 -4.67541 -0.281589 0.109126 0.0749016 -5.20563 -4.49553 -4.50523 -0.324757 0.168941 0.146209
-5.25462 -4.96102 -4.98595 0.0481801 -0.0666157 -0.257018 -5.18759 -4.86836 -4.83356 0.0271746 -0.0860403 -0.254937
-5.16743 -4.7947 -4.2451 -0.277859 -0.183895 -0.197156 -5.13121 -4.7282 -4.18642 -0.270494 -0.196656 -0.204009
-5.2457 -4.94982 -4.74225 -0.0895316 -0.168133 -0.26869 -5.23093 -4.81671 -4.62734 -0.0605813 -0.176922 -0.338434
-5.01867 -4.6794 -4.48958 -0.00316079 -0.193865 -0.258948 -4.98021 -4.62879 -4.39019 -0.0342278 -0.208809 -0.268398
-4.8752 -4.6673 -4.25801 0.0182236 -0.386173 -0.269472 -4.80956 -4.56432 -4.16747 0.0225624 -0.392877 -0.312161
-4.92145 -4.42188 -4.50391 -0.0995205 -0.15791 -0.326475 -4.89094 -4.35424 -4.39925 -0.100229 -0.209815 -0.386426
-5.38788 -4.87596 -4.57512 -0.093983 -0.242082 -0.085934 -5.38759 -4.72477 -4.48979 -0.0996449 -0.227571 -0.0687255
-5.04373 -4.67904 -4.98493 -0.0312304 -0.231347 -0.274381 -5.02142 -4.62216 -4.82772 -0.0660647 -0.207445 -0.30294
-4.97986 -4.60821 -4.65008 -0.164245 -0.0712976 -0.0378097 -5.00624 -4.51394 -4.51445 -0.129329 -0.102331 -0.0765838
-4.94342 -4.61833 -4.65088 -0.148411 -0.0611094 -0.148049 -4.96013 -4.52886 -4.51332 -0.102287 -0.102089 -0.199487
-4.80044 -4.39795 -4.57314 -0.0549151 -0.0710462 -0.172923 -4.7692 -4.36306 -4.48085 -0.0774843 -0.105599 -0.239703
-5.32189 -5.06502 -5.05826 -0.272151 -0.179296 -0.0244637 -5.29785 -4.93837 -4.913 -0.281309 -0.182915 -0.0432628
-4.8829 -4.53026 -4.62475 -0.084019 -0.266967 -0.0734047 -4.85782 -4.50904 -4.50317 -0.103959 -0.290537 -0.0687425
-5.15431 -4.85139 -4.49382 0.0496971 -0.197845 -0.0606932 -5.07579 -4.76299 -4.39098 0.0471087 -0.215474 -0.0809539
-5.06673 -4.97645 -4.58463 -0.112858 -0.134328 -0.081694 -5.09947 -4.82127 -4.49631 -0.115871 -0.142131 -0.0933841
-4.83386 -4.57057 -4.56243 -0.116597 -0.169491 -0.266637 -4.77568 -4.51937 -4.47123 -0.161416 -0.187993 -0.298235
-5.30846 -4.931 -4.70672 -0.00312686 -0.227103 -0.0347703 -5.19443 -4.83432 -4.56955 -0.0259735 -0.256437 -0.0528267
-4.91333 -4.4541 -4.55628 -0.27863 -0.00302071 -0.168292 -4.83892 -4.41224 -4.48707 -0.29013 -0.036399 -0.185633
-5.3518 -5.27064 -4.88309 -0.165853 -0.0694617 -0.152231 -5.30339 -5.06118 -4.75677 -0.141777 -0.105361 -0.174
-4.78341 -4.34796 -4.54473 -0.247409 -0.0165532 -0.0975257 -4.72019 -4.32318 -4.47199 -0.264619 -0.0559282 -0.131629
-5.23934 -4.80443 -4.92227 -0.210407 -0.223473 -0.326293 -5.15713 -4.75132 -4.77105 -0.219133 -0.246963 -0.353702
-4.91176 -4.4855 -4.56351 -0.0817094 -0.252137 -0.119877 -4.88388 -4.45606 -4.4325 -0.0909175 -0.281682 -0.129239
-5.0475 -4.80496 -4.61667 0.158926 0.079888 -0.277493 -5.0408 -4.6408 -4.4985 0.151963 0.0422895 -0.31971
-5.00469 -4.87651 -4.37637 -0.0795527 0.0375018 -0.424261 -5.02906 -4.75235 -4.27031 -0.0959336 -0.00524973 -0.474315
-5.25827 -5.02262 -4.28325 0.0792931 0.0418403 -0.486457 -5.24682 -4.86161 -4.19246 0.0766238 0.00284225 -0.486754
-5.2839 -4.95991 -4.59234 -0.225564 -0.180673 -0.370195 -5.26518 -4.86507 -4.49404 -0.218356 -0.168616 -0.370019
-4.7437 -4.34312 -4.52664 -0.16631 -0.0311059 -0.102915 -4.69236 -4.316 -4.44497 -0.18559 -0.0714139 -0.152986
-5.00663 -4.6962 -4.81251 -0.0808797 -0.310688 -0.245063 -4.96564 -4.64326 -4.64478 -0.120805 -0.307957 -0.293295
-5.12246 -4.65461 -4.43462 -0.0379174 -0.137664 -0.0920099 -5.08337 -4.53975 -4.31284 -0.0629787 -0.171728 -0.110976
-5.19586 -4.99282 -4.51884 -0.000240113 0.00434696 -0.209015 -5.15397 -4.87117 -4.38404 -0.0124088 -0.0268809 -0.259485
-4.91459 -4.69836 -4.15811 -0.106382 -0.058336 0.201497 -4.87472 -4.75573 -4.07844 -0.114893 -0.0449506 0.228106
-4.71966 -4.25501 -4.16233 0.389261 -0.121348 -0.165191 -4.75702 -4.26415 -3.97988 0.417266 -0.18073 -0.170695
-4.90718 -4.57985 -4.35486 0.197772 0.0881191 0.136902 -4.88864 -4.59528 -4.26064 0.162443 0.0450843 0.154838
-4.92497 -4.30531 -4.63645 0.0891832 0.099888 0.194613 -4.92679 -4.35763 -4.49653 0.108042 0.12251 0.210596
-4.96375 -4.69916 -3.98332 -0.137704 0.0677232 -0.053626 -4.9179 -4.61958 -3.95411 -0.160153 0.0860125 -0.0376587
-4.52805 -4.09189 -4.30977 -0.106899 0.218286 0.0358659 -4.53629 -4.10893 -4.20274 -0.0493872 0.157063 0.0919304
-4.68427 -4.52577 -4.43445 0.009347 0.0762393 0.165399 -4.57214 -4.45867 -4.35708 0.00128136 0.0763484 0.138727
-4.90576 -4.55484 -4.37226 0.207286 0.103135 0.254496 -4.86853 -4.58027 -4.24878 0.176192 0.0588293 0.251428
-5.14882 -4.96886 -4.67739 -0.0129176 0.124268 -0.00536026 -5.12224 -4.9685 -4.52101 -0.0457405 0.110076 -0.0266875
-4.77587 -4.50347 -4.32595 0.194538 0.0283566 0.257154 -4.77609 -4.48684 -4.23852 0.136101 0.029216 0.285332
-5.085 -4.71902 -4.73784 -0.0547402 0.105553 0.117666 -5.07983 -4.74978 -4.58023 -0.0512964 0.143097 0.119738
-4.87622 -4.48193 -4.4038 0.0952104 -0.108138 -0.0311979 -4.86202 -4.47705 -4.26738 0.133825 -0.0758453 0.01513
-4.87913 -4.65087 -4.43829 0.166282 0.272261 0.216106 -4.86029 -4.63647 -4.40711 0.16945 0.203729 0.236488
-4.34658 -4.38402 -3.95792 0.11225 0.165979 0.359313 -4.31121 -4.38316 -3.8753 0.0955566 0.213082 0.373788
-4.93989 -4.79333 -4.40818 0.187907 -0.217077 0.316376 -4.88105 -4.76451 -4.25867 0.203428 -0.202272 0.322832
-5.18089 -5.13248 -4.73747 -0.0140507 0.0199219 0.160202 -5.14904 -5.10806 -4.63066 -0.0120063 0.0149427 0.12846
-4.76101 -4.74755 -4.27066 -0.0499964 -0.0239817 0.101884 -4.67412 -4.76666 -4.18221 -0.0585162 0.00561429 0.128562
-4.83877 -4.66824 -4.6233 0.0699441 -0.105025 0.279124 -4.82894 -4.68534 -4.52677 0.0301027 -0.115255 0.271167
-4.66819 -4.76137 -4.43303 0.15297 -0.00951147 0.0327009 -4.59315 -4.76282 -4.28452 0.127879 -0.0578005 0.0224687
-4.88229 -4.35678 -4.43828 0.0790222 -0.0640687 0.246765 -4.92715 -4.34362 -4.28375 0.125675 -0.0939595 0.231298
-4.80077 -4.64241 -4.49214 -0.0489525 -0.0301968 0.2598 -4.75367 -4.64923 -4.43772 -0.0672752 -0.0412492 0.229517
-4.53732 -4.01876 -4.31593 0.0509307 0.277599 -0.0353948 -4.53538 -4.0533 -4.19554 0.0815327 0.211859 0.00468603
-4.92338 -4.83434 -3.91729 -0.0527444 -0.0516488 0.0611996 -4.90624 -4.69271 -3.78711 -0.0317408 -0.0532266 0.0772724
-5.02678 -4.69315 -4.64684 -0.159732 -0.0730906 0.175198 -5.00781 -4.67816 -4.44627 -0.174472 -0.0614994 0.148755
-4.97661 -4.77449 -4.44471 0.185503 -0.119975 0.396661 -4.93503 -4.75489 -4.30556 0.203531 -0.114811 0.412448
-4.74247 -4.86775 -4.68969 0.0819785 -0.0856625 -0.000743911 -4.6709 -4.83194 -4.56558 0.066097 -0.106663 -0.0114643
-5.09055 -4.67567 -4.46732 -0.0196139 -0.0742135 0.11998 -5.06503 -4.62339 -4.28426 -0.0229455 -0.0688744 0.088791
-4.91039 -4.67319 -4.64075 -0.231307 -0.0369948 0.186125 -4.89785 -4.70144 -4.45149 -0.25227 -0.0126599 0.173409
-4.88149 -4.60665 -4.5403 0.148953 -0.154639 0.179264 -4.89953 -4.54013 -4.40488 0.185346 -0.163015 0.161753
-5.03953 -4.71329 -4.43033 0.129705 0.135494 0.0385578 -4.94617 -4.66874 -4.37392 0.12022 0.127928 0.0290597
-4.28934 -4.32791 -3.72833 -0.0463134 0.0210182 -0.0239076 -4.33422 -4.31042 -3.57084 -0.0840781 0.0358106 -0.003021
-4.82576 -4.16142 -4.35801 0.00994879 -0.0202475 -0.0523974 -4.80976 -4.14179 -4.15338 0.00548713 -0.0249845 -0.0453102
-4.36153 -3.85078 -3.656 -0.0309488 -0.0787457 -0.0578553 -4.50225 -3.87059 -3.56027 -0.0762484 -0.0810672 -0.107463
-4.58584 -3.97449 -3.80998 0.0340012 -0.188662 0.0718269 -4.63442 -4.001 -3.61577 -0.00672742 -0.136377 0.0811015
-4.90802 -4.31221 -4.16076 -0.326775 -0.139779 0.0839599 -4.91457 -4.32782 -4.05684 -0.29697 -0.182574 0.142602
-4.68658 -4.35782 -4.22362 -0.127877 0.00834865 0.0469892 -4.64384 -4.37352 -4.08204 -0.143722 0.0249503 0.067073
-4.9827 -4.63754 -4.45523 -0.161114 0.0539363 0.177506 -4.9369 -4.64548 -4.2283 -0.155708 0.0112835 0.208723
-4.47046 -4.45987 -3.92368 -0.131739 0.0989452 -0.122446 -4.47033 -4.4917 -3.82726 -0.0991371 0.0848288 -0.0878011
-4.75617 -4.24225 -4.04442 -0.295277 0.0309184 0.177337 -4.72148 -4.24539 -3.95231 -0.31077 0.0193727 0.188955
-4.85472 -4.26119 -4.15532 -0.362943 -0.223769 0.0572976 -4.85943 -4.30139 -4.03805 -0.319083 -0.262286 0.1052
-4.72835 -4.47832 -3.67704 -0.246318 0.144332 0.150045 -4.75846 -4.50166 -3.60198 -0.263072 0.102351 0.132227
-4.4719 -3.99804 -3.90538 -0.240501 0.169933 -0.100692 -4.47746 -3.9378 -3.80196 -0.22156 0.132794 -0.0932053
-4.26524 -4.23791 -3.59198 -0.0386053 0.0718512 -0.175485 -4.32883 -4.25722 -3.5283 -0.0465077 0.0807596 -0.14591
-4.95856 -4.46219 -3.78851 -0.0980504 0.00856518 0.158082 -4.97564 -4.42045 -3.68155 -0.150425 -0.018217 0.147475
-4.42442 -4.51723 -3.86694 -0.115318 0.0198475 -0.226086 -4.44334 -4.54103 -3.75327 -0.102212 0.0282543 -0.188274
-4.72781 -4.08932 -3.55981 0.029162 0.0566493 0.00529826 -4.76683 -4.10366 -3.39627 0.0439527 0.0424652 0.0255586
-4.37154 -4.03637 -3.88147 -0.221743 -0.131904 -0.0538194 -4.41296 -4.08562 -3.75641 -0.204439 -0.187075 -0.0161714
-4.23803 -3.98369 -3.59776 -0.252579 -0.0141591 0.0522847 -4.31474 -4.03831 -3.46704 -0.249688 -0.0643137 0.106455
-4.81782 -4.45901 -3.9948 -0.0826802 -0.247845 0.0438726 -4.82069 -4.38385 -3.87558 -0.0956784 -0.243777 0.0229213
-4.60774 -4.20613 -3.91271 -0.0489632 0.0466621 -0.0181926 -4.546 -4.26488 -3.7503 -0.0612788 0.060245 0.00594194
-5.03616 -4.31055 -4.36985 0.090729 0.00934013 -0.0329509 -5.04264 -4.26389 -4.17332 0.0830031 -0.00954403 -0.0552796
-5.10805 -4.3187 -4.3583 0.0531683 0.0499703 0.0136798 -5.1346 -4.2722 -4.17722 0.0476094 0.0254655 -0.0209999
-4.69902 -4.41927 -3.70637 -0.0946946 -0.126627 0.156505 -4.6869 -4.43816 -3.52951 -0.0655679 -0.108149 0.177451
-4.54742 -4.09636 -3.96914 -0.236052 -0.200059 -0.15797 -4.56938 -4.15398 -3.84456 -0.203136 -0.251337 -0.129373
-4.48119 -4.15686 -3.66247 0.00426977 -0.0347316 -0.24795 -4.58456 -4.1352 -3.52702 -0.0438173 -0.0509086 -0.24172
-4.93264 -4.55145 -4.44699 -0.0777528 0.129884 0.101009 -4.91598 -4.55 -4.23385 -0.091461 0.0942909 0.134625
-4.83656 -4.40288 -4.06073 -0.128367 0.0912897 0.0780132 -4.82262 -4.3608 -3.9141 -0.151715 0.116457 0.106282
-4.7376 -4.16398 -4.0402 -0.281302 -0.28163 -0.179126 -4.74539 -4.23782 -3.91969 -0.235534 -0.326435 -0.153369
-4.73765 -4.37668 -4.13498 -0.1338 -0.121429 0.0399939 -4.75038 -4.33624 -3.97815 -0.12002 -0.129435 0.00890194
-4.75812 -4.59934 -3.93978 -0.0435087 -0.0553754 -0.0654751 -4.76966 -4.51201 -3.82395 -0.0479374 -0.072459 -0.111345
-3.98567 -4.30384 -4.64946 -0.0824475 -0.257197 0.170286 -4.02171 -4.39482 -4.83892 -0.0852621 -0.28801 0.234335
-3.91352 -3.83287 -4.27113 0.0834846 0.0318388 0.0406969 -4.02286 -3.9702 -4.50447 0.0792376 0.0460387 0.128913
-4.16812 -3.98 -4.20284 -0.222589 0.0685814 0.108825 -4.28957 -4.12788 -4.45245 -0.286038 0.152648 0.0979247
-3.64521 -4.15343 -3.77235 0.0587174 0.0346463 -0.218112 -3.84044 -4.27908 -4.06829 0.0289824 0.00913183 -0.140338
-3.82515 -2.92949 -4.46533 -0.0693194 0.166648 -0.0195421 -3.76854 -3.31334 -4.78573 -0.034036 0.249025 0.0431686
-3.78921 -3.46634 -4.2905 0.067382 0.0687492 -0.00251598 -3.83736 -3.66485 -4.58928 0.0275425 0.0942533 0.00918769
-4.38614 -4.59353 -4.52801 -0.368652 0.000937857 0.39477 -4.40791 -4.67214 -4.56872 -0.471056 -0.0664145 0.442701
-4.02321 -3.71102 -4.12013 -0.167234 -0.165186 0.100538 -4.21224 -3.71825 -4.27701 -0.200757 -0.18529 0.0712696
-3.86746 -4.11399 -3.89266 -0.37159 -0.00272745 0.311825 -3.87081 -4.20492 -3.95551 -0.473136 -0.0307726 0.399072
-4.57998 -4.37333 -4.31526 0.000545083 -0.0715426 0.299749 -4.77123 -4.55066 -4.59146 -0.00433298 -0.0907316 0.344355
-4.09965 -3.90916 -4.29849 -0.267709 -0.166221 0.299471 -4.29783 -4.10949 -4.36378 -0.329518 -0.225558 0.231594
-3.784 -3.8276 -4.68829 0.113612 -0.153787 0.0742684 -3.77958 -4.03677 -4.88561 0.0773353 -0.0938481 0.101412
-3.43437 -3.77146 -4.05211 -0.0535363 0.0824753 0.153858 -3.62371 -4.00858 -4.38691 -0.165948 0.0845055 0.19928
-4.16222 -3.73879 -4.21902 0.0438313 0.0213108 0.274377 -4.36223 -3.90556 -4.41573 -0.0515446 0.0580964 0.199328
-4.65559 -3.67359 -5.52207 -0.0455835 -0.109502 0.0643973 -4.42323 -3.87261 -5.6955 -0.0530702 -0.0576535 0.0776225
-2.01793 -1.27135 -1.67496 -0.012895 0.0792623 -0.455625 -2.19775 -1.84377 -2.26941 0.0316187 0.154297 -0.408933
-4.20473 -4.00591 -4.39251 0.097484 0.0144581 0.186739 -4.34313 -4.12929 -4.49667 0.0804427 0.00440469 0.233457
-4.39401 -3.9048 -4.30597 -0.12954 0.108307 0.186701 -4.54936 -3.9358 -4.45768 -0.194043 0.0599262 0.240637
-3.16391 -2.44505 -3.4348 -0.00152856 0.118704 -0.158958 -3.24175 -2.95523 -3.88402 0.0450756 0.200768 -0.0897852
-4.15386 -4.47573 -4.63017 -0.172755 -0.0530243 -0.0668555 -4.30147 -4.55122 -4.8021 -0.146172 0.0256873 0.018081
-3.79396 -3.60413 -4.00441 0.121765 -0.27519 0.118917 -3.87402 -3.68161 -4.11543 0.0859383 -0.285993 0.172217
-3.89177 -3.72363 -3.89509 0.0100644 0.0767252 0.166837 -4.09383 -3.98291 -4.11471 0.036784 0.110167 0.112354
-4.35214 -4.64446 -4.31927 0.0426295 -0.169419 0.153091 -4.37304 -4.64887 -4.36848 0.0644762 -0.104186 0.160472
-4.31724 -3.32139 -5.1015 -0.0861208 0.0851027 0.0230751 -4.1463 -3.60309 -5.32619 -0.0781839 0.156364 0.0638115
-3.37769 -3.69998 -4.11595 -0.210147 -0.0594371 0.0228158 -3.56586 -3.88244 -4.44291 -0.300896 -0.0854404 0.0692699
-3.92095 -4.07646 -4.25143 -0.200168 0.180472 0.0484215 -4.11839 -4.27514 -4.54479 -0.229738 0.25597 0.0950678
-4.0019 -3.74179 -4.12048 -0.00681457 -0.131702 0.129437 -4.18261 -3.86249 -4.36669 -0.0595375 -0.131014 0.0596314
-4.5692 -4.19226 -4.27275 -0.097452 -0.192447 -0.0586508 -4.67248 -4.20797 -4.4397 -0.131627 -0.18402 -0.135308
-5.01335 -4.20423 -5.86522 -0.089165 -0.162044 0.208182 -4.75181 -4.36127 -6.01488 -0.0913294 -0.115448 0.225578
-3.8242 -3.85844 -3.7144 -0.190248 0.17015 -0.0539802 -4.03857 -4.08665 -4.02843 -0.319653 0.17864 0.00741417
-2.92357 -2.1157 -3.07378 -0.00951198 0.222921 -0.176055 -2.99439 -2.6287 -3.56296 0.0116521 0.285977 -0.102441
-4.65993 -4.14384 -5.94452 -0.000334818 -0.116692 0.178231 -4.45183 -4.25889 -6.02728 -0.0173965 -0.102331 0.190855
-4.36406 -4.34495 -4.51297 -0.290481 0.121096 0.0201413 -4.40304 -4.38996 -4.63946 -0.340778 0.202053 -0.0504299
-4.28329 -3.82532 -4.1351 -0.0205039 0.420152 -0.155842 -4.25302 -3.78795 -4.22319 -0.00785824 0.493209 -0.135445
-3.49122 -2.62811 -4.23696 -0.059211 0.184865 -0.122143 -3.44838 -3.03628 -4.59366 -0.0654709 0.232681 -0.0477674
-3.59714 -3.66741 -4.05633 0.324031 0.130901 -0.158388 -3.66344 -3.775 -4.34957 0.326295 0.165922 -0.231896
-3.82528 -3.87223 -3.8186 -0.152306 0.0380456 -0.139594 -3.87558 -3.83987 -3.86814 -0.131277 0.0970707 -0.17193
-4.03993 -4.0856 -4.3969 -0.0163161 -0.0164799 -0.00847081 -4.0948 -4.06186 -4.45871 -0.00826191 0.0170123 -0.0654254
-3.56833 -3.61586 -3.95092 -0.180208 0.331611 -0.107219 -3.67663 -3.60347 -4.07914 -0.17059 0.416538 -0.0507242
-5.06558 -4.71427 -5.9882 -0.0341868 -0.147517 0.224683 -4.87008 -4.78127 -6.09459 -0.0497846 -0.125354 0.22536
-3.8758 -3.93093 -3.90982 -0.144599 0.212126 -0.0476808 -4.01039 -3.92171 -3.97989 -0.108909 0.241104 -0.0611946
-4.29516 -4.30476 -4.35913 -0.138707 -0.0130305 -0.0436641 -4.26656 -4.3613 -4.52401 -0.243113 0.0504326 -0.122915
-4.15299 -4.43865 -4.43462 0.131277 -0.210545 -0.107377 -4.04861 -4.38813 -4.50983 0.105637 -0.12372 -0.105859
-1.99583 -1.21565 -1.64583 -0.0357202 0.0815828 -0.463963 -2.17327 -1.7802 -2.24127 0.0118589 0.152455 -0.414653
-3.35322 -4.01618 -4.56366 0.0662138 0.0392782 0.181336 -3.45546 -4.10147 -4.78932 0.0831713 0.107885 0.150012
-3.72719 -4.16349 -4.59259 0.0644267 0.227471 0.055276 -3.86412 -4.25314 -4.80322 0.0565602 0.197793 0.0112757
-4.14916 -3.83821 -4.80638 0.0405112 -0.109924 -0.065984 -4.18591 -3.86111 -5.10275 0.0644742 -0.0588106 -0.0449247
-3.82164 -3.6896 -4.31191 0.0285662 -0.137366 -0.0758252 -3.82726 -3.83483 -4.60117 0.0155616 -0.082892 -0.128074
-4.21013 -3.59218 -5.5001 -0.0831731 -0.0680926 0.0350239 -4.02666 -3.80826 -5.6353 -0.0959159 -0.0348837 0.0711433
-3.8279 -4.09618 -4.23521 0.0726319 0.128176 -0.184472 -3.86456 -4.11812 -4.38068 0.0800077 0.17671 -0.182635
-3.84212 -3.7189 -3.46302 -0.0461407 0.333593 -0.0593015 -3.94449 -3.6512 -3.45197 -0.0499707 0.369767 -0.0269249
-4.1228 -3.83527 -4.21633 0.169454 0.0356745 -0.0845616 -4.09206 -3.95637 -4.30686 0.188651 0.091478 -0.125071
-3.85681 -3.1697 -5.04697 -0.0865081 0.0715953 -0.0706366 -3.72064 -3.47349 -5.27976 -0.0996242 0.118395 -0.0102101
-4.40474 -4.16791 -4.83342 -0.173343 -0.0230197 -0.0408596 -4.48798 -4.25029 -4.9396 -0.186702 0.00649552 -0.0242545
-4.45468 -4.6265 -4.85073 -0.12083 0.202864 0.068717 -4.55525 -4.75583 -5.01543 -0.116852 0.243281 0.0500801
-3.90854 -3.8748 -4.46663 -0.0302397 0.36379 -0.343351 -3.99302 -3.90506 -4.48632 -0.0157937 0.479429 -0.393192
-3.48418 -3.49924 -3.51536 0.139184 0.135611 0.0660333 -3.59488 -3.55425 -3.56253 0.129834 0.24485 0.110121
-3.74535 -3.94407 -3.8203 -0.0962273 0.29847 0.0767115 -3.81204 -3.97909 -3.9477 -0.0559053 0.362031 0.0873462
-3.95939 -3.94134 -3.89305 -0.139442 0.303082 -0.0811525 -4.06108 -3.94463 -4.04459 -0.1293 0.409916 -0.116699
-3.86568 -4.0773 -4.16312 0.11404 -0.0984429 -0.0123167 -3.85383 -4.06869 -4.17625 0.200233 -0.0567095 0.00133301
-3.87547 -4.21626 -4.29248 0.0630376 -0.260203 -0.00952775 -3.84181 -4.20577 -4.26417 0.102666 -0.356681 0.0565609
-3.31185 -3.87951 -3.60266 -0.287086 0.246279 -0.0204313 -3.46586 -3.90265 -3.6268 -0.301336 0.284415 0.170716
-3.65687 -2.49801 -4.38048 -0.130559 0.0167196 -0.0995304 -3.58674 -2.79374 -4.72797 -0.153999 0.138249 -0.01708
-4.28597 -4.47621 -4.30079 -0.00582741 0.286672 0.0634821 -4.28382 -4.44454 -4.20439 0.040522 0.143346 0.0953395
-3.70689 -3.95467 -4.99499 -0.0610834 0.0806561 -0.0533169 -3.75237 -3.97712 -5.19246 -0.0787123 0.136914 -0.0243864
-3.11863 -3.50917 -4.00274 0.0899797 -0.31888 0.190119 -3.11428 -3.6037 -4.27128 0.0714008 -0.309021 0.289988
-4.82818 -4.77122 -4.46942 0.130874 -0.01556 0.135461 -4.78554 -4.63799 -4.52268 0.187707 -0.0989753 0.159313
-3.80311 -3.81278 -4.47983 0.0153051 -0.0123642 0.34116 -3.89995 -3.87866 -4.73646 0.030813 -0.0130437 0.416885
-3.23934 -3.80206 -3.83179 0.065214 0.0115146 0.157709 -3.32643 -3.95436 -3.92078 0.0944934 0.0851251 0.217417
-4.11504 -3.60719 -3.86223 0.245132 0.0211166 -0.185034 -4.07635 -3.55532 -3.79587 0.247052 -0.00406519 -0.159748
-3.97625 -4.5696 -4.30261 -0.192668 0.277724 -0.0198558 -3.98466 -4.45432 -4.27933 -0.221152 0.307777 0.0333392
-4.17023 -4.03035 -4.19329 -0.145248 0.039214 -0.199426 -4.18445 -3.92788 -4.13956 -0.15021 -0.0282341 -0.236825
-3.79335 -4.44105 -4.24524 -0.251318 -0.179464 0.148301 -3.89237 -4.49718 -4.45167 -0.229318 -0.103952 0.215997
-4.92282 -5.18051 -5.05873 -0.0583652 -0.00394289 -0.126931 -4.77585 -5.1277 -4.97015 -0.0191986 -0.0044958 -0.071192
-4.73673 -4.03744 -5.63087 0.113641 0.0101975 -0.024522 -4.62715 -4.08448 -5.90412 0.126734 0.124395 0.0458636
-3.24838 -3.86181 -4.20034 -0.0537956 0.168029 -0.159017 -3.26975 -3.80295 -4.14171 -0.102627 0.160175 -0.260803
-4.13544 -4.29485 -4.39397 -0.154194 0.0575149 0.14018 -4.12684 -4.33857 -4.49894 -0.122383 0.122068 0.211337
-1.99583 -1.21565 -1.64583 -0.0357202 0.0815828 -0.463963 -2.17327 -1.7802 -2.24127 0.0118589 0.152455 -0.414653
-3.10956 -1.99858 -3.38424 0.0238286 0.0823475 -0.22248 -3.08964 -2.4069 -3.83182 0.00894644 0.164973 -0.130519
-4.46332 -4.046 -4.89472 0.0946783 -0.30068 0.115515 -4.39355 -3.86028 -4.79078 0.0391945 -0.309852 0.0879717
-3.70718 -4.0858 -4.55739 -0.159179 -0.0584391 -0.179932 -3.6768 -4.15332 -4.77061 -0.260169 -0.0358753 -0.111466
-4.05215 -3.25951 -5.14982 -0.173538 -0.0782371 0.150276 -3.92634 -3.45066 -5.39425 -0.144273 0.038201 0.221691
-3.9758 -3.90733 -3.54586 0.0780836 0.137233 -0.251745 -3.87153 -3.90511 -3.42811 0.112269 0.0701264 -0.269446
-4.03638 -4.0367 -4.33612 -0.0107923 0.139979 -0.0904945 -4.19796 -3.97148 -4.45304 0.0042082 0.206434 -0.055361
-4.26955 -4.50727 -4.19428 -0.0508105 0.13117 0.000150191 -4.26511 -4.43719 -4.16174 -0.0179452 0.115942 0.0312464
-3.21349 -3.6787 -4.13976 0.0344263 -0.115904 0.160213 -3.48428 -3.75113 -4.28063 0.0988723 -0.0366549 0.318038
-3.15018 -3.20408 -3.98569 0.0551705 -0.192014 0.26372 -3.18871 -3.23095 -4.30136 0.0339255 -0.0889819 0.321794
-3.35307 -3.97724 -3.89891 0.0246932 0.0595936 0.157068 -3.35443 -3.92019 -3.94868 0.0151155 -0.0682407 0.141573
-4.35513 -4.40918 -4.92019 -0.0398977 -0.042666 0.0902252 -4.32474 -4.38691 -4.95501 -0.123127 -0.107242 0.0880985
-4.49894 -4.89342 -4.2517 0.161529 0.210236 0.00914789 -4.41354 -4.77467 -4.23084 0.207199 0.151376 -0.0189831
-3.25206 -4.41429 -4.01937 -0.209305 0.229109 0.00485509 -3.20439 -4.31672 -3.99474 -0.19538 0.218128 0.0273662
-4.31568 -3.98864 -4.33587 -0.165824 0.0890378 -0.273702 -4.40125 -4.18984 -4.55909 -0.231505 0.0881571 -0.356289
-4.26214 -4.61075 -4.23758 -0.0983938 0.0537407 -0.0395117 -4.27021 -4.53323 -4.3092 -0.0874139 0.0540518 -0.0384522
-4.47604 -4.78324 -4.45503 0.125294 0.0845395 -0.0746863 -4.37599 -4.7255 -4.38581 0.131807 0.0832117 -0.0909111
-4.06914 -4.22342 -4.1832 0.278505 0.153503 0.0642872 -3.8928 -4.19373 -4.18978 0.350254 0.172774 0.112646
-4.60895 -4.12621 -5.4842 0.13827 -0.0612721 0.0191308 -4.30419 -4.26972 -5.68813 0.119295 -0.0136478 0.107611
-4.06217 -4.15732 -3.8676 0.0045731 -0.113847 -0.12261 -3.93182 -4.1654 -3.85959 0.0140848 -0.118585 -0.148651
-4.9059 -4.65406 -6.04174 0.281764 0.081896 0.172349 -4.61041 -4.72389 -6.25605 0.234858 0.134511 0.229575
-4.14883 -3.49964 -4.01166 -0.0454119 -0.0820663 -0.282913 -4.24118 -3.73361 -4.18514 -0.113432 -0.106044 -0.343101
-3.79518 -3.92297 -3.9965 0.135707 -0.00220053 -0.0662715 -3.72415 -3.93178 -4.04553 0.119913 0.0130881 -0.134558
-4.11739 -4.5341 -4.38556 -0.226901 -0.0246249 -0.0219324 -4.05943 -4.54941 -4.41899 -0.174446 -0.0501233 0.0337726
-4.61598 -4.42581 -4.39607 0.0920852 0.012726 0.141181 -4.69969 -4.3905 -4.36451 0.0914938 0.022084 0.145124
-3.75399 -2.83047 -4.43917 -0.0361255 0.187906 0.139373 -3.6638 -3.1809 -4.8105 -0.0339033 0.248251 0.236472
-4.38654 -4.46169 -4.61224 -0.028573 0.194569 0.156138 -4.3241 -4.51651 -4.70037 -0.0137564 0.176592 0.170586
-4.51872 -4.55192 -4.7836 0.0933382 0.248627 0.00156936 -4.42945 -4.56959 -4.81644 0.0526479 0.231265 -0.056042
-4.00221 -3.92663 -4.10636 -0.0771847 -0.30383 -0.342408 -4.04685 -4.03481 -4.17042 -0.138348 -0.295005 -0.386331
-3.60788 -3.56551 -3.75615 -0.161597 -0.162021 -0.316431 -3.61505 -3.60039 -3.75868 -0.0967189 -0.134951 -0.292374
-4.89074 -4.59837 -5.8519 0.275045 0.0273331 0.112053 -4.56547 -4.69512 -6.0213 0.243192 0.0703518 0.176889
-3.85579 -3.97346 -4.00688 -0.0191802 -0.223903 -0.214989 -3.78301 -4.01371 -4.18056 -0.0227614 -0.217624 -0.224118
-4.33099 -4.03264 -4.42351 -0.260598 -0.0128423 0.0129534 -4.43005 -3.99347 -4.43005 -0.229197 0.0288022 0.0618732
-3.86382 -4.27577 -4.43951 -0.108944 -0.0471465 -0.167908 -3.94059 -4.36145 -4.64565 -0.0745216 0.00979101 -0.192376
-4.59355 -4.06508 -4.34441 -0.00536268 -0.00821592 0.041166 -4.52743 -3.89719 -4.39671 -0.00312198 0.0587262 0.00757936
-4.07944 -4.43571 -4.8866 0.0395284 0.139574 0.0310964 -4.03215 -4.4212 -5.12169 0.0868031 0.181415 0.143629
-4.09501 -4.06769 -3.56313 0.100712 0.178153 -0.12509 -4.04156 -4.10488 -3.54472 0.152876 0.168823 -0.0968449
-3.83273 -3.82894 -3.96931 0.135283 0.404731 -0.322728 -3.62218 -3.88495 -3.94081 0.173365 0.419981 -0.309434
-3.78146 -3.98187 -4.10671 0.0370661 0.0679601 0.189462 -3.72674 -3.85383 -4.14509 0.0653042 0.0945001 0.213935
-4.25479 -4.37355 -4.33016 -0.0605022 0.179816 0.0873133 -4.23957 -4.50448 -4.3655 -0.051398 0.15217 0.117702
-4.42982 -4.40208 -4.35271 -0.0374581 0.219323 0.0570443 -4.42829 -4.40289 -4.31982 -0.0114536 0.2616 0.0526483
-4.31405 -4.43437 -4.14147 0.0340024 -0.0579522 0.0563149 -4.20288 -4.43534 -4.11063 -0.0043722 0.00742605 0.0282765
-1.95365 -1.23914 -1.64295 -0.0353262 0.066504 -0.46543 -2.11604 -1.80374 -2.23982 0.0190995 0.130764 -0.41213
-3.36574 -3.60896 -3.63097 -0.130505 -0.102556 -0.0824088 -3.48181 -3.77319 -3.91038 -0.107163 -0.0970433 -0.122553
-3.65094 -3.72341 -4.39231 -0.241821 0.0163561 -0.2129 -3.72519 -3.95823 -4.60943 -0.249841 0.0698475 -0.244166
-4.90875 -4.24318 -5.72707 -0.0425442 -0.0389833 0.0913507 -4.68711 -4.48493 -5.89692 -0.0587512 0.0485779 0.124892
-4.56202 -3.86499 -5.44656 -0.119895 0.0486835 0.0477081 -4.38497 -4.15267 -5.65587 -0.134164 0.141924 0.102376
-5.08362 -4.44776 -5.82954 0.0317784 -0.118468 0.0760763 -4.85322 -4.64215 -5.99503 0.0113217 -0.0396834 0.103822
-3.32815 -3.39606 -3.68894 -0.155147 -0.134671 -0.211 -3.38288 -3.65843 -3.96281 -0.188679 -0.133285 -0.213259
-4.95118 -4.37155 -5.77255 0.0827637 -0.11311 -0.0305857 -4.74821 -4.53966 -5.97049 0.0513561 -0.0252555 0.0121928
-3.24428 -3.41495 -3.86151 -0.316529 0.0172575 0.0268291 -3.41174 -3.71586 -4.17076 -0.356082 0.0787274 -0.0263746
-3.54708 -3.32553 -4.03415 -0.379487 0.107808 -0.0468496 -3.54628 -3.52342 -4.2897 -0.39651 0.0965969 -0.0906797
-3.28553 -3.54758 -3.95909 -0.0589832 -0.109207 -0.0515529 -3.48937 -3.80328 -4.24134 -0.0891467 -0.135498 -0.113548
-3.62067 -3.24371 -3.92689 -0.276978 0.0547444 -0.11343 -3.84045 -3.43798 -4.18199 -0.360074 0.0453981 -0.136438
-3.66459 -3.96178 -3.90734 -0.199419 0.10131 -0.0160464 -3.71714 -4.23323 -4.1431 -0.188763 0.0496788 -0.0103773
-3.5154 -3.49428 -4.06207 -0.273702 0.0865218 0.0631851 -3.69407 -3.65099 -4.36436 -0.276934 0.101215 0.0791893
-3.63661 -4.05102 -4.38756 0.113489 0.249717 0.0183777 -3.66245 -4.25858 -4.57847 0.129581 0.211052 -0.0252706
-4.14175 -3.34659 -4.90868 -0.183593 0.0877533 0.0069106 -4.05045 -3.70063 -5.20194 -0.187824 0.180071 0.082541
-3.49493 -3.70716 -3.85568 0.106157 -0.0963822 -0.0243191 -3.69399 -3.84433 -4.08937 0.122041 -0.122144 0.0431789
-3.51186 -3.66839 -4.16424 -0.0933764 -0.0155604 -0.061851 -3.69056 -3.8585 -4.38752 -0.134639 -0.063102 -0.0811474
-3.60718 -4.03178 -4.22189 -0.257328 0.0136214 -0.0503834 -3.71473 -4.25258 -4.45893 -0.278104 0.0658354 -0.112808
-3.61214 -3.67693 -4.40682 -0.204842 -0.0483186 -0.0192323 -3.6872 -3.86394 -4.6449 -0.277598 0.0557805 0.0177431
-3.81758 -3.36723 -4.4958 -0.0913874 -0.0194754 -0.137763 -3.99802 -3.6047 -4.64848 -0.141602 0.0100988 -0.197007
-3.52056 -3.51128 -4.0413 -0.305619 -0.166406 -0.0457632 -3.75369 -3.7534 -4.33948 -0.336889 -0.155674 -0.0980575
-3.28175 -2.4395 -3.45434 -0.118655 0.0818431 -0.0181594 -3.33505 -2.94694 -3.92082 -0.0955273 0.156855 0.0655248
-3.09624 -3.31677 -3.97188 -0.386822 -0.0433062 -0.164962 -3.22191 -3.62191 -4.27017 -0.436831 0.000349792 -0.234832
-3.59664 -3.86035 -4.14314 -0.180397 -0.0989442 -0.0369928 -3.69132 -3.99131 -4.365 -0.254686 0.00713528 -0.00610849
-3.42019 -3.64679 -3.80224 -0.0522415 0.0389397 0.0171214 -3.54876 -3.79532 -4.09952 0.00144789 0.0115332 0.0508193
-1.99583 -1.21565 -1.64583 -0.0357202 0.0815828 -0.463963 -2.17327 -1.7802 -2.24127 0.0118589 0.152455 -0.414653
-3.58532 -3.77582 -3.85707 -0.0408677 0.142366 -0.0349289 -3.68913 -4.08933 -4.16324 -0.0445737 0.115664 -0.0460735
-3.75866 -4.13277 -3.91633 0.0549457 0.138167 0.105022 -3.77507 -4.3956 -4.14159 0.0687514 0.109303 0.112017
-3.4732 -4.00124 -4.59306 -0.156039 -0.13721 0.0636522 -3.50809 -4.22825 -4.80801 -0.216885 -0.0344012 0.122086
-3.47386 -3.6261 -3.77328 -0.0858043 0.0212783 -0.0726287 -3.61712 -3.79771 -4.058 -0.0580988 0.00415234 -0.0852146
-1.96079 -1.85088 -1.86423 -0.505568 0.029374 0.163864 -1.9692 -1.94933 -1.83369 -0.594989 -0.0248118 0.137175
0.580242 2.71576 0.72653 -0.0477888 0.0135516 0.196309 0.534302 2.58736 0.697736 -0.0372525 -0.0582088 0.178984
9.46899 9.63198 10.2271 -0.100417 0.036985 0.365619 9.61477 9.71242 10.3453 -0.0868379 -0.058535 0.348478
-5.02944 -3.94198 -3.9933 -0.0164409 0.0432774 0.106412 -4.97211 -3.96309 -3.89617 -0.0135988 -0.0105211 0.0900618
-2.03371 -1.88923 -1.89954 -0.0283929 0.0418489 -0.288648 -2.03705 -1.98608 -1.8846 -0.0214834 -0.0153959 -0.405509
-1.96988 -2.15903 -2.01934 0.0193415 0.104873 -0.604297 -1.9757 -2.17442 -2.06622 -0.0538086 0.192491 -0.73876
-5.26233 -4.21178 -4.14865 0.0364357 0.104857 -0.0318377 -5.17313 -4.13327 -4.12871 -0.0254577 0.177452 -0.0846216
9.57714 9.34932 9.68843 0.0404463 0.179143 -0.332197 9.74784 9.51163 9.81634 -0.0410476 0.278102 -0.349256
0.489883 2.53163 0.498568 0.0375179 0.0840538 -0.110134 0.430956 2.47875 0.409627 -0.0444254 0.177297 -0.147507
-2.04672 -2.14481 -2.06892 -0.4218 0.106272 -0.126235 -2.04438 -2.15322 -2.12088 -0.596289 0.188459 -0.172042
-1.14656 0.89893 -0.600428 -0.523922 0.398447 -0.0747632 -1.21234 0.895088 -0.754347 -0.609072 0.443752 -0.0818675
-3.17354 -2.8058 -2.76182 -1.01411 0.246888 -0.111675 -3.15548 -2.80496 -2.83225 -1.18039 0.298075 -0.131512
5.95222 6.8256 7.13395 -0.688768 0.379304 -0.201094 5.89882 6.76859 7.00019 -0.782061 0.455439 -0.200397
-3.2317 -2.85389 -2.71688 -0.4436 0.243947 -0.621447 -3.22646 -2.85342 -2.78978 -0.537931 0.296991 -0.71927
-5.632 -4.53363 -4.4141 -0.32558 0.269023 -0.0508208 -5.61418 -4.45293 -4.40114 -0.406856 0.306291 -0.0721593
-1.6004 0.382405 -1.24202 -0.181707 0.378587 -0.0303637 -1.66513 0.388331 -1.43158 -0.154753 0.370013 -0.0811459
-3.70606 -3.47118 -3.36693 -0.647824 0.281059 -0.00067421 -3.67341 -3.44166 -3.48005 -0.715659 0.287815 -0.0372275
-3.7516 -3.43191 -3.34292 -0.207923 0.26989 -0.406991 -3.73264 -3.38549 -3.44415 -0.183631 0.264355 -0.528369
-6.24041 -5.20423 -5.1082 -0.115078 0.194272 0.0417986 -6.19002 -5.0843 -5.14256 -0.0843958 0.205666 -0.00023205
5.91156 6.32473 6.53001 -0.299141 0.578409 -0.138088 5.92889 6.32682 6.41173 -0.287649 0.57132 -0.19072
-3.46878 -3.77636 -3.41627 0.105792 -0.0414365 -0.536436 -3.40865 -3.85078 -3.39954 0.0847632 -0.0820065 -0.536172
-6.02417 -5.25246 -4.98777 0.0338868 -0.0582874 0.0382023 -5.94711 -5.26465 -4.92771 -0.00683286 -0.0951043 0.107274
5.71948 5.28414 6.27998 0.39983 -0.0499949 0.00203606 5.73553 5.11166 6.23773 0.390861 -0.116918 0.0781539
-1.63782 -0.202436 -1.3069 0.18989 -0.0515816 0.00880078 -1.6394 -0.316831 -1.37432 0.165357 -0.0995957 0.086032
-3.5969 -3.81159 -3.41218 -0.297052 -0.0134245 -0.0170174 -3.55087 -3.8996 -3.41588 -0.406904 -0.0476945 0.0585874
1.48577 2.55623 1.21564 -0.369864 0.162542 -0.115835 1.51981 2.4757 1.15399 -0.385159 0.152308 -0.069783
-1.13911 -1.89638 -1.45964 -0.66543 0.114859 -0.105186 -1.09219 -1.97302 -1.4917 -0.797497 0.0987451 -0.0640527
10.846 9.61316 10.2138 -0.463343 0.177112 -0.200731 11.1709 9.79367 10.4306 -0.454663 0.126007 -0.172953
-1.15375 -1.96397 -1.42153 -0.232596 0.0991243 -0.586022 -1.08684 -2.02698 -1.45779 -0.255815 0.0910543 -0.633508
-4.55126 -4.11434 -3.60629 -0.163738 0.117399 -0.0552113 -4.42998 -4.10927 -3.55372 -0.199221 0.115472 -0.0101388
5.57723 6.00568 5.98129 -0.155627 -0.0786544 0.163484 5.49719 6.03434 5.97363 -0.0772289 -0.125552 0.17919
-6.44141 -5.4068 -5.20267 -0.0316863 -0.0103446 0.104999 -6.3754 -5.29641 -5.12348 0.0150507 -0.0530099 0.104545
-3.91748 -3.78357 -3.59625 -0.0492217 -0.0281059 -0.285377 -3.93246 -3.74129 -3.57806 0.00454373 -0.0606367 -0.372265
-3.88282 -3.72952 -3.59526 -0.473329 -0.0279969 0.119507 -3.89797 -3.69016 -3.58137 -0.49387 -0.061438 0.118577
-1.84936 0.321521 -1.51353 -0.119997 -0.0320003 0.142714 -1.92575 0.305256 -1.56029 -0.0606526 -0.082029 0.141444
-4.01226 -4.04094 -3.7549 -0.077243 -0.0580333 0.216498 -4.02898 -4.07852 -3.77234 -0.183877 -0.0690282 0.190816
-2.11505 -0.672065 -1.82654 0.556672 -0.121876 0.274949 -2.18972 -0.731909 -1.93615 0.50875 -0.16344 0.239038
4.67454 4.46681 5.2544 0.876936 -0.175546 0.495562 4.53461 4.33958 5.11284 0.815962 -0.251859 0.43583
-6.20448 -5.36225 -5.16018 0.262607 -0.0268414 0.127406 -6.18918 -5.34628 -5.11999 0.217051 -0.0392917 0.110944
-3.98948 -3.97861 -3.72217 0.369853 -0.0872225 -0.242826 -4.00918 -4.00195 -3.73844 0.316747 -0.113588 -0.322473
-2.83202 -2.39368 -2.50561 -0.99338 0.189645 -0.423239 -2.9337 -2.43302 -2.47951 -1.10565 0.180984 -0.445911
-0.658765 1.58772 -0.220426 -0.526739 0.102481 -0.466942 -0.818619 1.5115 -0.270623 -0.546485 0.100514 -0.49123
7.13122 7.95089 7.92976 -0.808631 0.0731398 -0.689668 7.02138 7.89231 7.95514 -0.818763 0.074113 -0.702402
-5.52121 -4.24187 -4.39601 -0.346957 0.176251 -0.347093 -5.57476 -4.21335 -4.32282 -0.383756 0.171494 -0.364109
-2.84959 -2.4158 -2.53628 -0.44977 0.230009 -0.945141 -2.94753 -2.44344 -2.51462 -0.480169 0.211121 -1.05034
6.97971 6.85043 6.03402 0.221192 0.0842568 -0.0789093 6.87938 6.89348 5.99643 0.266254 0.0196274 -0.115729
-3.08352 -3.21112 -3.65332 0.0706946 0.0665042 -0.51941 -3.10313 -3.17005 -3.61925 0.092657 0.0398867 -0.625877
-5.85304 -4.93272 -5.34896 0.0415594 0.0631086 -0.0643472 -5.79316 -4.81772 -5.23392 0.0578408 0.061203 -0.0946699
-0.893385 0.901702 -1.54604 0.0925701 0.153701 -0.0382282 -0.977625 0.881784 -1.5645 0.116115 0.121325 -0.0776896
-3.14126 -3.1768 -3.67831 -0.393492 0.0458071 -0.092736 -3.15945 -3.13594 -3.6561 -0.443492 0.0270161 -0.123955
-4.49531 -4.55704 -4.45608 -0.642674 -0.176308 -0.0618232 -4.46436 -4.58787 -4.47318 -0.673172 -0.171765 -0.0851944
-2.77471 -1.2795 -2.61428 -0.249143 -0.302073 0.0366179 -2.81095 -1.32669 -2.70116 -0.185704 -0.318626 0.00190751
3.44241 3.8971 3.78602 -0.390092 -0.281205 0.108689 3.36856 3.75032 3.66624 -0.304872 -0.28718 0.0797628
-6.62912 -5.99358 -5.83318 -0.0908216 -0.148314 -0.0829106 -6.57992 -5.97239 -5.77627 -0.0375613 -0.136152 -0.117524
-4.59749 -4.64659 -4.45674 -0.19513 -0.11955 -0.540807 -4.56682 -4.66325 -4.4742 -0.136368 -0.115924 -0.646764
1.34253 3.30201 1.79976 -0.172091 0.404355 0.276654 1.27503 3.26062 1.72543 -0.160211 0.375536 0.306553
-1.23447 -1.32164 -0.957776 -0.569598 0.281658 0.270621 -1.24963 -1.34005 -0.998984 -0.648859 0.27532 0.288849
10.8485 10.5582 11.2121 -0.351743 0.482985 0.432426 10.9863 10.6623 11.3694 -0.335623 0.41 0.44233
-1.3058 -1.36032 -1.03064 -0.121138 0.300733 -0.232764 -1.30718 -1.37297 -1.06303 -0.110261 0.275598 -0.302916
-4.67112 -3.48398 -3.14397 -0.0515144 0.240234 0.233818 -4.61243 -3.42745 -3.14359 -0.0368379 0.228481 0.269015
-4.49533 -4.37023 -4.48998 -0.437663 0.171163 -0.053112 -4.47405 -4.36109 -4.62065 -0.497372 0.119444 -0.0944749
-2.68243 -1.06277 -2.73767 0.124371 0.325395 -0.0238478 -2.75599 -1.0973 -2.96036 0.136685 0.272415 -0.0682865
-6.71175 -5.75641 -5.94106 0.042399 0.07595 -0.0905886 -6.64656 -5.66154 -5.99199 0.0610684 0.0406102 -0.128057
-4.55171 -4.3317 -4.52927 0.021019 0.163677 -0.482678 -4.53029 -4.32261 -4.67435 0.0334998 0.124161 -0.599445
3.87451 3.96833 3.70561 0.111933 0.551481 0.154164 3.77874 3.89061 3.40878 0.109348 0.467327 0.101182
3.66811 3.7694 3.37955 -0.141852 0.105491 0.0689592 3.47692 3.55149 3.25635 -0.104218 0.0875051 0.180933
-6.83075 -6.10159 -5.9919 0.0755639 0.0279867 -0.074468 -6.7814 -6.01394 -5.90426 0.110198 0.00220394 -0.0269921
-4.67549 -4.66762 -4.64224 0.0191277 0.0490207 -0.45235 -4.69865 -4.67624 -4.65212 0.0523648 0.0330274 -0.454843
-4.56949 -4.66944 -4.60301 -0.431898 0.0593489 -0.0265765 -4.58429 -4.67933 -4.59423 -0.456303 0.0412475 0.0321734
-2.81468 -1.30154 -2.83594 -0.00197062 0.0472264 -0.0532501 -2.93801 -1.39382 -2.93075 0.040575 0.0388421 0.00516559
-2.59133 -2.7723 -2.89783 -0.0239678 -0.10062 -0.45407 -2.54019 -2.75594 -2.95077 -0.0221536 -0.0233192 -0.592384
-5.59538 -4.63791 -4.72448 0.00098041 -0.0432815 -0.0423905 -5.50583 -4.5481 -4.69811 0.00318502 0.00894367 -0.0864517
8.37609 8.00743 7.61246 -0.228017 -0.427853 0.112638 8.4721 8.09875 7.60412 -0.254031 -0.342954 0.0463198
-0.203049 1.65381 -0.553684 -0.043302 -0.282029 0.0233528 -0.201655 1.60237 -0.644561 -0.0398406 -0.234636 -0.0299664
-2.51038 -2.73659 -2.82556 -0.55236 -0.131171 0.029372 -2.46347 -2.72771 -2.863 -0.639962 -0.0662876 -0.0201622
-4.22401 -4.27445 -4.10939 -0.202837 -0.119615 -0.0751199 -4.20916 -4.2645 -4.12316 -0.235565 -0.103598 -0.0800113
-2.23541 -0.825989 -2.19425 0.278416 -0.169348 -0.082882 -2.30059 -0.82001 -2.28359 0.340358 -0.162349 -0.0963342
4.87012 4.55521 4.86862 0.358546 -0.426093 -0.0999669 4.79781 4.50375 4.77446 0.435773 -0.43963 -0.111085
-6.52423 -5.79435 -5.68866 0.189602 -0.0660881 -0.0704668 -6.49353 -5.70036 -5.63516 0.234671 -0.0486686 -0.0816331
-4.15029 -4.28346 -4.12073 0.26232 -0.111756 -0.552198 -4.13633 -4.26466 -4.14331 0.326183 -0.103608 -0.643395
7.75261 9.24268 8.39786 0.300242 -0.0499819 -0.0394058 7.86211 9.3401 8.45309 0.339276 -0.0772638 -0.0643809
-5.38893 -4.03656 -4.36518 0.107654 0.0913742 0.215445 -5.34267 -3.9457 -4.29022 0.0884023 0.111084 0.16259
-2.66046 -2.03064 -2.39708 0.174516 0.0244095 -0.335197 -2.64905 -2.01028 -2.38982 0.177542 0.0166771 -0.464726
-2.7253 -2.08457 -2.50081 -0.3361 0.0494179 0.202772 -2.73239 -2.06844 -2.47966 -0.428151 0.0554421 0.153012
-0.282682 2.6146 -0.0423653 0.199053 -0.0616773 0.144192 -0.312914 2.58697 -0.101039 0.206446 -0.0516829 0.0937084
-0.797461 -1.94375 -1.59431 -0.775678 0.0788428 -0.0836401 -0.880877 -1.98851 -1.63686 -0.830434 0.0732038 -0.102891
1.75421 2.37079 0.855584 -0.319532 0.0673888 -0.205677 1.64841 2.29803 0.748561 -0.286069 0.0636363 -0.222679
-4.1539 -4.0034 -3.6249 -0.226119 0.0969488 -0.0619279 -4.19894 -3.99304 -3.57623 -0.205275 0.0970609 -0.083922
-0.773839 -1.91378 -1.57288 -0.220185 0.051801 -0.63737 -0.853392 -1.95667 -1.5938 -0.188661 0.0462008 -0.748722
10.9544 9.09948 9.71028 -0.368057 0.00432519 -0.36194 11.0086 9.14478 9.64214 -0.332834 -0.0408906 -0.406794
-3.14493 -2.40793 -2.58956 -0.605619 0.0152743 -0.190743 -3.12306 -2.43112 -2.58869 -0.689596 0.0290079 -0.209246
-0.814019 2.22906 -0.121588 -0.223698 -0.0830051 -0.220647 -0.883737 2.11748 -0.189508 -0.232214 -0.0696857 -0.237119
-5.82163 -4.36792 -4.47613 -0.115833 -0.00796229 -0.174389 -5.75907 -4.29571 -4.37485 -0.103592 -0.0153509 -0.194361
-3.15312 -2.44529 -2.51263 -0.152309 0.0083678 -0.6694 -3.13774 -2.46973 -2.51864 -0.157717 0.0188644 -0.757185
7.1941 8.81606 8.36446 -0.240968 -0.209533 -0.341564 7.17545 8.7457 8.28818 -0.267503 -0.168432 -0.312102
4.45521 4.1013 4.05281 0.175169 0.405077 -0.407906 4.2668 3.93671 3.9561 0.175126 0.534412 -0.439954
-6.75246 -6.10995 -6.27439 0.00510814 0.129747 -0.190745 -6.71151 -6.04391 -6.20701 -0.0513775 0.21984 -0.202232
-4.36197 -4.54298 -4.71134 0.0189901 0.177759 -0.735587 -4.4123 -4.58194 -4.74788 -0.0355528 0.283506 -0.819197
-4.4546 -4.61962 -4.70342 -0.42856 0.178881 -0.28479 -4.51401 -4.67219 -4.73018 -0.560881 0.276915 -0.300674
-2.45708 -1.29196 -2.79269 0.136875 0.259326 -0.308684 -2.61108 -1.39991 -2.90933 0.112803 0.371372 -0.313366
-3.64106 -3.82209 -4.07356 -0.167353 -0.114118 0.079095 -3.60677 -3.7701 -4.05668 -0.234398 -0.0524531 0.0980472
-4.34731 -4.078 -4.32395 -0.0952283 -0.186213 -0.113421 -4.2737 -3.98655 -4.22537 -0.111542 -0.181988 -0.0950089
-3.99841 -3.90108 -4.01759 -0.185033 0.0888061 -0.26428 -4.01857 -3.9171 -4.03026 -0.227683 0.0169409 -0.298456
-3.12491 -3.6984 -3.60658 0.0375881 -0.0466346 -0.0737733 -3.2338 -3.63888 -3.65361 0.0337711 -0.0139286 -0.0968247
-4.25207 -4.16834 -3.91694 0.194704 -0.0302562 -0.179835 -4.24987 -4.1818 -3.93581 0.187067 -0.0823412 -0.2486
-1.7297 -2.06169 -1.71338 0.177704 -0.0268785 -0.251566 -1.77168 -1.99175 -1.68862 0.178062 0.0020095 -0.308521
-3.46081 -2.96746 -2.55266 0.0753856 0.131982 -0.206946 -3.4512 -2.97251 -2.45516 0.0541327 0.132307 -0.201024
-4.15706 -4.08363 -4.08664 0.129939 -0.152726 -0.12455 -4.12192 -4.06047 -4.21635 0.0798064 -0.0811792 -0.0549617
-2.73971 -1.83477 -1.88904 0.0733493 -0.31856 0.00500464 -2.71381 -1.73965 -1.83845 0.110673 -0.324508 0.0362509
-1.61297 -1.75107 -1.70083 0.13478 -0.282761 -0.189857 -1.69084 -1.70389 -1.67698 0.115764 -0.334596 -0.229247
-2.1022 -2.15007 -2.37932 -0.199581 -0.00819826 0.00755768 -2.10444 -2.13009 -2.40306 -0.199419 -0.0266755 -0.0543836
-4.30533 -4.08341 -3.84964 -0.0115573 0.103335 0.235024 -4.39327 -4.20176 -3.82593 -0.0126982 0.123772 0.230171
-3.87106 -3.61333 -3.74128 -0.0807603 -0.0197127 -0.0147885 -3.82923 -3.55664 -3.64488 -0.0820461 -0.0248504 0.00607262
-3.17924 -3.81541 -3.64474 -0.0553783 0.00113244 -0.115794 -3.17434 -3.73956 -3.64532 -0.021763 -0.0141984 -0.117907
-4.72585 -4.14443 -4.77968 -0.06526 -0.260941 -0.0546696 -4.84736 -4.17446 -4.9358 -0.0641029 -0.271739 -0.0845578
-2.74664 -2.85375 -2.82192 0.0456242 -0.207352 0.080549 -2.78103 -2.83966 -2.87623 0.0415705 -0.236516 0.0100671
-3.92053 -3.96316 -4.18745 0.262272 0.188043 0.0285327 -3.92757 -3.9791 -4.13922 0.246619 0.144321 0.064269
-4.2955 -4.3109 -4.14185 0.146755 0.000646031 -0.00353952 -4.28641 -4.30733 -4.07465 0.101841 -0.0204269 -0.0136976
-1.52643 -1.7168 -2.06985 -0.0288409 -0.232894 0.100099 -1.58908 -1.76769 -2.02361 -0.0232363 -0.206947 0.146016
-1.5341 -1.07076 -1.62153 0.0745987 -0.102803 -0.313004 -1.55906 -1.00668 -1.75166 0.0614802 -0.103808 -0.379689
-4.2029 -4.35116 -4.07429 -0.156733 -0.235823 0.182083 -4.21732 -4.42045 -4.16002 -0.144778 -0.205915 0.241805
-3.40996 -3.99806 -3.94442 0.212762 0.00699233 0.279137 -3.3881 -4.04182 -3.93352 0.195959 0.00584078 0.307942
-1.72938 -2.00997 -2.04201 -0.0617638 -0.013503 0.0201282 -1.74505 -1.94637 -2.09764 -0.0276155 -0.0497483 0.0293579
-2.5333 -2.39162 -2.3992 0.10384 -0.189128 -0.190252 -2.58306 -2.4015 -2.35693 0.053716 -0.159956 -0.150748
-3.86803 -4.42492 -4.15107 0.0208355 0.213212 -0.216301 -3.89428 -4.56043 -4.13678 0.0449453 0.24033 -0.195841
-5.02504 -5.01411 -4.58333 0.0591159 -0.0116336 -0.151081 -4.92126 -5.09221 -4.41571 0.0775263 -0.0151975 -0.197417
-2.62563 -2.20355 -2.17967 -0.0423409 0.164856 0.0348909 -2.67995 -2.15107 -2.18815 -0.077207 0.108978 0.0162419
-2.37483 -2.17013 -1.72312 -0.0556047 -0.0501237 0.313416 -2.44055 -2.20928 -1.71275 -0.0894736 0.00404874 0.250957
-1.8955 -1.77962 -2.0653 0.0717024 0.14337 0.172911 -1.9273 -1.71082 -2.10982 0.0301276 0.213264 0.163987
-2.65685 -2.22267 -2.31805 0.0134642 0.00106567 -0.0432422 -2.6798 -2.19801 -2.35885 0.0115616 0.123508 -0.0241322
-1.55126 -1.05916 -1.56549 -0.176699 0.190021 -0.153755 -1.54723 -1.0925 -1.56243 -0.139402 0.192838 -0.202856
-1.67135 -2.19956 -1.74083 -0.0377017 0.183292 0.0224197 -1.67146 -2.28196 -1.69712 -0.0648196 0.225228 -0.0422014
-4.33228 -4.45342 -4.6001 -0.237329 -0.107686 0.319609 -4.38516 -4.54909 -4.67092 -0.191994 -0.107876 0.40525
-3.51544 -3.26464 -3.25662 0.1092 -0.167073 0.163316 -3.53466 -3.31994 -3.22124 0.10202 -0.230559 0.163813
-2.05836 -2.14251 -2.15419 -0.0478645 -0.0453133 -0.153496 -2.13609 -2.10893 -2.14186 -0.0795532 -0.0249125 -0.140387
-4.51473 -4.22403 -4.42635 -0.13456 -0.0613379 -0.0858227 -4.60576 -4.26359 -4.53123 -0.101799 -0.0540008 -0.0895692
-1.96887 -1.8222 -1.86568 -0.0104687 -0.0281997 -0.0799749 -1.99161 -1.80271 -1.78733 -0.0595642 -0.0830422 -0.0831751
-2.97019 -3.3943 -2.78733 0.0672242 -0.119078 0.198519 -3.00995 -3.42037 -2.73788 0.0914166 -0.118373 0.236188
-4.93559 -4.79448 -4.72079 0.155431 0.309157 0.111915 -4.91313 -4.87642 -4.63333 0.155804 0.306722 0.109843
-2.37316 -1.8322 -2.13986 -0.0272368 -0.0396433 -0.0201334 -2.3937 -1.89524 -2.13704 -0.0517751 -0.0322417 -0.0216009
-3.50808 -3.18158 -3.1366 0.109034 -0.304972 0.160724 -3.43136 -3.20398 -3.03733 0.125766 -0.366269 0.154668
-4.29261 -4.55617 -4.79762 -0.136209 0.138533 -0.0325574 -4.27161 -4.50803 -4.87687 -0.160583 0.12534 -0.0283602
-5.31814 -5.16403 -5.37929 -0.20405 0.0795974 0.0662685 -5.22866 -5.15024 -5.3182 -0.192485 0.0820299 0.0754798
-4.5388 -4.16747 -4.27522 0.00140245 0.0252515 -0.0123194 -4.52062 -4.19393 -4.12711 -0.0538993 0.0715249 -0.0797809
-3.66955 -3.95189 -4.12588 0.0877647 0.0329425 0.00840064 -3.66618 -3.99357 -4.17068 0.0745484 0.0274442 -0.0592186
-3.57428 -3.08993 -3.79195 0.00105562 0.130298 0.171153 -3.59385 -3.10078 -3.76967 0.0319857 0.109087 0.160595
-3.83376 -3.91548 -4.1104 0.267305 -0.0624067 0.0201279 -3.84746 -3.96321 -4.13626 0.243063 -0.122564 0.0346343
-4.04624 -3.96653 -3.45175 0.00862656 -0.358493 -0.156171 -4.04746 -3.96717 -3.40568 -0.0400683 -0.335145 -0.191161
-3.32893 -3.10794 -3.53524 0.00379007 -0.111937 -0.00248547 -3.31445 -3.09719 -3.53302 0.0405414 -0.0758767 -0.0563075
-3.46424 -3.20141 -3.05285 0.0909256 0.17013 -0.255633 -3.48392 -3.14918 -3.06902 0.0948714 0.154643 -0.263006
-3.30598 -3.70281 -3.45706 -0.0371633 -0.00394266 0.00348542 -3.36771 -3.76075 -3.48873 -0.0609811 0.0431632 0.0205656
-3.08355 -3.57167 -4.49444 0.0776361 -0.0446747 -0.0137075 -3.03356 -3.57952 -4.51453 0.0851166 -0.0336112 -0.0290602
-2.31063 -1.92737 -2.4037 0.132069 -0.152967 0.162417 -2.27848 -2.01933 -2.46722 0.121348 -0.103198 0.156181
-4.36583 -4.37618 -4.80841 0.176047 -0.0619061 0.0104844 -4.33459 -4.34448 -4.72852 0.134384 -0.013407 0.0392703
-3.40874 -3.2161 -3.3712 0.283356 0.0131736 0.117611 -3.4756 -3.31402 -3.34299 0.285767 -0.0437181 0.158809
-3.77642 -3.46529 -3.42292 0.300178 0.035067 -0.0427158 -3.8286 -3.46231 -3.39663 0.251678 0.0350753 -0.144401
-4.73255 -4.50613 -4.46803 -0.0850265 -0.156422 0.0566392 -4.63601 -4.56598 -4.45996 0.0128504 -0.186354 0.0156793
-4.97044 -4.40123 -5.16569 0.104961 -0.134523 -0.118559 -4.95563 -4.35044 -5.17533 0.0498802 -0.114792 -0.122684
-4.61319 -4.60902 -4.42359 -0.133524 0.110359 -0.103469 -4.71821 -4.6546 -4.43759 -0.133312 0.116113 -0.116311
-4.41551 -4.06364 -4.20539 0.0561927 -0.0126058 -0.0630551 -4.49387 -4.06047 -4.15108 0.0287188 0.0151871 -0.0644204
-2.72057 -3.01481 -2.54425 0.0790264 -0.0423751 0.138405 -2.68175 -3.06198 -2.54372 0.110776 -0.0836015 0.144174
-3.85261 -3.84292 -3.68123 0.223854 -0.113358 -0.0326336 -3.86051 -3.87319 -3.86893 0.24415 -0.112368 -0.00911852
-2.71655 -2.58599 -2.69943 -0.0367875 0.0774253 -0.0341638 -2.72011 -2.65969 -2.73459 -0.0404264 0.112 -0.117223
-4.78859 -4.9616 -4.97374 0.11813 0.00612019 -0.106862 -4.76339 -4.93497 -4.91925 0.137257 -0.0187495 -0.0395937
-5.29826 -5.10441 -5.01925 0.191354 -0.05094 0.319107 -5.2317 -5.15108 -4.91392 0.225059 -0.099291 0.339691
-3.93575 -4.02127 -4.00442 -0.159217 -0.0646326 0.405025 -3.98396 -4.04386 -4.10122 -0.138568 -0.0611341 0.3836
-2.34015 -2.10253 -1.94019 -0.00356127 -0.182533 0.109742 -2.37552 -2.13576 -1.98454 -0.0462449 -0.185331 0.133053
-3.44323 -3.30709 -3.93107 0.18461 0.190477 0.130996 -3.40938 -3.27565 -3.98405 0.157061 0.171818 0.126293
-4.11274 -4.19858 -4.01754 -0.305773 -0.113834 -0.0187213 -4.08625 -4.27871 -4.06413 -0.274652 -0.182877 -0.0267957
-3.97331 -3.91039 -4.27024 0.199261 -0.172538 0.0498565 -3.90681 -3.94902 -4.21013 0.194775 -0.195059 0.0723182
-1.60843 -1.54648 -1.90867 0.12522 -0.0615456 -0.183657 -1.66222 -1.58572 -1.86734 0.0805143 -0.0163489 -0.204321
-4.31799 -4.07436 -4.26321 0.224688 0.318701 -0.0603089 -4.40462 -4.15953 -4.38815 0.289912 0.261936 -0.0882113
-4.03789 -3.9705 -3.45903 0.194713 -0.0879848 0.128209 -3.97049 -4.02909 -3.35445 0.13928 -0.0915597 0.18907
-1.68631 -1.67817 -1.93757 0.0614223 -0.0768755 -0.0381951 -1.74883 -1.6843 -1.96081 0.0618188 -0.0615463 -0.00809651
-3.36928 -3.44991 -3.39376 -0.0819477 -0.162209 0.0980837 -3.45531 -3.55278 -3.5046 -0.047816 -0.139176 0.0804217
-4.77415 -5.12725 -5.76212 0.0995832 0.130879 -0.0714659 -4.6785 -5.11227 -5.7254 0.107196 0.158409 -0.0797157
-3.45648 -2.75235 -3.01292 0.177339 -0.408128 0.231807 -3.35772 -2.67341 -2.96976 0.118553 -0.387151 0.200353
-3.70107 -3.43746 -3.64917 0.107903 -0.104036 -0.00811823 -3.73526 -3.36089 -3.62109 0.0133455 -0.114438 -0.00106784
-3.96729 -4.09757 -4.2244 0.193799 -0.120165 0.00310268 -3.94858 -4.14847 -4.24032 0.205143 -0.151645 0.018249
-4.24571 -4.00905 -3.95469 -0.038982 -0.0977661 0.03403 -4.30181 -3.9993 -3.98795 -0.0875943 -0.103289 0.0464235
-3.93841 -3.71158 -4.2094 0.00554516 0.313981 -0.0938996 -3.99059 -3.81725 -4.31336 -0.030671 0.201144 -0.05872
-4.34285 -4.54766 -4.39099 -0.151585 0.239589 0.0117435 -4.40199 -4.5253 -4.39249 -0.134245 0.192464 0.0384242
-2.56378 -2.8125 -2.97075 0.138448 -0.144067 -0.023907 -2.56348 -2.78014 -2.99849 0.0953611 -0.0801499 -0.0207278
-2.196 -2.55654 -2.68844 -0.115087 0.0624572 -0.222347 -2.16873 -2.5617 -2.68494 -0.0628436 0.0408178 -0.218847
-2.8997 -3.08819 -3.22606 -0.133031 -0.172601 0.153076 -2.85825 -3.09705 -3.30921 -0.125211 -0.169153 0.124835
-2.92883 -3.00991 -2.94786 -0.00206862 0.0509553 -0.13757 -2.88619 -2.97409 -2.92525 -0.00681849 0.110647 -0.155966
-1.52161 -1.57683 -1.65361 0.265169 -0.197916 0.0949896 -1.60647 -1.64506 -1.60046 0.23415 -0.121646 0.0395023
-3.90317 -3.6036 -4.01194 -0.0593209 -0.1983 -0.00849943 -3.93478 -3.65353 -4.20456 -0.00655317 -0.257402 0.0842326
-2.92958 -3.05436 -3.38773 0.202075 -0.00294612 0.0421008 -2.92707 -3.0265 -3.33101 0.139637 0.00953928 0.0215401
-3.08382 -3.0001 -3.62726 -0.0423969 -0.127185 -0.124426 -3.09758 -3.09687 -3.696 -0.0116264 -0.113783 -0.0799902
-4.50388 -4.22613 -4.13334 0.287491 -0.0018287 -0.0564165 -4.61915 -4.29142 -4.18548 0.279444 -0.107852 -0.0603087
-3.27565 -3.2365 -3.40543 0.165377 -0.119812 0.0856096 -3.21611 -3.20792 -3.33198 0.160242 -0.138948 0.136533
-4.08082 -4.14161 -4.29891 0.0144173 -0.134139 -0.161463 -4.07392 -4.23413 -4.33422 0.0965947 -0.1798 -0.15643
-3.76087 -3.89733 -4.09631 0.0803552 0.1159 0.181284 -3.73 -3.81425 -4.0612 0.0353587 0.0452954 0.180923
-3.56482 -3.36864 -3.44422 -0.153807 0.0677363 -0.18023 -3.66355 -3.42875 -3.4796 -0.119926 0.0320637 -0.16956
-3.56247 -4.11199 -4.13504 -0.0225862 -0.0943107 0.216615 -3.57695 -4.10895 -4.13755 -0.030467 -0.122521 0.246952
-2.23834 -1.54673 -2.32836 0.108976 -0.203383 -0.128315 -2.30934 -1.58271 -2.36998 0.0684415 -0.163019 -0.109524
-3.83491 -3.69758 -4.06433 -0.165953 -0.0896557 -0.189184 -3.88656 -3.73217 -4.16681 -0.166934 -0.123431 -0.237958
-1.80494 -1.48583 -2.21095 -0.0245144 0.0846357 0.135772 -1.78202 -1.49018 -2.16458 0.0315439 0.101145 0.186295
-4.05352 -3.67765 -4.10711 -0.073538 0.0142006 0.0475711 -4.03457 -3.64948 -4.05248 0.00425178 -0.0531238 0.0453578
-3.83818 -3.75783 -4.00952 0.0762443 -0.153936 -0.0362912 -3.83821 -3.69311 -4.084 0.0567217 -0.154716 -0.0389372
-2.89796 -3.20492 -3.02827 -0.0414678 -0.123088 0.0739595 -2.89455 -3.20469 -2.97446 -0.0212231 -0.0953891 0.0509464
-1.29529 -1.1994 -1.64425 -0.0667398 -0.0895309 0.153316 -1.38369 -1.25925 -1.60885 -0.0447797 -0.0185373 0.102236
-3.33013 -3.45921 -3.75933 -0.121747 0.120285 0.147814 -3.36013 -3.43688 -3.80719 -0.139994 0.0860904 0.196829
-1.75675 -1.93804 -1.92478 -0.195314 -0.136287 -0.0775767 -1.75266 -1.90452 -1.96932 -0.136446 -0.101336 -0.138222
3.40521 2.71069 0.875476 0.0341956 -0.0822353 -0.079526 3.54186 2.72036 0.844091 0.0373427 -0.0684885 -0.101439
-4.24757 -3.85633 -3.99531 -0.0044802 0.10269 -0.0255696 -4.21124 -3.76966 -3.90902 -0.0295776 0.108941 0.035958
-4.77842 -5.22888 -4.97497 -0.110919 0.163988 -0.0411608 -4.84083 -5.21125 -4.93834 -0.097855 0.179919 -0.0284138
-3.39706 -3.7069 -4.206 -0.0568935 -0.0924635 0.0476592 -3.31487 -3.66032 -4.16175 -0.0455354 -0.102541 0.0879714
-4.27395 -4.25773 -4.30904 0.233464 0.104668 -0.095942 -4.40898 -4.29331 -4.42503 0.207908 0.00517769 -0.124833
-1.55197 -1.60379 -1.79081 -0.0838646 -0.197395 0.203161 -1.66651 -1.57249 -1.76094 -0.0611272 -0.197364 0.18339
-3.74826 -3.78371 -3.90866 0.192387 -0.0569514 -0.154433 -3.67164 -3.85048 -3.90235 0.183513 -0.00382154 -0.224219
-4.03584 -4.41029 -4.20745 0.0661075 0.0304614 0.128872 -3.9989 -4.3463 -4.29323 0.0880817 0.0217662 0.108939
-5.06131 -4.68528 -4.9576 0.176061 -0.0621942 0.256516 -5.06097 -4.61125 -4.89325 0.175804 -0.0974905 0.280618
-4.24388 -4.404 -4.61024 -0.028991 -0.0468648 -0.169052 -4.25605 -4.43092 -4.69809 -0.0415166 -0.0122637 -0.130936
-4.79417 -4.71553 -5.26089 -0.317567 0.0891914 -0.0244542 -4.76122 -4.67429 -5.25074 -0.290981 0.114135 -0.0034535
-1.96484 -2.22402 -2.38143 0.127432 -0.0138948 -0.156551 -2.00838 -2.28116 -2.42772 0.148741 0.00568271 -0.109911
-4.4065 -4.01075 -4.15834 0.355077 -0.0225767 -0.123001 -4.3828 -3.99112 -4.18738 0.407721 -0.036417 -0.137825
-3.18393 -3.12253 -3.53523 -0.0544763 -0.105556 0.0196878 -3.21155 -3.21942 -3.62116 -0.109696 -0.165796 0.0263081
-2.43731 -2.1297 -2.46348 0.0620235 0.181857 0.101539 -2.44165 -2.10621 -2.51568 0.126427 0.234345 0.0461557
-3.24121 -2.81673 -2.75897 0.0978151 0.0925002 -0.0159546 -3.21252 -2.81629 -2.70265 0.0838994 0.182547 -0.0430825
-2.88768 -3.22023 -2.92467 -0.0210857 -0.0666167 -0.241602 -2.92192 -3.35937 -2.96983 0.0154606 -0.0567605 -0.277408
-4.6475 -4.56223 -5.0375 0.0710266 -0.0903194 0.0632029 -4.5743 -4.49765 -5.08269 0.0957449 -0.0401591 0.0583798
-2.19786 -2.40862 -2.12164 0.0904811 -0.203156 -0.0483297 -2.13845 -2.33123 -2.12096 0.111427 -0.236709 -0.081767
-1.88709 -2.15106 -1.95716 -0.291053 0.133121 0.211754 -1.92965 -2.18981 -2.02698 -0.272577 0.153804 0.221422
-2.84773 -3.28404 -3.06108 0.00476334 0.0630802 -0.123008 -2.75804 -3.28131 -2.96265 0.0156307 0.0557899 -0.106714
-4.89479 -4.51069 -4.76563 -0.154866 0.238263 -0.113687 -4.85347 -4.50215 -4.7933 -0.160594 0.213973 -0.169845
-2.49904 -2.61995 -2.39339 0.0515207 -0.104454 -0.129574 -2.42195 -2.63022 -2.39492 0.032116 -0.093684 -0.107728
-4.3951 -4.81163 -3.96703 0.14438 -0.08563 0.0595012 -4.41806 -4.76705 -3.9941 0.131268 -0.0291555 0.0985398
-2.61659 -2.97969 -3.23348 0.0698781 -0.0372112 -0.108229 -2.63281 -3.02945 -3.32836 0.0829889 0.00710384 -0.133472
-3.52042 -3.82548 -4.17015 0.378148 0.00138851 -0.249262 -3.55294 -3.79397 -4.09394 0.438194 -0.0379896 -0.277539
-3.32048 -3.24686 -3.07462 -0.136904 0.0179574 -0.135632 -3.29816 -3.20258 -3.03272 -0.156377 -0.0302 -0.114629
-3.44756 -3.56803 -3.48529 -0.0536935 -0.069393 0.120361 -3.4302 -3.60466 -3.50344 -0.0593961 -0.0871764 0.171985
-2.46756 -2.69252 -3.1803 0.159291 0.0449854 0.0090842 -2.42982 -2.69243 -3.19129 0.157091 0.081881 0.00383889
-2.23236 -2.28216 -2.25727 0.0369006 -0.019618 -0.142405 -2.23049 -2.38263 -2.30247 0.0576938 0.0265417 -0.230317
-2.03697 -2.20254 -2.29855 -0.0978535 -0.118292 -0.168581 -1.91836 -2.21029 -2.27047 -0.103653 -0.0234934 -0.146599
-2.27103 -2.83861 -2.34724 0.231502 0.32472 -0.0761805 -2.26835 -2.84198 -2.30299 0.230087 0.331378 -0.0935919
-2.27351 -2.38404 -2.08186 0.0643868 -0.064411 -0.129649 -2.25172 -2.33632 -2.08304 0.12976 -0.0917464 -0.0974713
-4.18463 -4.20661 -4.55215 -0.0937884 -0.269014 -0.26329 -4.34406 -4.24533 -4.58179 -0.106966 -0.314461 -0.325489
-1.77845 -1.98133 -1.67107 0.0222605 -0.171404 0.437759 -1.81582 -1.95875 -1.63622 -0.0036665 -0.188797 0.417675
-1.41341 -1.43528 -1.03606 -0.0869951 -0.0817756 0.108523 -1.46347 -1.50025 -1.13634 -0.145051 -0.0682688 0.140024
-5.68097 -5.34845 -6.04744 -0.0607817 0.0780862 0.011608 -5.57039 -5.25008 -5.91425 -0.0508167 0.128787 0.0199744
-3.95131 -4.06153 -4.16842 0.283153 -0.252335 -0.172158 -4.08117 -4.2778 -4.19191 0.285556 -0.195769 -0.133464
-4.58284 -4.17707 -4.38482 -0.0704479 0.229837 -0.0160812 -4.66543 -4.08568 -4.4312 -0.10426 0.263657 -0.069423
-2.13011 -2.41902 -2.38492 0.134741 0.0396141 -0.0414366 -2.16082 -2.44708 -2.42545 0.182196 0.0340224 -0.0431127
-4.42071 -4.22864 -4.04432 0.0514695 -0.116824 0.0638956 -4.42013 -4.10694 -4.02115 0.0684917 -0.0726251 0.0263612
-3.76588 -3.26091 -3.83585 -0.0401981 0.16909 -0.0510813 -3.68689 -3.23923 -3.84989 -0.0227322 0.174657 -0.0454377
-4.59739 -4.8922 -4.4346 0.0159996 0.0824539 0.0420578 -4.59801 -4.95895 -4.47303 0.0231968 0.103406 0.104496
-4.34316 -3.67512 -4.27687 -0.122313 0.319139 -0.0561628 -4.36866 -3.65752 -4.223 -0.0749903 0.350686 -0.114394
-4.00333 -3.81386 -3.71476 0.0564298 -0.121694 -0.224844 -4.05341 -3.82692 -3.90231 0.0134443 -0.141176 -0.176537
-4.00258 -4.20956 -4.0696 0.0863944 -0.230393 0.13868 -3.97793 -4.27833 -4.12553 0.0873556 -0.267814 0.143226
-1.79942 -1.98369 -0.817058 -0.106122 0.129145 -0.0993478 -1.80696 -2.07014 -0.817765 -0.0781355 0.0963577 -0.144458
-3.75458 -3.93193 -3.84661 -0.0605595 0.308244 0.118607 -3.77208 -3.9831 -3.94759 -0.0869138 0.305708 0.133666
-4.18754 -4.41582 -4.61788 -0.0411873 0.00460706 0.0112837 -4.23912 -4.4691 -4.65363 -0.0944246 -0.00444989 -0.0172739
-3.1039 -2.79043 -2.80496 -0.119669 0.0746389 0.0414297 -3.12832 -2.78545 -2.75546 -0.101353 0.0290819 0.0438482
-3.23246 -3.35511 -3.34015 0.184958 0.0180567 0.218728 -3.23103 -3.33529 -3.40322 0.158507 -0.0342374 0.177793
-4.02461 -4.42839 -4.2979 0.0257013 -0.0515203 -0.136213 -3.9556 -4.35334 -4.24082 0.0312507 -0.0719246 -0.178234
-0.383225 -1.57337 -1.10409 0.0804504 0.103911 0.117744 -0.338182 -1.61756 -1.06927 0.110842 0.220712 -0.0057959
-2.41628 -2.34261 -2.45958 0.000180427 0.0204372 0.0309821 -2.43085 -2.32399 -2.37032 -0.0471086 0.0242699 0.0541074
-3.30577 -2.94242 -2.81202 -0.385508 -0.00213 -0.0304152 -3.20354 -2.85283 -2.78647 -0.33681 -0.0034679 -0.0532213
-1.83635 -1.70237 -1.26899 -0.0574375 0.261536 -0.0849144 -1.93623 -1.7538 -1.32733 -0.0587939 0.289557 -0.133005
-2.68165 -3.23897 -2.87228 0.230633 0.0784931 -0.21025 -2.60532 -3.21849 -2.8058 0.186114 0.085355 -0.178062
-4.06104 -4.11096 -4.33098 0.375911 -0.120411 0.338932 -4.08126 -4.02124 -4.35473 0.290873 -0.12508 0.34626
-4.29105 -4.63116 -4.18596 -0.214108 0.083994 0.00827251 -4.33745 -4.65931 -4.13839 -0.187175 -0.0387018 -0.00752095
-4.14559 -4.37183 -4.219 -0.0649054 -0.0673459 -0.136049 -4.13875 -4.37737 -4.18754 -0.119938 -0.0905194 -0.0906936
-3.12737 -3.35487 -3.3053 0.109543 -0.0663069 -0.0617418 -3.10791 -3.32972 -3.24772 0.0572273 -0.0959812 -0.0985665
-4.07222 -3.5778 -4.28134 -0.135436 -0.0521032 -0.00670008 -4.12844 -3.60207 -4.33433 -0.0971912 -0.0670098 0.0909152
-2.41786 -2.49869 -3.39438 0.22587 -0.113726 -0.112562 -2.54829 -2.61801 -3.44399 0.203351 -0.177098 -0.124347
-3.72634 -3.27588 -3.42003 -0.231619 -0.0274438 -0.0640835 -3.74554 -3.18025 -3.45954 -0.258096 -0.0179901 -0.0766622
-1.9108 -1.87018 -1.3168 0.187529 -0.0334755 0.099977 -1.92485 -1.88382 -1.34969 0.156329 -0.0974382 0.130887
-3.27022 -3.09178 -3.93775 -0.166717 0.248657 -0.0419296 -3.27369 -3.17406 -3.85077 -0.201316 0.251201 -0.0823769
-2.98799 -2.94008 -2.97185 -0.0809539 0.265656 0.0672746 -2.99727 -2.82746 -2.97114 -0.147435 0.275961 0.0836862
-3.31875 -3.44326 -3.43018 0.0649164 0.00725354 -0.0635623 -3.37004 -3.49277 -3.47463 0.051598 -0.0347351 -0.0764742
-4.36241 -4.09394 -4.32283 -0.245703 -0.134621 0.255535 -4.39015 -4.08006 -4.34424 -0.203234 -0.118009 0.246757
-2.88109 -3.15359 -3.35054 -0.180312 -0.214257 -0.0126121 -2.96139 -3.13226 -3.4004 -0.134453 -0.205409 -0.0556794
-4.1253 -3.74238 -4.37501 -0.0196158 -0.0536755 0.192627 -4.16943 -3.82012 -4.39248 -0.0151981 0.0053642 0.186747
-3.27737 -2.92042 -3.03627 -0.237802 -0.116281 0.433467 -3.20483 -2.94601 -3.01106 -0.277133 -0.164626 0.479513
-2.85399 -3.19091 -3.31336 -0.114871 0.110205 0.135419 -2.89778 -3.20192 -3.39089 -0.181291 0.0475248 0.0996041
-4.20843 -4.6367 -4.61168 -0.155284 0.0325011 0.149221 -4.25135 -4.67184 -4.70812 -0.182292 0.00300497 0.117822
-0.91526 -0.616633 -0.57599 -0.295318 0.222788 -0.0392935 -1.02308 -0.591338 -0.568909 -0.305224 0.223929 -0.117919
-3.63547 -2.95132 -3.80759 0.0261601 0.00869548 0.103263 -3.53178 -2.85401 -3.79069 0.0506332 0.0202461 0.154351
-4.70404 -4.66821 -4.65147 0.0654014 0.115754 -0.242487 -4.84568 -4.68745 -4.69115 -0.00326249 0.159106 -0.189133
-3.53781 -3.49362 -3.44329 -0.0645811 0.0936838 0.0357452 -3.70271 -3.54787 -3.58591 -0.124844 0.097036 0.0860953
-3.8707 -3.7036 -3.76179 -0.0638764 -0.0536014 0.0558202 -3.87399 -3.68727 -3.77288 -0.122268 -0.0171273 0.0192374
-4.53389 -5.07566 -5.09094 0.060133 -0.132203 0.362114 -4.46903 -5.04268 -5.02929 0.0820315 -0.128704 0.368136
-4.84434 -4.44289 -4.0624 0.0608453 -0.0678676 0.0771669 -4.81342 -4.51378 -4.09522 0.0480381 -0.0766248 0.0121175
-2.20583 -2.64306 -1.89162 0.124322 -0.00253017 0.0986304 -2.2161 -2.62674 -1.7978 0.161421 0.0385172 0.106732
-3.19847 -3.28256 -3.04577 -0.10644 0.0797538 0.138043 -3.30301 -3.36388 -2.99415 -0.109702 0.0453492 0.16227
-3.05848 -3.39468 -3.39044 0.189247 0.00106291 -0.196895 -3.01554 -3.31139 -3.2908 0.170717 0.0227272 -0.224548
-3.58445 -3.60444 -3.58291 -0.127684 -0.23924 0.184913 -3.62775 -3.65933 -3.53799 -0.169806 -0.249342 0.211493
-3.32498 -3.50195 -3.11658 0.283116 0.110949 0.000176438 -3.28053 -3.51486 -3.05285 0.272191 0.131107 -0.0114669
-4.12355 -4.0093 -4.67062 -0.143611 0.0135512 0.215767 -4.2503 -4.0761 -4.73822 -0.224934 0.018188 0.20679
-3.18888 -3.63595 -3.5944 0.0693218 -0.0879325 0.0461534 -3.24548 -3.68294 -3.61249 0.0932072 -0.0318007 0.05297
-2.53817 -2.54077 -2.27736 -0.0622808 0.0652374 0.178948 -2.56788 -2.50059 -2.30349 -0.0718706 0.0236157 0.150629
-4.57007 -4.22785 -4.20203 0.113191 0.154145 0.0557839 -4.57579 -4.15797 -4.23806 0.0649172 0.169642 0.0697082
-2.42503 -1.94656 -1.71836 -0.32658 0.00290123 -0.0387753 -2.44195 -1.90265 -1.72705 -0.33114 0.0699522 -0.0644503
-5.24304 -4.62484 -5.03949 0.144119 -0.0215612 -0.0121478 -5.21423 -4.66213 -5.079 0.133076 -0.0177876 -0.0401629
-3.76013 -3.63784 -3.52136 -0.102674 0.0611534 -0.181965 -3.753 -3.58868 -3.49475 -0.0541975 0.050296 -0.218266
-2.8704 -3.72441 -3.0932 0.0405463 -0.236135 0.312917 -2.9011 -3.79241 -3.11838 0.058731 -0.264139 0.303003
-3.38389 -3.44705 -3.20048 -0.0850823 -0.0995669 0.13689 -3.39742 -3.46478 -3.32348 -0.0948372 -0.139744 0.12115
-3.32986 -3.57868 -4.06283 -0.0156097 0.0229237 0.309467 -3.40199 -3.63963 -4.00157 -0.0472586 -0.0122694 0.328038
-4.22488 -4.61722 -4.66151 -0.0959116 0.0347413 0.0988724 -4.25392 -4.67339 -4.7674 -0.0922491 0.0276522 0.0687659
-3.85398 -3.88451 -3.85775 0.0062966 -0.0795969 0.139194 -3.84898 -3.89377 -3.6818 0.0258141 -0.0252704 0.151038
-3.37014 -3.05265 -3.48621 0.0403753 0.205488 0.226701 -3.37757 -3.06203 -3.51048 0.0755243 0.177172 0.233493
-2.16907 -2.49642 -2.61059 -0.144389 -0.258794 -0.0654408 -2.14549 -2.47613 -2.66288 -0.134057 -0.254638 -0.117879
-2.29513 -2.48672 -2.52022 -0.0241045 0.150328 0.108172 -2.35964 -2.43824 -2.46144 -0.0493076 0.176936 0.0932298
-3.28803 -2.67866 -3.27379 -0.245151 0.353622 -0.377089 -3.3212 -2.72077 -3.25546 -0.183008 0.261191 -0.342813
-3.50303 -3.947 -3.49179 0.195597 -0.107494 -0.214866 -3.52904 -3.97262 -3.55879 0.224504 -0.0766845 -0.107008
-3.27995 -3.07963 -3.48041 -0.198431 0.194429 -0.0388735 -3.35456 -3.07121 -3.46811 -0.192834 0.155031 -0.0355391
-4.31994 -4.10058 -4.19666 -0.0465389 0.115556 -0.113643 -4.30298 -4.1708 -4.16871 -0.0963032 0.13118 -0.110991
-4.30009 -4.04105 -4.09565 -0.0664461 0.113905 -0.0888947 -4.34424 -4.16117 -4.19783 -0.0806502 0.057201 -0.0588872
-2.70917 -2.62736 -2.75937 -0.156008 -0.313989 -0.0684611 -2.5774 -2.60961 -2.73774 -0.123838 -0.250318 -0.106196
-2.45698 -2.71295 -2.88847 0.234752 -0.0353347 0.143585 -2.55677 -2.70277 -2.9491 0.29189 -0.0144702 0.103909
-3.68116 -3.88259 -3.89445 -0.367792 0.232794 -0.376919 -3.67887 -3.89584 -3.8588 -0.303171 0.230796 -0.346156
-3.84748 -3.60011 -4.14612 0.174128 -0.258279 -0.107318 -3.91078 -3.68036 -4.20414 0.172923 -0.185827 -0.115484
-4.40569 -3.74153 -3.81274 -0.131385 0.0605476 0.0953899 -4.40222 -3.69564 -3.70144 -0.111747 0.166311 0.169737
-4.20595 -4.00264 -3.77356 -0.150905 -0.0269372 -0.0641919 -4.25632 -4.03989 -3.75251 -0.106364 -0.07277 -0.0248104
-0.226612 0.355847 0.375812 0.171207 -0.0252389 0.0316392 -0.264686 0.248748 0.233383 0.15887 -0.000438026 -0.0100718
-4.38134 -4.02491 -4.22809 0.0474446 -0.155805 -0.144807 -4.41102 -3.99905 -4.15528 0.0180529 -0.103051 -0.16795
-3.70984 -3.68677 -3.62853 -0.0606995 -0.0374862 -0.0845116 -3.70056 -3.67027 -3.58084 -0.0111266 0.00313641 -0.0755871
-4.97721 -5.31393 -5.59182 -0.0818392 0.110552 -0.0586714 -4.90921 -5.21169 -5.55147 -0.0633073 0.148184 -0.0819186
-4.05283 -3.91898 -4.26474 -0.105868 0.00102471 0.00826733 -4.09013 -3.89147 -4.23438 -0.0188827 0.0138081 0.0274416
-4.05477 -3.8303 -3.55938 0.200738 -0.25384 -0.0582958 -4.02758 -3.81555 -3.60335 0.23794 -0.258747 -0.115485
-4.79132 -5.21279 -5.29571 0.168788 0.0152334 -0.127213 -4.79287 -5.12066 -5.31217 0.185022 0.0819174 -0.134162
-4.97128 -4.51279 -4.97815 0.0169519 -0.16422 -0.062673 -4.89047 -4.36301 -4.93313 -0.0163217 -0.217419 -0.0521949
-2.39722 -2.60239 -2.72056 -0.0889552 0.051835 -0.20098 -2.3384 -2.55383 -2.73292 -0.0686206 0.0961795 -0.23095
-3.04771 -3.0938 -2.43871 0.202085 -0.248939 0.250598 -3.0145 -2.9586 -2.43222 0.205227 -0.284439 0.200529
-3.91883 -3.34658 -3.62729 -0.177733 -0.0509951 -0.239815 -3.9227 -3.35802 -3.61545 -0.165725 -0.0342931 -0.265919
-3.80892 -3.70242 -3.12712 -0.000693371 0.141203 0.138425 -3.8768 -3.84595 -3.22409 0.00601245 0.108578 0.092591
-3.37311 -3.58737 -3.38727 -0.122905 -0.114554 -0.0531205 -3.32648 -3.47234 -3.32034 -0.132461 -0.0919742 -0.0351752
-2.39385 -2.45871 -1.99079 -0.0182699 -0.178762 0.248064 -2.48376 -2.44383 -1.92667 -0.0261839 -0.159898 0.240903
1.72572 2.30042 2.53233 0.17963 -0.000939365 0.0545779 1.68524 2.22791 2.4412 0.179347 0.0357283 -0.00251739
-3.46803 -3.85783 -3.70824 0.000555584 -0.0493212 0.0221595 -3.51418 -3.86936 -3.75481 0.0171188 -0.0275597 0.0521141
-3.16391 -3.01106 -2.66102 0.0194728 -0.0927835 0.128015 -3.14617 -3.0039 -2.73739 0.0622654 -0.102773 0.162529
-2.18181 -2.12594 -1.7507 0.0592144 0.223566 -0.0678121 -2.31802 -2.18299 -1.86117 -0.00734115 0.268514 -0.107656
-3.58048 -3.88668 -3.93811 0.139261 -0.0532229 -0.0399401 -3.62746 -4.10312 -4.02227 0.191638 -0.0601518 0.0228715
-3.57325 -3.75449 -3.82831 0.00658143 0.00440209 0.188581 -3.71331 -3.74013 -3.86371 0.0502382 -0.0783556 0.172532
-3.28176 -3.44817 -3.68621 -0.109264 -0.0299631 0.104232 -3.29925 -3.46504 -3.75926 -0.0855029 -0.0640058 0.153898
-3.84036 -3.8793 -3.80201 -0.2481 -0.349603 0.185821 -3.88829 -3.81419 -3.85256 -0.267083 -0.345107 0.16214
-3.73538 -3.29849 -3.50789 -0.0850757 -0.10505 -0.15309 -3.72847 -3.31033 -3.48359 -0.126428 -0.0677332 -0.131912
-3.83268 -4.04352 -3.13212 0.125078 -0.179893 0.122428 -3.88996 -4.04853 -3.15883 0.14546 -0.170212 0.0789164
-2.4011 -2.77979 -3.03362 -0.0741128 -0.162241 0.0495888 -2.42179 -2.82095 -3.13184 -0.0885042 -0.0984195 0.106127
-1.39725 -1.27213 -0.80078 0.0163235 -0.386412 -0.146182 -1.57829 -1.39004 -0.885902 0.0922524 -0.472255 -0.119171
-1.70246 -1.31333 -1.40906 0.480047 -0.0451076 -0.0269344 -1.66997 -1.23434 -1.39573 0.572344 0.0608984 -0.0745501
-2.23374 -2.53747 -2.34734 0.147451 0.252734 0.0160014 -2.26574 -2.51307 -2.45043 0.164441 0.195775 -0.0331298
-4.33366 -3.94322 -3.80194 0.0809452 0.2037 0.0324541 -4.50841 -3.99211 -3.8866 0.0503322 0.205641 0.0560879
-4.08617 -3.14952 -3.33824 -0.00540328 -0.100824 0.11777 -4.13824 -3.13566 -3.31803 0.0129126 -0.07886 0.0822404
-2.97929 -3.29762 -2.85332 -0.169942 -0.444808 0.0895867 -3.08585 -3.32754 -2.80829 -0.144417 -0.374157 0.0605802
-3.29666 -3.15436 -2.83988 0.0600934 -0.0795935 -0.203583 -3.28183 -3.16449 -2.79182 0.0583515 -0.0530621 -0.192857
-3.82232 -4.05794 -3.4928 0.156265 -0.00169534 0.0020692 -3.7951 -4.05161 -3.44909 0.116791 0.0627282 -0.0519998
-1.05208 -2.02815 -1.37634 -0.183516 -0.12225 -0.1842 -1.04228 -2.05306 -1.36716 -0.252275 -0.191909 -0.201513
-3.22586 -2.77826 -2.93635 0.157898 0.232657 0.241597 -3.15678 -2.65384 -2.82529 0.204259 0.231713 0.296863
-4.35222 -4.04093 -4.10534 0.31013 0.0514974 -0.214263 -4.44803 -4.00447 -4.07749 0.336816 0.0387928 -0.206026
-1.1346 -2.3551 -1.53622 -0.13132 -0.160793 -0.0251372 -1.12276 -2.36816 -1.50992 -0.117839 -0.18015 -0.0209031
-3.73428 -4.47429 -4.24608 -0.0260876 0.0377298 -0.097687 -3.72927 -4.54058 -4.31487 0.00289326 0.070511 -0.125581
-1.27172 -0.862512 -0.712987 -0.0479302 0.100829 0.0649436 -1.27002 -0.831717 -0.788154 -0.0840561 0.0348233 0.0608025
-1.83462 -1.78465 -2.01627 0.062577 -0.0763244 0.00419427 -1.82947 -1.86693 -1.99331 0.098653 -0.0975543 0.011893
-2.88365 -2.34029 -2.45883 0.170805 -0.0863838 -0.202744 -2.82081 -2.33396 -2.40583 0.185404 -0.0638619 -0.189146
-2.96005 -2.77293 -3.05179 -0.183888 -0.0404028 0.0891697 -2.91609 -2.81368 -3.03736 -0.193267 -0.000123829 0.100643
-1.76632 -1.64938 -1.09154 -0.0109252 -0.0696675 -0.234361 -1.83603 -1.72029 -1.07915 0.0256554 -0.0480928 -0.155755
-3.59454 -3.69941 -3.47748 -0.441992 0.0345439 -0.186845 -3.64157 -3.659 -3.50843 -0.372461 0.0697841 -0.163051
-2.05564 -2.17853 -2.55786 -0.102281 -0.0333916 0.0960101 -2.13306 -2.20289 -2.6399 -0.0771332 -0.0988808 0.0790736
-1.75899 -1.34308 -1.81008 -0.188689 0.0406854 0.356267 -1.73784 -1.36758 -1.70783 -0.138021 0.0354305 0.387486
-4.38589 -3.9032 -3.65841 -0.0152551 -0.158231 -0.118901 -4.31008 -3.96808 -3.67274 -0.0325746 -0.159071 -0.0882096
-3.6306 -3.87739 -3.82263 -0.102707 -0.0132147 -0.191945 -3.65988 -3.84298 -3.81556 -0.0353141 -0.0377622 -0.202301
-1.88439 -1.99951 -1.94485 0.0656335 0.0493544 -0.333256 -1.92437 -1.96946 -1.91709 0.0960105 -0.0207799 -0.376367
-3.8261 -3.28451 -3.53679 -0.349162 0.0659611 -0.0164819 -3.89908 -3.34062 -3.65882 -0.269608 0.109163 0.0328108
-2.22644 -2.43224 -2.25573 -0.0837135 -0.0374703 0.0294175 -2.2482 -2.43546 -2.23339 -0.136701 -0.0210926 0.0264324
-3.80437 -2.72222 -3.20522 -0.183824 -0.0228694 0.0513332 -3.76031 -2.72939 -3.20605 -0.236693 -0.0922927 0.0220674
-2.89123 -2.81647 -3.29697 -0.0859155 -0.112533 0.212854 -2.85912 -2.84216 -3.33136 -0.118334 -0.168477 0.20048
-4.36729 -4.4592 -4.30586 -0.264832 -0.118249 0.132376 -4.35901 -4.36619 -4.29678 -0.220283 -0.0913979 0.144017
-2.74321 -2.60558 -2.41503 -0.0660336 0.0288524 -0.00436861 -2.73067 -2.55963 -2.36367 -0.107967 -0.0201118 -0.00944321
-3.78226 -3.77277 -3.81431 0.222657 0.00242927 -0.119286 -3.79877 -3.76837 -3.77181 0.261028 0.034773 -0.100569
-2.3142 -2.45086 -2.5633 -0.108571 0.109445 0.0226765 -2.29032 -2.38802 -2.55999 -0.13268 0.0779461 0.0598908
-3.04054 -3.54622 -2.9662 0.00995523 0.23665 0.211654 -3.13321 -3.547 -2.98021 0.0368798 0.203345 0.151848
-4.02495 -4.0065 -3.9476 0.147201 0.0178863 0.0197426 -4.01435 -4.01309 -3.92073 0.129069 0.0522475 -0.0124236
-1.37722 -1.07174 -1.78096 -0.285997 -0.280524 0.0300815 -1.40779 -1.04565 -1.76963 -0.271337 -0.265855 0.062295
-3.42484 -3.41735 -3.90514 0.30356 0.00641967 0.133878 -3.39895 -3.47122 -3.95626 0.366975 0.0713454 0.159721
-1.02424 -1.0996 -0.667671 0.0391267 -0.0242734 0.0636954 -1.1155 -1.09387 -0.790689 0.0208278 -0.0317664 0.0632571
-4.05904 -3.74577 -3.85776 0.117536 -0.0377889 -0.0358897 -4.17642 -3.7344 -3.87979 0.0894808 0.0190047 -0.051086
-2.45354 -2.14661 -2.14525 -0.0508218 0.19662 0.108089 -2.3676 -2.15778 -2.02728 -0.11318 0.190921 0.117486
-2.23397 -2.32987 -2.08565 0.0782519 0.0605158 -0.193191 -2.21254 -2.21765 -1.98359 0.0891863 0.0477681 -0.220837
-3.73823 -3.93544 -3.76652 -0.0781306 -0.111835 0.0240193 -3.73964 -3.93742 -3.84855 -0.0849773 -0.0905533 -0.00603827
-4.19122 -3.79717 -4.00376 0.153425 0.00587642 -0.0502545 -4.15149 -3.79418 -3.97998 0.139157 0.0327827 -0.0643561
-2.41118 -2.63766 -2.29942 0.0392558 0.126862 -0.0814104 -2.41145 -2.68532 -2.35711 0.0163624 0.166425 -0.0309918
-4.89969 -4.58638 -5.44033 0.144194 -0.12629 -0.322953 -4.87078 -4.49241 -5.4494 0.145746 -0.0244418 -0.340213
-3.47605 -3.49808 -3.76017 0.136041 0.327213 -0.196589 -3.50597 -3.46787 -3.85362 0.167834 0.422474 -0.17791
-5.52082 -5.68149 -5.91008 -0.0323041 0.0993486 -0.151204 -5.41964 -5.53712 -5.80397 0.00151144 0.128276 -0.119067
-4.74302 -4.19449 -4.2224 0.0994595 0.0674938 0.09779 -4.79687 -4.24762 -4.19013 0.0970454 0.0753058 0.128578
-2.04319 -2.24051 -2.62682 -0.189509 -0.0524995 -0.259761 -2.12573 -2.24766 -2.53872 -0.215771 -0.0827267 -0.25923
-3.45309 -3.65158 -3.18715 0.138913 -0.0474121 0.356419 -3.47406 -3.63775 -3.29616 0.12995 -0.00144166 0.323395
-3.19858 -3.0368 -2.60664 -0.303946 -0.254266 -0.111223 -3.16919 -3.00042 -2.56999 -0.309365 -0.274601 -0.11404
-3.18955 -3.57352 -3.37626 -0.179765 0.177016 -0.122565 -3.23623 -3.61618 -3.37931 -0.159557 0.134364 -0.110745
-4.03614 -3.47422 -3.32858 0.0147786 0.275351 0.127788 -4.13916 -3.59606 -3.35979 0.0214726 0.298274 0.187353
-2.74195 -2.68768 -2.8115 0.228644 0.150966 0.182487 -2.71427 -2.68692 -2.84152 0.176887 0.144812 0.195051
-2.11421 -2.4866 -2.50898 0.121699 -0.230292 0.203031 -2.105 -2.44874 -2.48209 0.188044 -0.225187 0.175436
-2.22746 -2.34102 -2.51677 0.0399518 -0.0491817 0.111507 -2.22685 -2.38284 -2.55191 -0.0303689 -0.0976272 0.0809387
-1.69788 -2.03442 -2.08054 0.328415 -0.0689871 -0.342935 -1.65657 -2.0383 -2.03843 0.314709 -0.0594894 -0.308852
-4.27555 -4.06456 -4.00234 0.0799348 -0.175848 0.174841 -4.43944 -4.12924 -3.99174 0.0843826 -0.166051 0.203425
-3.44523 -3.31631 -2.95014 -0.028967 0.201213 -0.0498273 -3.43327 -3.22799 -2.96409 0.0369757 0.224263 -0.0538362
-3.03577 -1.82405 -2.70645 3.20331e-05 -0.024237 -0.176158 -3.12868 -2.12328 -2.75511 0.0407832 -0.0391484 -0.246107
-2.43736 -2.35177 -1.76414 -0.255014 0.0623177 -0.121096 -2.56416 -2.54255 -1.82986 -0.377074 0.0517103 -0.0686441
-2.78857 -1.86843 -2.16676 0.291214 0.00177897 0.0839495 -2.89887 -1.92727 -2.32689 0.157063 0.0590041 -0.0259701
-1.73903 -1.88011 -2.04615 -0.0520615 -0.48506 0.128551 -1.64851 -1.6993 -1.97733 -0.0716288 -0.459506 0.160859
-1.5952 -1.75683 -1.0857 0.254125 0.101791 0.44193 -2.00312 -2.07865 -1.39177 0.275745 -0.0331905 0.356257
-2.05224 -1.91345 -1.39647 0.198631 -0.0670233 -0.0254951 -2.12399 -1.92888 -1.49285 0.150349 -0.0338671 -0.115924
-2.2292 -1.08608 -1.436 0.241691 -0.0552107 0.0588626 -2.4693 -1.2449 -1.47171 0.19198 -0.151941 0.161219
-0.611947 -0.612741 -0.77409 -0.0803712 0.520045 -0.493847 -0.701816 -0.834168 -0.927723 -0.0969072 0.479128 -0.282618
-0.715907 -2.15271 -0.787672 0.642203 -0.0812483 0.0391227 -0.690469 -2.04289 -0.746839 0.460959 0.00858363 0.0500661
-1.52243 -1.9647 -1.5444 -0.212193 -0.0871836 0.0718591 -1.69138 -2.0612 -1.54301 -0.224523 -0.128716 0.134303
-2.25947 -1.69619 -1.67171 0.0568979 -0.0294772 -0.357383 -2.38162 -1.86173 -1.81329 0.060523 0.0323914 -0.402147
-1.24354 -1.70567 -1.764 0.00694063 -0.321592 0.424069 -1.27947 -1.86381 -1.82522 -0.0181187 -0.308675 0.431405
-3.93448 -3.32609 -3.48586 0.0140272 0.308463 0.136275 -3.89549 -3.34211 -3.54433 0.0382724 0.230349 0.224278
-3.18738 -3.49838 -2.80928 -0.079056 -0.118564 0.541883 -3.19828 -3.45887 -2.78269 -0.0292739 -0.15456 0.53771
-2.90855 -3.03791 -2.80193 -0.143391 -0.215078 0.693377 -2.75313 -2.8958 -2.75831 -0.127009 -0.210634 0.69351
-3.04735 -2.31391 -2.558 0.858344 0.074796 0.366756 -2.97947 -2.29368 -2.57546 0.841531 0.0422394 0.385892
-3.86093 -3.54657 -4.41024 -0.00324557 0.250216 0.054452 -3.88387 -3.58041 -4.50749 -0.0154623 0.265398 -0.00166578
-2.88339 -3.56353 -3.228 -0.186952 -0.0749982 -0.225477 -2.82216 -3.52418 -3.19916 -0.195812 -0.144894 -0.2433
-3.51628 -2.7863 -2.59647 -0.236483 0.0534703 0.611857 -3.54581 -2.67444 -2.53415 -0.22627 -0.0014959 0.604853
-2.67812 -2.98001 -3.25473 -0.201619 -0.16242 0.0862405 -2.64389 -2.90759 -3.24125 -0.17695 -0.144752 0.142294
-2.77637 -3.01947 -2.91583 -0.174922 0.25389 0.144415 -2.77336 -3.05908 -2.98482 -0.128052 0.222188 0.147285
-3.53521 -3.33035 -2.51541 -0.630816 -0.0545445 0.179449 -3.51465 -3.20897 -2.36938 -0.594862 -0.044034 0.180733
-2.95429 -2.30431 -2.78399 0.182873 -0.269036 0.33525 -2.91946 -2.26375 -2.80511 0.141641 -0.275738 0.335343
-2.9208 -3.04695 -2.78762 0.171501 0.852022 0.163896 -2.77363 -2.89191 -2.64323 0.179545 0.823535 0.194957
7.2973 2.77549 8.92544 0.206403 0.0235233 -0.119093 7.24373 2.61358 8.62592 0.117028 0.0288835 -0.133197
10.1541 8.99778 13.2819 0.304128 -0.65449 -1.00127 10.3194 8.88826 13.0786 0.248744 -0.733385 -1.07386
1.70734 1.07244 1.80331 0.721777 -0.0051651 -0.0384955 1.80835 1.04481 1.65181 0.669212 0.0398778 -0.0118136
-0.498134 -3.47528 -2.77826 0.0739994 -0.0170342 -0.11872 -0.580081 -3.55337 -2.81127 0.0176124 -0.00067716 -0.132758
12.2779 8.67524 10.8683 -0.0868372 0.3379 -0.665797 12.1715 8.51696 10.6887 -0.215648 0.314059 -0.595997
7.87216 6.4658 4.35888 0.632143 -0.0937082 -0.446235 7.8034 6.35742 4.20626 0.559791 0.00528562 -0.422168
1.68756 1.92146 0.675364 0.117554 -0.267267 -0.565784 1.62595 1.7857 0.567764 0.045983 -0.288682 -0.7434
5.96266 1.56802 5.00638 0.160445 -0.270502 0.534594 5.92708 1.51249 4.74507 0.209891 -0.251681 0.661863
1.23016 -0.360987 0.637704 -0.24432 0.339588 0.280038 1.17306 -0.469546 0.280176 -0.225078 0.361602 0.212963
-1.18901 -0.383674 -0.756449 0.0550677 -0.0982886 -0.081297 -1.38897 -0.561115 -0.938979 0.0653559 -0.0455051 -0.0930408
-0.822808 -0.65654 -0.869756 -0.0166849 -0.0698462 0.202767 -0.915432 -0.615499 -1.0048 0.0784791 -0.0729729 0.101912
-1.34184 -1.44297 -0.0686651 0.189886 0.173732 -0.173249 -1.33967 -1.60694 0.0255351 0.261511 0.136101 -0.126691
-0.497193 -1.19823 -0.551459 -0.0842983 -0.232016 -0.573158 -0.527473 -1.20335 -0.620112 -0.100041 -0.249063 -0.554386
-1.27759 -0.791763 -0.873539 0.154065 -0.210488 -0.118048 -1.35266 -0.792857 -1.06654 0.148717 -0.19765 -0.134347
-0.404333 0.173858 0.0904284 -0.0368236 -0.156677 -0.461193 -0.587351 0.0133357 -0.0509131 0.0188419 -0.205297 -0.483547
-0.429303 0.0520691 -0.0558647 -0.567892 0.0658655 -0.296174 -0.418137 -0.0674015 -0.215831 -0.503394 0.0642319 -0.411105
0.0124258 -0.510677 -0.502775 0.363174 -0.204903 0.0963562 -0.0990509 -0.803031 -0.654753 0.2811 -0.23881 0.143559
-0.088629 0.202983 -0.0313871 0.393655 0.252076 0.783142 -0.116001 0.103324 -0.176776 0.448727 0.231808 0.787599
-1.20849 -0.353649 -0.266032 0.0280188 0.371486 -0.399787 -1.46828 -0.451229 -0.477286 0.0579174 0.311502 -0.375398
-1.01102 -0.68641 -0.734101 0.601568 -0.426936 -0.254398 -1.16846 -0.749133 -0.809407 0.512609 -0.448738 -0.248619
-1.38595 -1.50124 -0.719231 0.113044 -0.161705 0.0435839 -1.51483 -1.66369 -1.00349 0.131025 -0.0805293 0.0132274
-0.235914 -0.290166 -0.610857 -0.632326 0.128136 -0.17792 -0.296202 -0.387942 -0.795757 -0.588885 0.17797 -0.171711
-0.222557 0.339403 -0.143662 0.252545 -0.109633 -0.10965 -0.359816 0.136437 -0.311513 0.28365 -0.0929669 0.0256755
-0.0322765 0.174238 0.244565 0.259173 0.122159 0.12541 -0.187603 0.0992088 0.211371 0.383061 0.103952 0.205795
0.28449 -0.764017 -0.603152 0.184637 0.366471 -0.050276 0.302655 -0.848487 -0.631492 0.196804 0.568377 -0.0337687
0.218825 0.963312 -0.20287 -0.723952 0.0325014 -0.346102 0.163352 0.849127 -0.294477 -0.588893 -0.0498083 -0.351837
-1.1456 -0.777398 -1.11512 -0.06551 -0.0122568 -0.0502832 -1.12665 -0.870521 -1.17972 -0.010809 0.0443312 -0.0939865
0.168567 0.233048 -0.449822 0.0656743 0.380751 0.193024 0.0798934 0.00970046 -0.674496 0.0264001 0.501 0.26465
-0.191383 0.00524016 -0.861215 0.265228 0.43952 0.114072 -0.291183 0.0158967 -0.86829 0.359314 0.415933 0.054533
0.255383 -1.53852 -0.819812 -0.110831 0.0115185 0.0475274 0.175856 -1.5961 -0.95395 -0.255776 -0.0777822 0.0257641
-1.12716 -0.920195 -1.78778 0.189018 -0.0404959 0.392646 -1.18747 -0.933565 -1.68439 0.16922 -0.145333 0.428143
-0.157827 -0.880429 -0.214061 -0.0613022 0.397358 0.247834 -0.295499 -1.00629 -0.187368 0.00395742 0.303665 0.308742
0.529844 -0.218845 0.546065 0.339284 -0.498099 -0.181994 0.441378 -0.352681 0.493546 0.229789 -0.581367 -0.175536
0.142345 -0.55033 -0.505734 -0.00446939 0.0536689 0.362234 0.0137897 -0.75377 -0.46442 -0.0717977 0.0207995 0.371733
-0.217788 0.15685 0.0944663 0.27908 0.662398 -0.337519 -0.161407 0.177408 0.370226 0.301737 0.796624 -0.285652
-0.153531 0.224573 0.751496 -0.0355854 0.21523 0.0423854 -0.429754 0.0959876 0.593183 -0.0580326 0.235242 0.0267867
-0.47318 -0.629565 -0.551238 0.207466 0.137801 0.10171 -0.702796 -0.823349 -0.589198 0.178261 0.0401301 0.00264583
-0.668818 -1.16991 -0.856845 0.0127187 0.196884 0.15949 -0.62388 -1.25785 -0.872212 0.108092 0.181746 0.119127
0.0652709 0.271444 0.111487 -0.320769 -0.125373 -0.0820527 0.105815 0.250525 0.113948 -0.277997 -0.135528 -0.0511195
0.327852 -0.233211 -0.454135 -0.0226107 0.125475 0.176233 0.22723 -0.190541 -0.541467 -0.120078 0.0983322 0.228871
0.285837 0.194918 -0.186879 -0.159252 0.186913 -0.153521 0.329486 0.208317 -0.178075 -0.181808 0.167589 -0.106728
-0.249064 -0.123451 -0.236833 -0.0654412 -0.0405867 0.0544816 -0.213426 -0.0397089 -0.243284 -0.0387035 -0.0263419 0.0538089
0.244234 0.392049 -0.251174 -0.107811 -0.178953 -0.278353 0.295742 0.341028 -0.235755 -0.129174 -0.171585 -0.266604
0.307882 0.343582 -0.0951058 0.312025 -0.0573986 -0.114118 0.253087 0.386501 -0.119037 0.308839 -0.0813836 -0.15346
0.0874075 0.157479 -0.0437608 0.156416 -0.0416979 0.0696254 0.0993074 0.120337 0.0621469 0.198556 -0.0567104 0.0304278
0.0443406 0.00789391 -0.470029 0.0558245 -0.180419 0.164012 -0.0533761 0.0166988 -0.541022 0.075048 -0.165128 0.101736
-0.470913 -0.109521 0.260789 -0.155464 0.202017 -0.0855044 -0.470575 -0.184232 0.230719 -0.181642 0.123408 -0.0392703
-0.495739 -0.279311 -0.58166 -0.0572571 -0.157997 0.0432624 -0.624568 -0.285363 -0.543396 -0.0132716 -0.144362 0.0795306
0.0564169 0.414793 0.648134 -0.171893 0.111031 -0.23162 0.0685008 0.535479 0.534192 -0.136245 0.168973 -0.245616
-0.00963487 -0.130027 0.0867579 0.0630733 0.177385 -0.0221549 -0.0612918 -0.189222 -0.00712737 0.0539632 0.194902 0.00757097
-0.0196781 0.592877 -0.0127258 0.145067 0.200362 -0.0124119 0.00156968 0.469974 -0.0768917 0.123285 0.163188 0.000382283
0.0597364 0.158424 0.171057 -0.204212 -0.0342429 -0.011455 -0.0354825 0.162402 0.177479 -0.162747 -0.039833 -0.025064
0.190292 -0.0499821 0.154942 -0.157835 0.0243799 -0.0249392 0.0688939 -0.124455 0.0157141 -0.159338 0.0084661 0.0125515
-0.564515 -0.681461 -0.549931 -0.138806 0.0357479 0.0559722 -0.514506 -0.615476 -0.561319 -0.144722 0.0170604 0.00602431
-0.467107 -0.299439 -0.948279 0.0423759 0.0777907 -0.0513438 -0.359927 -0.352882 -0.89042 0.0310558 0.0412574 -0.0293256
-0.267684 -1.13814 -0.938464 -0.102253 0.0346197 0.150761 -0.160728 -1.10552 -1.02516 -0.151688 0.0437733 0.0634967
-0.375272 -0.214419 -0.346027 0.00690644 0.0828108 -0.195097 -0.382978 -0.279909 -0.39675 0.0212083 0.0662835 -0.190344
-0.786232 -0.582203 -0.424458 -0.0877424 0.0492497 -0.00792104 -0.789558 -0.601775 -0.535094 -0.0964226 0.11684 0.0167509
-0.79496 -0.632404 -0.469947 0.0541296 -0.116526 0.0529883 -0.793341 -0.536115 -0.490655 0.0712811 -0.0806476 0.0367017
-0.444203 -0.533505 -0.399467 0.110994 0.117921 -0.0289468 -0.478282 -0.530146 -0.484529 0.107526 0.135968 0.0460178
-0.703324 -0.928837 -0.607941 0.00779983 -0.0286779 -0.0289439 -0.740566 -0.859732 -0.622335 -0.0237115 -0.0240302 -0.10875
-0.642258 -0.0507857 -0.545954 -0.087174 -0.140749 -0.0887526 -0.73915 -0.117214 -0.51174 -0.0364186 -0.082613 -0.0948967
-0.166766 -0.730427 -0.616194 -0.2155 0.0428355 -0.0649405 -0.205004 -0.780947 -0.640049 -0.171499 0.0870342 -0.10899
0.161783 -0.2669 0.076522 -0.141567 0.131387 0.1562 0.0968763 -0.178099 -0.0088893 -0.0994304 0.144592 0.136988
-1.08744 -0.485638 -0.419312 0.132288 -0.0872185 0.0381705 -1.12906 -0.406868 -0.483622 0.104216 -0.106381 0.105609
-0.536326 -0.413647 -0.397277 -0.124847 0.096943 0.104328 -0.460327 -0.467414 -0.391985 -0.144055 0.103258 0.0667441
-0.340301 -0.261486 -0.428527 0.0914289 -0.0578892 0.081845 -0.381287 -0.410169 -0.375517 0.127345 -0.0857376 0.061216
-0.119946 -0.121349 -0.668628 -0.152346 0.410394 -0.0628031 -0.113525 -0.17702 -0.751366 -0.151015 0.479274 -0.114356
-1.61599 -1.44734 -1.24158 -0.193038 -0.0228335 -0.0185575 -1.81853 -1.58727 -1.37468 -0.0899036 -0.0323545 0.0566738
-1.96189 -1.52485 -1.41589 0.12491 -0.0844262 -0.0254792 -2.00262 -1.50558 -1.61786 0.0696606 -0.13005 -0.0571249
-1.31511 -1.39715 -2.31126 -0.345571 0.360282 -0.0203159 -1.38226 -1.37626 -2.33274 -0.312528 0.363979 0.041234
-1.04995 -0.436565 -0.841737 0.0358261 0.140528 0.105254 -1.20257 -0.637982 -0.894604 0.130525 0.111252 0.0531255
-0.185505 -0.513979 -0.925048 -0.120159 0.0030182 -0.0543841 -0.27465 -0.64094 -0.979888 -0.0597086 0.0703089 0.0195503
-0.463157 -0.527828 -1.32265 -0.219063 -0.501244 -0.269917 -0.573773 -0.747832 -1.42811 -0.14697 -0.499359 -0.299451
-0.705209 -0.881528 -1.22958 -0.138387 0.276877 -0.0255209 -0.777016 -0.79834 -1.42127 -0.077463 0.297892 -0.0313443
-0.804098 -1.20161 -1.04051 0.153149 0.0235819 0.0886845 -0.921929 -1.25577 -1.11443 0.137562 0.1208 0.0984957
-1.14604 -1.00856 -1.73152 0.336043 0.0200323 -0.119875 -1.30054 -1.06861 -1.79198 0.328012 0.0499639 -0.0432358
-1.0298 -1.08207 -0.905839 0.0906171 0.0648727 -0.315193 -1.14004 -1.20002 -0.948383 0.066989 0.0381644 -0.3245
-0.43119 -0.910079 -0.538818 -0.0228875 0.137985 0.215446 -0.620309 -0.995878 -0.576729 0.0712441 0.0945787 0.241534
-1.50992 -0.775026 -1.26 0.33632 -0.142301 0.0777022 -1.66871 -0.801904 -1.32938 0.393488 -0.0949846 0.0488365
-0.562627 -1.254 -1.27509 0.0874925 0.208501 -0.121035 -0.637788 -1.40582 -1.40798 0.0599584 0.19168 -0.177492
-0.685211 -0.694079 -0.0878464 0.0464523 0.0992906 -0.661691 -0.850214 -0.727428 -0.175653 0.0642579 0.134688 -0.714222
-0.198834 -1.03475 -0.370807 -0.230603 -0.0826101 0.159287 -0.362591 -1.03001 -0.43584 -0.239677 -0.102412 0.119891
0.678516 0.424412 0.770105 -0.251933 0.362545 -0.187766 0.623241 0.396021 0.698734 -0.306547 0.38347 -0.200708
0.458368 0.0746128 0.321555 -0.175008 -0.429486 0.0373757 0.237819 -0.0827864 0.114652 -0.164998 -0.422285 0.123236
-0.616849 -0.19546 -0.219276 0.313246 -0.144568 0.238376 -0.820817 -0.2097 -0.227 0.294553 -0.10726 0.257965
-0.497252 -0.216728 -0.200342 0.0632994 0.359474 -0.12813 -0.514224 -0.259931 -0.318054 0.087332 0.346832 -0.149878
0.153912 -0.284951 -0.368075 0.0300883 0.00322982 0.0813973 0.157736 -0.316359 -0.488895 0.105751 0.038248 0.128942
0.0779704 -0.222738 -0.208259 -0.0838842 -0.0604106 0.148319 0.0102669 -0.322037 -0.241616 -0.105345 -0.119688 0.162506
0.373772 -0.454591 -0.227016 0.205143 -0.325616 0.0118647 0.287322 -0.437267 -0.150753 0.212105 -0.336092 -0.0409591
-0.403894 0.0384245 -0.268548 0.00469897 -0.397781 -0.185543 -0.555457 -0.0362386 -0.30307 -0.022232 -0.383133 -0.249842
0.170209 -0.617828 -0.186769 -0.242473 0.116406 0.0740591 0.0986965 -0.635895 -0.275318 -0.0763234 0.144328 -0.0196902
-0.152109 -0.321846 -1.11414 0.0396068 0.114087 0.306175 -0.244079 -0.380641 -1.177 0.0648013 0.205736 0.323014
-0.699039 -0.00252608 -0.679454 -0.171631 0.225121 0.0921557 -0.613069 -0.0331277 -0.873801 -0.286771 0.357356 0.0612541
-0.611663 -0.329089 -0.484374 0.0820027 0.171497 0.13996 -0.556833 -0.317988 -0.451338 0.0534208 0.285579 0.129212
-0.301603 -0.775728 -0.436734 -0.139705 0.139475 -0.167053 -0.423213 -0.962733 -0.518508 -0.139972 0.189698 -0.130283
-0.201246 -0.538191 0.265549 -0.0650376 -0.401121 0.227762 -0.281395 -0.598896 0.153444 -0.0340198 -0.419349 0.218037
0.00916984 0.885019 0.157186 -0.108348 0.0430627 0.50322 -0.000113805 0.820926 0.0312833 -0.0560684 0.000285924 0.47392
-0.10998 -0.275088 -0.467967 -0.0563312 -0.439186 0.211688 -0.25609 -0.294313 -0.421629 -0.0727959 -0.50291 0.134355
-0.18825 0.103256 -0.129067 -0.106673 -0.336491 0.020537 -0.329414 -0.0189455 -0.252792 -0.032419 -0.356628 -0.0374525
0.0544783 0.210876 0.406777 -0.0534359 -0.0845901 -0.128417 -0.0271972 0.146216 0.348373 -0.0606344 -0.04365 -0.0891823
-0.261778 -0.191537 0.631895 0.10465 -0.18649 0.235706 -0.274017 -0.268623 0.533729 0.0226752 -0.200297 0.28895
-0.355792 -1.14402 -0.841312 0.0581406 -0.0522472 -0.048172 -0.353827 -1.17262 -0.723463 -0.0350024 -0.0669556 -0.00115487
-0.0375084 0.0177141 0.409259 0.0831309 -0.204298 0.106645 -0.11279 0.0438645 0.395126 0.0116963 -0.159569 0.0454936
-0.601205 0.112298 -0.812479 -0.138727 -0.16816 -0.13547 -0.442034 0.219797 -0.812176 -0.0813046 -0.137145 -0.0342434
-0.218629 0.368096 -0.482663 0.0606996 -0.165351 0.0562031 -0.227194 0.421214 -0.590644 0.0398172 -0.0839845 0.0228887
-0.812569 -0.728468 -0.199537 0.0860233 0.167786 -0.164992 -0.937225 -0.749669 -0.343963 0.131165 0.226839 -0.107343
-0.402771 -0.0179764 0.00234351 0.0955619 0.0676863 -0.107193 -0.367117 -0.0462903 -0.0655835 0.0255031 -0.00717948 -0.081199
0.565515 1.0281 0.238405 0.095381 0.262771 -0.0525338 0.403112 0.886966 0.131078 0.0696336 0.242764 -0.0552422
0.146609 -0.428667 0.00814045 -0.0346107 -0.0866501 0.028283 0.023884 -0.51448 0.0597255 -0.0284581 -0.139484 0.0398525
0.15923 0.184565 0.116889 -0.170784 -0.0111736 -0.0579315 0.176661 0.0911152 0.0413833 -0.155247 0.000442747 -0.00943525
0.338793 -0.34362 -0.14701 0.213147 -0.046688 -0.203699 0.287657 -0.40328 -0.210054 0.202207 0.0584154 -0.146919
0.00729803 0.271563 0.551738 0.193226 -0.0213713 -0.198718 -0.0498227 0.150317 0.49822 0.123907 -0.0236108 -0.214458
-0.313969 -0.400644 -0.681992 0.013928 -0.0373043 -0.0921013 -0.343202 -0.435131 -0.717211 -0.0632322 -0.0891285 -0.103322
-0.263729 -0.712533 0.45339 0.256823 0.0373321 0.223377 -0.354418 -0.84844 0.413483 0.211838 0.0393555 0.242831
-1.07886 -0.0159523 -0.698551 -0.272222 -0.172833 0.348687 -1.068 -0.0650393 -0.791698 -0.197749 -0.207695 0.348778
-0.236324 0.525304 0.382926 0.2851 0.0329262 0.0262152 -0.259218 0.498886 0.474582 0.234055 -0.0250177 0.0213373
-0.891644 -0.742129 -0.301963 0.0754951 -0.352471 0.0202468 -0.945696 -0.937553 -0.36306 0.0234355 -0.359976 -0.0208
0.00473983 -0.22416 -0.454939 -0.268263 0.198012 -0.0748691 -0.0540385 -0.378047 -0.404409 -0.236723 0.172259 -0.083369
-0.306722 0.453064 0.506986 -0.0916799 -0.0225548 -0.262347 -0.352256 0.415832 0.407154 -0.127111 -0.0557802 -0.296683
0.08944 0.203092 -0.17266 0.110978 -0.472554 -0.399955 -0.0796617 0.1858 -0.170509 0.114692 -0.47412 -0.403543
1.11173 1.03448 0.704915 0.16824 0.33399 0.0545642 1.12242 0.958233 0.565114 0.1437 0.39006 0.0761849
-0.436525 -0.614244 -0.667571 -0.359585 -0.019633 0.109222 -0.497486 -0.677382 -0.764697 -0.355325 -0.114669 0.158431
-0.379957 -1.01673 -0.888909 0.0500172 0.0408059 -0.101852 -0.313767 -0.980083 -0.877853 0.0645384 0.0537421 -0.103785
-0.0861535 -0.832766 -0.902041 0.199558 -0.0212235 0.147458 -0.00365288 -0.906864 -0.996966 0.251369 -0.0384934 0.124319
-0.39262 -0.546139 -1.02074 -0.0444889 -0.132734 0.206963 -0.388104 -0.464528 -1.06513 -0.0973721 -0.146098 0.203476
-0.239333 -0.424936 -0.560731 -0.055969 -0.00443215 -0.141968 -0.268148 -0.533842 -0.665228 -0.04761 -0.0235799 -0.103796
-0.721247 -0.51548 -0.126008 -0.200727 -0.0166827 -0.219518 -0.724243 -0.546457 -0.0956806 -0.126911 0.030319 -0.253329
-0.377669 -0.703934 -0.912117 0.00611792 -0.0627682 0.0678056 -0.404276 -0.637412 -0.980854 -0.00628968 -0.0889527 0.0148862
-0.505183 -0.0367305 -0.574259 0.0581851 0.0140392 -0.11522 -0.547277 -0.104408 -0.648943 0.0272753 0.011704 -0.105245
0.0212553 -0.121587 -0.243627 -0.0351033 0.100203 -0.0165306 -0.0104817 -0.122765 -0.218459 -0.107072 0.0839617 -0.122992
-0.137251 0.23822 -0.205694 -0.0585015 0.0464087 0.0946821 -0.184429 0.272831 -0.234753 -0.0375193 0.0418605 0.125298
-0.21065 0.0323435 -0.916763 -0.130167 -0.123203 0.276498 -0.245655 -0.000412581 -1.01253 -0.184281 -0.10982 0.291799
-0.87997 -0.0195035 -0.517337 0.106292 -0.128112 -0.00973069 -0.961184 0.0711093 -0.575682 0.128047 -0.224933 -0.00508093
-0.318815 -0.386333 0.0252362 0.0172773 -0.138813 0.167258 -0.358546 -0.556147 -0.0121484 -0.0327896 -0.142004 0.126038
-0.0964939 0.248441 -0.174518 0.0428917 0.0888274 0.0564325 -0.133793 0.17516 -0.158334 0.0292589 0.0816113 -0.0107068
-0.0740808 -0.320339 -0.496718 -0.0322669 0.367854 -0.149559 -0.183744 -0.436026 -0.621357 0.0190145 0.412553 -0.112701
-0.677466 -0.602364 -0.484486 0.0966535 -0.204916 0.298274 -0.723523 -0.611536 -0.552081 0.0611663 -0.152866 0.22018
0.000965653 0.114247 -0.0702911 0.0282539 0.230682 -0.234052 -0.0732239 0.0154157 -0.191295 0.032248 0.231707 -0.32364
-0.620937 -0.503132 -0.314618 0.0869423 0.047715 -0.363429 -0.658566 -0.499706 -0.234921 0.0534819 0.0413673 -0.416893
-0.859919 -0.471058 -0.661023 -0.0250719 0.0686 -0.151052 -0.861187 -0.594648 -0.643763 -0.101101 0.0824249 -0.144227
0.108931 0.274162 -0.242404 0.0715143 -0.290589 0.0679347 0.110867 0.317056 -0.310396 0.0601861 -0.313599 0.100319
-0.36749 -0.219186 -0.467971 -0.0312056 -0.148643 0.0322261 -0.457382 -0.284167 -0.49243 -0.00362144 -0.208149 0.0134731
0.0345862 0.275445 0.265331 0.141264 0.224204 -0.0583696 -0.0949591 0.0483651 0.190244 0.173441 0.201421 -0.0428569
-0.493635 -0.75907 -0.285362 0.106641 0.0554749 -0.158484 -0.493703 -0.852965 -0.440679 0.0683082 0.0310572 -0.134369
-0.850979 -0.466841 -0.476489 0.0115125 0.333627 0.143647 -0.982509 -0.524251 -0.556211 0.0168718 0.359065 0.166173
-0.880101 -0.578302 -0.0546991 0.0189424 0.140502 0.135182 -1.00657 -0.625816 0.00334255 0.019007 0.087292 0.130827
-0.42452 0.320483 -0.36567 -0.00659564 -0.197144 0.287718 -0.489122 0.226932 -0.425304 -0.044085 -0.215212 0.239776
-0.227248 -0.201421 -0.417958 -0.130558 -0.143433 0.16097 -0.342839 -0.297047 -0.475256 -0.187088 -0.0865387 0.161642
-1.025 -1.26008 -0.991987 0.131363 0.162158 -0.175258 -1.16633 -1.19776 -1.03067 0.150021 0.221501 -0.155232
0.303398 -0.570789 -0.365764 0.11088 0.0218089 -0.0294074 0.307749 -0.639259 -0.467481 0.105531 0.0425823 -0.0631404
0.245747 -0.194897 0.486154 0.0596663 -0.19044 -0.178664 0.166694 -0.339734 0.438015 0.0231454 -0.145964 -0.178072
-1.18236 -0.767847 -0.651929 -0.0268224 0.0743831 -0.0998301 -1.27883 -0.828255 -0.688818 -0.00307903 0.0563958 -0.0885743
-0.5905 -0.468436 -0.530175 0.250788 0.216006 0.521559 -0.648067 -0.407779 -0.573962 0.181405 0.272195 0.554244
-0.165768 0.554567 -0.138748 0.33404 -0.111175 -0.00235658 -0.210107 0.520809 -0.24601 0.307029 -0.060219 -0.0175149
0.117915 0.225127 -0.745247 -0.182135 0.0198654 -0.338976 0.143343 0.165553 -0.810116 -0.247473 0.0968985 -0.478769
-0.218545 0.142708 -0.381194 -0.0572082 0.145271 0.203726 -0.298436 -0.0468391 -0.377969 -0.0109362 0.161023 0.144952
-0.359043 -0.158925 -0.774781 0.112706 0.134943 0.0536663 -0.36192 -0.224539 -0.863954 0.0773722 0.196105 0.0636162
-0.614349 -0.53783 -0.334024 -0.0590224 0.174386 0.304839 -0.466789 -0.496498 -0.231093 -0.12782 0.118642 0.355222
-0.456675 -0.413775 -0.706418 -0.135168 -0.0333823 -0.128648 -0.591211 -0.551112 -0.803115 -0.130059 -0.0502587 -0.105756
0.105613 0.45213 0.11513 -0.0128968 -0.174325 0.137207 0.0855932 0.350972 0.000110771 -0.0527443 -0.175704 0.21126
-0.178559 0.318908 0.190846 0.0696567 -0.110596 0.152125 -0.24066 0.307461 0.167558 0.106243 -0.0851786 0.0676758
0.448927 -0.555811 0.048875 -0.0362228 -0.0592132 -0.0640719 0.392196 -0.596955 -0.0614716 0.0284739 -0.0496061 -0.115001
0.0660802 -0.894196 -0.244949 -0.0834278 -0.0410659 0.512129 -0.00246778 -0.852943 -0.245387 -0.0977665 0.0123755 0.49774
-0.358322 0.043878 -0.341705 -0.203462 0.0106968 0.0304042 -0.396025 0.118308 -0.376946 -0.17647 0.0248845 0.0634573
0.571174 0.110965 0.264827 0.249453 0.157042 -0.0403625 0.573859 0.1374 0.220908 0.209868 0.146165 -0.0244833
-0.00109233 -0.660257 -0.344206 -0.287402 0.230922 -0.00402174 -0.0361614 -0.734074 -0.317616 -0.322699 0.161402 0.0530063
-0.450157 0.156068 -0.266203 0.277404 -0.324764 -0.0122536 -0.504784 0.144494 -0.349651 0.210604 -0.308202 -0.0545624
0.2132 -0.258194 -0.57148 -0.030321 0.0329093 -0.0609897 0.235801 -0.334665 -0.67049 0.00273652 0.0985505 -0.0444264
0.0367845 0.261977 -0.426207 -0.233131 0.0213225 -0.207488 -0.0150976 0.211798 -0.509106 -0.149952 0.061252 -0.204336
-0.57287 -0.812537 -0.610081 -0.0681644 -0.0335515 -0.243903 -0.619024 -0.774132 -0.616548 -0.0515422 -0.0295787 -0.258552
-0.00771418 -0.0539438 0.0942494 0.216489 -0.264619 -0.39919 -0.0779669 -0.095368 0.0979047 0.216794 -0.262057 -0.426384
-0.242921 -0.404068 0.134007 -0.0302213 -0.0815452 -0.181003 -0.349508 -0.554149 0.119566 -0.0111142 -0.11177 -0.142307
-0.194971 -0.614751 -0.287108 -0.00167946 -0.0418408 -0.122979 -0.259943 -0.766567 -0.306859 -0.0513887 -0.0335591 -0.119232
-0.105618 -0.573131 -0.034767 -0.0317714 0.289178 0.0551927 -0.17478 -0.650739 -0.0762749 -0.0592431 0.257419 0.0553791
-0.322612 0.0776066 -0.224062 -0.24278 -0.0174985 -0.05975 -0.366558 0.0942242 -0.332549 -0.333795 0.0252523 -0.0984228
0.140694 0.445952 0.130406 -0.031284 0.287891 -0.32433 0.111666 0.335394 0.0336773 0.0258468 0.246132 -0.341922
-0.080039 -0.584543 -0.809042 0.245304 -0.264766 0.263953 -0.0660833 -0.72016 -0.899104 0.266613 -0.275743 0.311479
-0.0106959 -0.29333 -0.860234 -0.085195 0.0637431 -0.104418 -0.1344 -0.474861 -0.947759 -0.127914 0.0422109 -0.0926045
-0.921253 -0.737868 -0.275873 -0.393786 -0.244837 0.0163895 -0.976635 -0.714997 -0.14336 -0.410225 -0.1836 0.0868465
-0.157052 -0.272928 -0.404862 0.0466501 0.0101466 0.181249 -0.259585 -0.321763 -0.414325 0.0764338 -0.0255869 0.144426
-0.619646 -0.394865 -0.529099 0.0381306 -0.166766 -0.00698438 -0.722519 -0.430036 -0.462296 0.0417169 -0.0876784 0.00626486
-0.342032 -0.352605 -0.625563 -0.2586 -0.262284 0.0438823 -0.407875 -0.402708 -0.728516 -0.274578 -0.288608 -0.000654774
-0.225376 -0.279656 -0.466749 0.107216 -0.217075 0.204994 -0.341121 -0.315133 -0.632409 0.0828609 -0.260421 0.202265
-0.635935 -0.0340663 -0.475152 -0.141454 -0.0643691 0.0427567 -0.625153 -0.00991542 -0.462394 -0.184779 -0.144263 0.0473165
-0.628355 -0.374718 -0.77164 0.242818 0.00558089 -0.0162268 -0.644234 -0.444874 -0.883151 0.223415 0.033627 -0.0079219
-0.589976 -0.419565 -0.546114 -0.072132 0.25226 0.0744555 -0.639368 -0.569441 -0.559752 -0.130476 0.248359 -0.0239801
-0.649742 -0.742083 -0.350199 0.0480213 -0.247938 -0.0243132 -0.663793 -0.825684 -0.354241 0.0594825 -0.18616 -0.069148
0.652647 0.362877 0.338046 0.0521047 -0.297239 -0.0333609 0.564228 0.174601 0.290839 0.0895697 -0.261899 -0.0722889
-0.395365 -1.1057 -0.88952 0.0904821 0.384791 0.103486 -0.371028 -1.10133 -0.991618 0.100322 0.417884 0.0660513
-0.934313 -0.668733 -0.767019 0.342998 0.288916 0.224352 -0.929402 -0.725342 -0.825414 0.442419 0.395396 0.247274
-0.255872 -0.800117 -0.57974 0.172389 -0.161284 0.344686 -0.309487 -0.878096 -0.696707 0.323098 -0.126904 0.286251
-0.923383 -0.674977 0.306441 0.0087748 0.605444 -0.136663 -0.978507 -0.778227 0.324345 0.0538471 0.681463 -0.12565
-0.88884 -0.94303 -0.628368 0.361876 -0.0886239 -0.246682 -0.911671 -1.11305 -0.778962 0.506696 -0.0570733 -0.252684
0.318405 0.209092 -0.170459 0.0512576 0.31474 -0.118255 0.29512 0.0556783 -0.0458445 0.108964 0.408013 -0.157988
-0.684155 -0.310669 -0.385258 0.1438 0.156974 -0.294479 -0.734752 -0.375906 -0.282717 0.225147 0.206688 -0.388031
0.0466572 0.39597 0.185016 0.0936197 0.107481 0.00714228 -0.00431086 0.302373 0.13277 0.212983 0.254735 0.0331502
-0.626527 -0.745944 -0.747898 0.153454 -0.121708 0.0620104 -0.736725 -0.748386 -0.672179 0.180944 -0.0332507 0.0812612
0.0214501 -0.0924584 0.0607991 0.0884948 0.079912 -0.259126 0.092008 -0.0844746 -0.0108824 0.205274 0.151057 -0.333853
-1.38098 -0.809276 -0.870397 -0.0554553 0.201125 0.24592 -1.5038 -0.869012 -0.873061 0.0800767 0.208644 0.223061
-0.444846 -0.464069 -0.731222 0.125557 0.156311 0.172892 -0.443687 -0.563424 -0.648633 0.19785 0.30349 0.198626
-0.533693 -0.99727 -0.717453 -0.102026 -0.100921 0.0295556 -0.59054 -0.932566 -0.865918 -0.0206488 -0.0247403 -0.0497056
0.066325 -0.191212 -0.74375 -0.072257 -0.0106039 0.00552211 0.147604 -0.275575 -0.828113 -0.0870853 0.0671368 0.072253
0.4817 0.620281 0.2318 -0.0089912 0.088767 -0.770503 0.380706 0.420441 0.086463 0.032424 0.118509 -0.820255
-0.688181 -0.991366 -1.0161 0.0729039 0.0190748 0.149688 -0.810385 -1.0247 -1.09688 0.139084 0.126736 0.196731
-0.0339929 0.12252 0.336462 -0.293761 0.0483247 0.0814293 -0.104384 -0.0339614 0.319034 -0.2004 0.180555 0.0675396
-0.870929 -0.651555 -1.09159 0.0455358 -0.22247 -0.122504 -0.854081 -0.785283 -1.19624 0.130016 -0.183838 -0.180265
0.060708 -0.172197 -0.12206 0.0738414 0.223466 -0.0261331 0.069011 -0.202819 -0.0861642 0.145847 0.279728 -0.026868
0.594565 0.474934 0.365263 0.121565 0.2539 -0.0414386 0.546162 0.462331 0.366716 0.212793 0.34043 -0.0723456
0.295079 0.0453704 0.0459291 0.135474 0.0235031 -0.0405362 0.263808 0.130748 0.188125 0.247431 -0.0168339 -0.111928
-0.0665799 -0.155374 -0.0932625 0.173622 0.39289 0.18018 -0.191414 -0.172973 -0.11515 0.2587 0.351939 0.197989
0.437061 -0.40516 0.333292 0.207189 0.0988733 0.228723 0.403009 -0.510088 0.248033 0.32316 0.173549 0.255793
0.105952 0.0170726 0.085466 -0.102373 -0.185789 0.0138104 0.00897608 -0.105525 0.118551 -0.0154449 -0.0972743 0.00610305
0.00292036 -0.574923 -0.477455 0.170155 0.216104 -0.108531 -0.104754 -0.662396 -0.478611 0.230977 0.276492 -0.111194
0.313413 0.22519 -0.205199 0.0614011 -0.125913 0.157651 0.196731 0.341034 -0.316392 0.0888024 -0.11939 0.147464
-1.39357 -0.96014 -1.17338 0.249791 0.147066 -0.0138197 -1.43797 -1.00162 -1.16323 0.29475 0.223471 -0.0355283
-0.327214 -0.801981 -0.289976 -0.198662 -0.0728889 0.140157 -0.215743 -0.840955 -0.447358 -0.113862 -0.008756 0.187229
-0.801811 -1.0321 -1.23954 0.0541293 -0.300553 0.0868951 -0.807041 -1.11342 -1.20177 0.086182 -0.215539 0.0623815
-0.645675 -0.284778 -0.49692 0.0369651 -0.0175496 0.266676 -0.736425 -0.213693 -0.47816 0.132858 -0.00803723 0.305572
-0.135313 -0.214573 -0.553356 0.0909033 0.231571 -0.0286258 -0.111806 -0.348916 -0.575346 0.188441 0.288265 0.0527948
0.209924 0.487699 -0.0472486 -0.0416232 0.151392 -0.238492 0.225964 0.452405 -0.107348 0.135107 0.141889 -0.324715
-0.181377 -0.503786 -0.818333 0.162922 -0.0313021 0.241304 -0.201639 -0.57678 -0.841982 0.268343 0.0161581 0.203697
-0.161191 -0.259972 -0.125466 0.0989015 0.0147705 0.0581723 -0.0444993 -0.387895 -0.185717 0.179341 0.130621 0.0389615
0.152733 0.513478 0.335556 -0.0285374 0.123355 0.206553 0.0633778 0.460992 0.310091 0.0163562 0.24886 0.2412
0.218663 -0.684321 -0.356665 0.0302413 -0.107513 0.109087 0.257066 -0.671792 -0.417302 0.144176 -0.0506803 0.0967034
-1.35868 -0.893077 -0.273372 0.157097 -0.176639 -0.105609 -1.38892 -0.836673 -0.285519 0.3127 -0.11305 -0.122818
0.0663243 0.108346 0.306502 -0.155904 0.164697 -0.308963 0.0644923 0.0457596 0.205027 -0.0702519 0.169754 -0.371612
-0.537658 0.114777 -0.233334 0.307796 -0.168619 -0.193258 -0.548452 -9.5761e-05 -0.46756 0.400279 -0.0814478 -0.210049
0.377982 -0.0946183 -0.377412 -0.024382 0.140398 -0.203107 0.182282 -0.148313 -0.439944 0.111561 0.204677 -0.238217
-0.52972 0.0567127 -0.546176 0.0702247 -0.155756 0.053633 -0.593065 -0.0215429 -0.498767 0.183325 -0.125241 0.0138089
-0.35273 0.0396972 0.104505 -0.00506741 -0.00855384 0.0529292 -0.276152 0.163186 0.0760717 0.0522549 -0.00926767 0.041359
0.211255 0.2362 -0.0381876 -0.0918065 0.0952596 0.0593657 0.244868 0.363443 -0.0708358 -0.0201649 0.094513 0.0512941
0.327831 0.807682 1.14933 0.193659 0.299948 -0.366194 0.279779 0.681499 0.974373 0.303805 0.355924 -0.353169
0.334882 0.135138 -0.0565201 0.13299 0.249186 0.0390493 0.211609 0.121346 -0.120231 0.233794 0.306229 0.0370163
0.252653 0.844039 0.174656 0.176199 0.0800865 -0.245166 0.282402 0.848112 0.179462 0.241974 0.0625199 -0.270924
-0.0671321 0.46262 0.442031 -0.136115 0.0313485 -0.089606 0.125411 0.643174 0.506666 -0.072203 -0.0741536 -0.0917188
-0.826392 -0.492653 0.0978669 0.0814511 0.0235378 0.155089 -0.673349 -0.461658 0.129395 0.166084 0.0520839 0.15887
0.364212 0.27531 0.207567 0.136492 0.0378105 0.2077 0.376365 0.310878 0.0786457 0.138877 0.0342206 0.219587
0.125337 0.290463 0.104495 0.211862 -0.109496 -0.0434163 0.174835 0.0867348 -0.12554 0.245997 -0.131977 -0.039938
-0.454556 -0.672653 -0.0158104 -0.158629 -0.0459209 0.300249 -0.396436 -0.843748 0.080732 -0.180146 -0.0286358 0.366259
-0.00624681 -0.212576 0.0127982 0.0626383 -0.00614469 0.195952 0.0808099 -0.34735 0.0418032 0.0310297 0.0179061 0.150104
-0.291733 0.158533 0.248459 -0.0986209 -0.205658 0.164104 -0.532555 0.209755 0.308929 -0.0936261 -0.161743 0.291559
-0.371889 -0.408475 -0.396949 -0.224 -0.0686947 0.250623 -0.388656 -0.610581 -0.442311 -0.268525 -0.0036805 0.187294
-0.406511 -0.582275 0.470839 -0.0345307 -0.303098 0.00691303 -0.442874 -0.772345 0.573363 -0.0585562 -0.312845 0.0804039
0.0845128 -0.0959037 -0.0668862 0.132667 0.0480622 0.537669 -0.0192099 -0.229234 -0.158937 0.199755 0.105982 0.58329
0.0097789 -0.192674 0.238145 -0.114115 0.0511444 -0.152227 0.00954505 -0.354517 0.264688 -0.079364 0.0868758 -0.165641
0.192515 0.282618 0.415812 -0.206452 0.229637 -0.0968144 0.0186878 0.29248 0.425553 -0.227262 0.302785 -0.224544
-0.446332 -0.513706 -0.744591 -0.065852 -0.0842162 0.0812448 -0.372562 -0.761666 -0.73897 -0.0157555 -0.0563637 0.0306449
-0.386261 -0.730725 -0.955408 0.274467 -0.322512 -0.178753 -0.320989 -0.988866 -0.930067 0.295276 -0.374815 -0.203676
-0.30516 -0.63962 -0.492387 0.0370428 -0.0876725 0.0805987 -0.288776 -0.688123 -0.703769 0.0534055 -0.0460045 0.159893
-0.988303 -0.664654 -0.0380399 -0.108952 0.049187 0.254282 -1.00538 -0.716661 0.0622905 -0.120071 0.000616781 0.269814
-0.687141 -1.11491 -0.873471 0.00593461 0.173707 -0.216465 -0.622775 -1.30189 -0.827311 0.00380036 0.161042 -0.178291
-0.472288 -0.00411133 -0.0117197 0.0734772 0.00616956 0.255862 -0.46659 -0.128198 -0.0164257 0.0727019 0.0783999 0.276907
-0.107024 -0.358488 -0.431137 -0.295365 0.30488 0.0599366 -0.107214 -0.351214 -0.58049 -0.297656 0.336669 0.0311815
-1.04104 -0.363766 -0.976459 0.0575791 0.309528 -0.0130279 -1.12731 -0.502442 -0.89263 0.0800928 0.312216 -0.0301811
-0.331625 -0.00504057 -0.100234 -0.146956 -0.0959051 -0.25626 -0.244282 -0.267712 -0.176599 -0.168713 -0.0837101 -0.243515
-0.193014 -0.309675 -0.492507 0.311789 0.0697685 -0.172132 -0.162356 -0.557525 -0.599648 0.2961 0.0949885 -0.163024
-0.237932 -0.225977 0.498801 0.13826 -0.197026 -0.0461497 -0.199726 -0.367502 0.56559 0.0873034 -0.157756 0.0254135
0.647436 0.309925 0.579043 -0.148583 0.17941 -0.0489952 0.783965 0.25192 0.37952 -0.138632 0.218544 -0.0742778
-0.0621411 0.323085 0.125558 0.0133465 -0.0908526 0.0492062 -0.129533 0.108934 0.238639 0.0454162 -0.0748086 0.0566419
0.653564 0.42859 0.0858431 0.151887 -0.0907061 -0.00142284 0.784523 0.352345 -0.0423356 0.101776 -0.0294651 -0.0509049
-0.373137 -0.515814 -0.308007 0.191159 -0.261141 0.0553585 -0.150293 -0.850047 -0.39268 0.162241 -0.306456 0.118466
-0.0506392 0.100121 -0.431061 0.0200243 0.11724 0.0819344 -0.0206955 -0.00370434 -0.595864 -0.010646 0.101677 0.0740131
-0.408871 0.00554952 -0.0394975 -0.213294 0.134097 -0.0678195 -0.515553 -0.0393764 -0.131145 -0.177456 0.180765 -0.0777499
-0.160908 -0.551639 -0.253908 -0.158685 -0.199326 -0.0953095 -0.238703 -0.601922 -0.310605 -0.229792 -0.238225 -0.0643867
-1.94829 -1.62348 -0.879599 0.196694 0.13787 -0.0264303 -2.06184 -1.61881 -0.77304 0.233562 0.152523 -0.110505
0.761993 0.265826 0.292216 -0.0448308 -0.162057 -0.00932235 0.901493 0.196408 0.0613682 -0.101276 -0.150434 0.0361581
-0.852788 -0.170357 -0.694061 0.250279 -0.270715 -0.0657147 -0.970254 -0.255147 -0.715657 0.286797 -0.385746 -0.0693633
-0.305034 -0.425017 -0.00030038 -0.309715 0.13002 -0.249797 -0.332329 -0.622365 0.0330714 -0.292112 0.169706 -0.255613
-0.615245 -0.530596 -0.603704 -0.19595 0.0905837 -0.217044 -0.747039 -0.642224 -0.637797 -0.169438 0.0550778 -0.220382
-0.50644 -0.168437 -0.229123 0.0997965 0.00917195 0.226585 -0.501268 -0.186084 -0.340511 0.0950858 -0.0108493 0.268584
-0.278845 0.0269025 0.366716 -0.306962 -0.074115 0.204826 -0.338261 -0.0523974 0.261581 -0.321251 -0.0827487 0.223192
-0.256589 -0.026256 -0.198058 -0.259312 -0.0197594 -0.00840066 -0.344785 -0.177958 -0.276508 -0.316912 -0.00410363 -0.00728273
0.252914 0.186952 0.670181 -0.0344517 0.227861 -0.157206 0.120397 0.063488 0.535878 -0.0266383 0.223244 -0.166665
-0.684794 -0.568629 -0.770484 0.330482 0.111988 0.0368676 -0.557656 -0.649996 -0.93724 0.347815 0.152824 0.00149693
0.0511931 0.213304 0.240194 0.0359461 0.210013 -0.0467306 -0.0302812 0.235865 0.132802 0.043679 0.214693 -0.0516197
-0.1091 0.064044 -0.0272877 0.251799 -0.0393999 0.0766379 -0.19622 0.0930723 -0.130632 0.272996 -0.0348954 0.0674399
-0.795019 -0.476234 -0.950602 0.172467 -0.0509082 0.177125 -0.893537 -0.585541 -1.01516 0.212427 -0.059695 0.0859984
-0.00940549 -0.718068 -0.259535 0.0376946 -0.0234135 0.00102002 -0.0982257 -0.844784 -0.253188 0.0462533 0.00349629 0.0366612
0.875372 0.372821 0.945203 -0.136637 0.121097 -0.470054 0.815315 0.215996 0.905368 -0.15225 0.114077 -0.454555
-0.43568 -0.860141 -0.637826 0.0796508 -0.070881 0.00947199 -0.502585 -0.907464 -0.723139 0.046149 -0.0866522 0.044558
-0.390401 -0.18767 -0.345256 -0.0027486 0.171425 0.0626407 -0.368539 -0.0933937 -0.50978 0.0237321 0.146337 0.0315362
0.647438 0.309922 0.579047 -0.148586 0.17941 -0.0489953 0.783962 0.251917 0.379518 -0.138633 0.218545 -0.0742775
-0.320759 -0.226862 -0.18625 0.0885805 0.122814 -0.0329775 -0.338356 -0.379062 -0.244891 0.0626444 0.143997 -0.056726
-1.04611 -1.04221 -0.554885 -0.00776094 0.0599303 -0.0676591 -1.08539 -1.15865 -0.548767 0.00433698 0.0272748 -0.0862906
-0.331627 -0.0050409 -0.100231 -0.146955 -0.0959067 -0.256263 -0.244274 -0.267723 -0.176544 -0.168705 -0.0836776 -0.243569
-0.407149 -0.556371 -0.0735444 0.360549 -0.536776 -0.0352836 -0.42308 -0.663652 -0.116487 0.329651 -0.525149 -0.118539
-0.678507 -0.162548 -0.513492 0.298783 -0.225592 -0.0724125 -0.850151 -0.25762 -0.304845 0.276289 -0.247713 -0.111587
-0.909482 -0.411477 -0.643453 -0.0827656 0.180417 0.105834 -1.17535 -0.634508 -0.520081 -0.104669 0.219506 0.031588
-0.641461 -0.142459 -0.700744 0.182356 0.204778 0.0990785 -0.64626 -0.333991 -0.76378 0.197204 0.207666 0.138531
-0.369368 -0.586934 -0.568746 0.0968657 -0.0898234 0.0125787 -0.435501 -0.626267 -0.661029 0.0855235 -0.100276 0.0110808
-0.583156 -0.911313 -0.487495 0.0505653 0.053676 0.203415 -0.516976 -1.05587 -0.542835 0.0771585 0.0163823 0.152361
-0.896316 -0.792462 -0.971348 0.129659 0.0323897 -0.0906585 -0.80679 -0.915007 -1.07501 0.140387 0.0958465 -0.0720892
-0.989342 0.110297 -0.380319 0.204476 0.215594 -0.168804 -1.19952 0.263946 -0.551454 0.182827 0.166689 -0.109876
-0.868938 -0.510585 0.389479 0.0320008 -0.285836 -0.0218663 -1.1044 -0.563202 0.249196 0.0609916 -0.247894 0.0242201
-0.845806 0.175979 0.0422614 0.0075688 -0.00314731 -0.0830155 -1.05126 0.238877 0.00497792 -0.0267909 0.0733367 0.0476427
-0.58638 -0.535333 -0.499479 0.144866 -0.0188364 0.353074 -0.596741 -0.756979 -0.63943 0.0994796 -0.0666036 0.359045
0.252043 0.499461 0.117033 0.0725285 0.276093 -0.135482 0.22274 0.398006 -0.000788539 0.110721 0.335598 -0.188615
-0.0329164 0.200145 0.0504826 0.0297513 -0.358026 0.00861735 -0.227726 0.129331 0.131697 0.0231559 -0.438385 -0.0490253
-0.060405 0.103201 0.0340497 -0.0244678 0.141983 -0.0300531 -0.0764641 -0.0271273 0.156481 -0.0443803 0.0962735 -0.0653967
-0.545733 -0.494713 -0.326646 -0.0937473 -0.125768 0.0622415 -0.543981 -0.661701 -0.359215 -0.110306 -0.0470859 0.0152308
-0.358739 0.0422031 0.00942876 0.0112076 -0.0488136 0.0464337 -0.50454 -0.158366 0.0528344 0.0448132 -0.0241952 0.0473114
-0.352557 -0.275563 -0.209271 0.0159272 -0.0123051 -0.0615639 -0.295002 -0.406282 -0.219374 -0.0254836 0.0730692 -0.0807741
-0.740006 -0.0941455 0.181099 -0.0366126 0.253294 -0.0958274 -0.778803 -0.257287 0.234042 -0.0159679 0.266065 -0.138224
-0.0904798 -0.0463827 -0.34487 0.0812652 -0.0708593 0.0553629 -0.167673 -0.193318 -0.425942 0.0496974 -0.0666218 0.0573677
-0.872241 -0.88 -0.991173 -0.0571804 -0.237495 0.0614359 -0.89267 -1.02841 -0.834014 -0.0679597 -0.243392 0.0386862
-0.186325 0.568936 0.551946 -0.312203 0.038439 0.0710433 -0.186361 0.468714 0.715237 -0.35529 0.0302488 0.0252365
-0.580561 0.108583 -0.175674 -0.114178 0.0737736 0.28628 -0.608466 -0.0960067 -0.214377 -0.159763 0.0246707 0.24496
0.283423 -0.144626 -0.535112 0.271573 -0.0489722 0.0187875 0.239182 -0.397069 -0.400208 0.29694 -0.0353305 -0.0508697
-0.0661065 -0.241359 -0.15645 -0.00799679 0.244003 0.158634 -0.151677 -0.393679 -0.181101 -0.00776126 0.232814 0.171127
0.0501896 0.431114 0.275146 0.0200265 0.0419611 -0.157221 -0.136417 0.35558 0.126407 -0.03614 0.048655 -0.157621
-0.312623 -0.469562 -0.201093 0.0318393 0.0971384 -0.199818 -0.455838 -0.642002 -0.235462 0.0183578 0.109586 -0.218646
-0.436957 -0.374035 -0.118545 -0.121798 -0.105543 0.0331599 -0.476369 -0.344142 -0.294547 -0.108971 -0.0781963 0.0751534
0.0117942 0.185757 0.124353 -0.231069 0.0724264 -0.136377 -0.232311 0.0780201 -0.0414329 -0.219144 0.105032 -0.125551
-0.828573 -0.784694 -0.165931 0.0401671 0.224707 -0.0163794 -1.06037 -1.02411 -0.156352 0.0163124 0.229635 -0.0124027
0.359019 0.71018 0.517158 -0.171252 0.22958 0.198069 0.189948 0.553663 0.418606 -0.173335 0.228957 0.209318
-0.342988 -0.145063 0.0938148 -0.108254 -0.244947 -0.00644177 -0.525976 -0.345393 0.0109118 -0.122049 -0.240991 0.00641902
-0.26085 0.0397341 0.0745773 -0.112579 0.0428873 -0.00533812 -0.470318 -0.0443936 -0.0540392 -0.0981652 0.0649561 -0.0436882
-0.0161492 0.0449531 0.0205916 0.0574291 0.000297003 -0.178741 -0.168152 -0.0635734 -0.156541 0.0164376 0.0185569 -0.168235
-0.204194 -0.197051 -0.000372462 -0.0414597 -0.090774 -0.0724265 -0.227594 -0.198339 -0.111096 -0.0532026 -0.153683 -0.105164
-0.395464 -0.03751 -0.0776502 0.0957659 0.0350129 0.127261 -0.454606 0.02465 -0.12927 0.0842579 0.0305407 0.137413
-0.385775 -0.426756 -0.0983878 0.12279 -0.122176 0.22599 -0.404207 -0.50046 -0.0270622 0.176077 -0.104102 0.204029
-0.792717 -0.792964 -0.468484 0.0104718 0.0480537 0.19369 -0.832668 -0.843292 -0.499777 0.000552246 0.0311534 0.192365
0.0174797 -0.341484 -0.243311 -0.044389 -0.138371 -0.114288 -0.0218041 -0.467396 -0.182694 0.0359656 -0.121508 -0.202795
-0.0473259 -0.1095 0.253911 -0.0954448 0.0467173 0.104382 -0.124003 -0.237615 0.361664 -0.0852121 0.122979 0.035226
-0.204413 -0.121082 -0.338103 -0.0724552 -0.109188 -0.0590332 -0.259034 -0.168852 -0.368379 -0.00997388 -0.142625 -0.15885
-0.515979 -0.825962 -0.734585 0.060245 -0.059222 -0.130255 -0.426844 -1.01829 -0.606337 0.0924931 -0.0981279 -0.18318
-0.140425 -0.162546 -0.144134 0.357325 0.0593371 0.0160866 -0.187388 -0.244415 -0.228579 0.368075 0.00717974 -0.00517017
-0.0607129 0.160621 0.306901 0.0834331 0.0235958 -0.15022 -0.204173 -0.0390374 0.300633 0.0790315 0.00721742 -0.187194
0.0514533 0.121821 0.159176 0.156998 -0.102612 -0.0921687 -0.0706849 0.0844618 0.0353369 0.159446 -0.0577932 -0.143603
-0.178414 0.0587213 -0.249008 0.4421 0.234056 -0.153307 -0.260953 0.00409252 -0.342373 0.525149 0.266159 -0.188959
-0.28245 -0.393547 -0.380358 0.0128106 0.0285031 -0.211838 -0.306792 -0.458414 -0.461236 -0.0135077 -0.000456848 -0.298044
0.0239735 -0.0359058 -0.0274527 0.123163 0.0423179 0.0598175 0.00757058 0.0802604 -0.0396187 0.110286 0.0312548 0.0807043
-0.0651174 0.212901 -0.150422 0.0869286 -0.177751 -0.200757 -0.0714901 0.144451 -0.208161 0.0979225 -0.165662 -0.18564
-0.619063 -0.367158 -0.157962 -0.0533484 -0.0632868 0.0342594 -0.570458 -0.391042 -0.146937 -0.0934437 -0.043257 0.00370188
-0.360594 -0.298324 -0.264238 0.28575 0.210293 0.0385551 -0.397199 -0.270234 -0.314133 0.265953 0.16874 0.018235
-0.123421 -0.15703 0.51811 -0.0205818 -0.241145 -0.0501187 -0.155789 -0.17092 0.605349 -0.0360732 -0.190339 -0.0649302
-0.710789 -0.328261 -0.715764 0.115344 0.0801263 -0.00609321 -0.706811 -0.287198 -0.745816 0.101589 0.0964494 -0.0130987
-0.629761 -0.603529 -0.655943 0.0253141 0.0268077 0.094957 -0.748018 -0.640146 -0.693656 0.0706967 -0.0014347 0.117095
-0.43433 -0.634843 -0.427308 0.0342474 0.059183 0.0848624 -0.348378 -0.685804 -0.454742 0.0706903 0.0969767 0.0591988
-0.259689 -0.843881 -0.454444 -0.092774 0.146517 0.203449 -0.342826 -0.896218 -0.437119 -0.0836298 0.170888 0.224224
0.409517 0.230012 0.202483 0.0352921 -0.171415 0.236604 0.433541 0.325949 0.0992464 0.0435404 -0.198918 0.140502
-0.389069 -0.407064 -0.339357 0.122909 -0.158051 -0.0597358 -0.432737 -0.495958 -0.369318 0.141593 -0.171646 -0.0509441
0.00766208 -0.187402 0.0919916 -0.052335 -0.178476 0.0535806 0.0196517 -0.195493 0.0626195 -0.0190111 -0.13911 0.0057483
-0.0267578 -0.183314 -0.316696 -0.140866 0.0374775 -0.0142907 -0.005461 -0.280915 -0.435421 -0.16524 0.0632341 -0.0473692
-0.0200232 0.0851376 -0.270745 0.212383 -0.0248288 0.0581373 -0.0656776 0.0430897 -0.445449 0.243825 -0.0606387 0.039134
0.193076 0.0839389 0.319014 0.0737051 -0.109249 0.0705978 0.14939 0.0504077 0.324447 0.103292 -0.0984999 0.0525658
-0.155165 -0.148236 -0.204851 -0.120598 0.0525493 0.0328252 -0.0632664 -0.141031 -0.237943 -0.164891 0.0532125 -0.0144567
-0.57873 -0.674482 -0.599544 0.0506807 0.109801 -0.132507 -0.56162 -0.74365 -0.631955 0.0485379 0.191425 -0.157207
0.305234 0.251768 0.278194 -0.0322853 -0.117337 -0.0204425 0.230412 0.30803 0.272202 -0.0783214 -0.099863 0.0020859
0.427524 0.216656 0.290428 0.308493 0.105268 -0.0713375 0.434526 0.0560741 0.269494 0.321653 0.172537 -0.123554
-0.536883 -0.388133 -0.0484659 0.111525 -0.104265 -0.112948 -0.506599 -0.533096 -0.0964165 0.182295 -0.0524918 -0.171485
-0.273655 -0.665419 -0.364937 0.15432 -0.22178 -0.329592 -0.312174 -0.763345 -0.361098 0.123851 -0.202556 -0.404428
-0.0903267 -0.293528 -0.0959801 0.141515 -0.0816104 0.0284453 -0.175556 -0.401149 -0.112993 0.0646287 -0.107394 -0.0591748
-0.363671 -0.47654 -0.245767 0.0430624 0.223368 0.260223 -0.39221 -0.549404 -0.289317 0.0763509 0.217323 0.270945
0.271283 0.0949886 -0.224497 0.0615911 0.0482556 0.0593175 0.267632 0.0858232 -0.100991 0.0817303 0.0509267 -0.0148446
0.00502486 0.243158 0.0926788 0.174294 -0.249013 0.00541648 0.00918043 0.171044 0.0808648 0.159346 -0.19797 -0.0718386
-0.637313 -0.317855 -0.412668 -0.238589 -0.246729 -0.10186 -0.673067 -0.364938 -0.47723 -0.306644 -0.280965 -0.141713
0.247773 0.518635 0.110366 0.064067 -0.0364415 -0.0348772 0.246054 0.438689 0.123239 -0.00837175 -0.0201334 -0.0079802
-0.218448 -0.221077 -0.133649 0.0147119 -0.179014 -0.0848643 -0.173705 -0.192098 -0.203021 -0.0147732 -0.162252 -0.130547
-0.195601 0.05537 0.32535 0.133518 -0.0392261 -0.125077 -0.275195 -0.0365516 0.296299 0.101734 -0.112679 -0.171013
-0.228635 -0.342892 -0.00798406 0.0420405 0.142176 0.190963 -0.269211 -0.326048 0.0151396 0.030574 0.150752 0.179592
-0.231453 -0.533735 -0.303982 0.0847648 -0.0326908 0.112 -0.308968 -0.673921 -0.353513 0.0605035 -0.0723118 0.140263
-0.261715 -0.289155 0.0576021 0.0715571 0.0127759 -0.186589 -0.283026 -0.315423 0.0355793 0.100157 -0.0108737 -0.234891
0.238855 0.00410876 0.100711 0.0201313 -0.0836612 0.0123892 0.258857 -0.0634756 -0.115989 -0.0326503 -0.0753276 0.00621025
0.00673042 -0.0684546 -0.00662615 0.077299 -0.100243 -0.103201 -0.000596036 -0.078476 0.0101702 0.07567 -0.0212267 -0.0912476
-0.0540007 -0.184412 0.084948 0.183222 -0.119899 -0.000228841 -0.102489 -0.27819 0.0461885 0.23278 -0.119008 -0.00630772
-0.158666 -0.0455626 -0.0798992 0.0983016 0.107031 -0.0176053 -0.253638 0.0162788 -0.133996 0.072623 0.170098 0.0110184
-0.473738 -0.715117 -0.53351 -0.185792 -0.158351 -0.0446911 -0.56569 -0.665803 -0.461615 -0.155299 -0.216103 -0.0625639
-0.142324 -0.157622 0.0435897 0.167213 0.0206272 0.0611813 -0.224057 -0.226127 0.080311 0.156535 0.0414714 0.0806952
-0.0586457 -0.701898 -0.452543 -0.119905 0.157196 0.0427378 -0.106876 -0.755505 -0.399151 -0.0739481 0.186281 0.0743656
-0.576566 -0.4039 -0.360382 0.0623329 0.0702922 0.0218763 -0.600195 -0.457582 -0.243614 0.120627 0.0667201 -0.0633783
-0.405742 -0.14574 -0.0954118 -0.0851188 -0.0412131 0.137988 -0.402523 -0.100209 -0.0660518 -0.0466788 -0.0551949 0.139561
-0.191808 0.0200973 -0.143697 0.141114 -0.139331 -0.137928 -0.298952 -0.0687208 -0.113906 0.0689223 -0.1092 -0.116199
-0.292868 -0.18887 -0.0350466 0.239382 -0.135783 0.044479 -0.301271 -0.213804 -0.104137 0.288443 -0.0889523 -0.00380167
-0.420968 -0.369967 -0.227681 0.0628824 -0.0170565 0.156928 -0.461509 -0.382048 -0.320223 0.0393668 -0.0461711 0.174995
-0.254854 -0.241996 -0.453064 0.167916 -0.0854704 0.0769891 -0.244413 -0.271136 -0.358393 0.175819 -0.113679 0.023334
-0.212943 -0.421653 -0.605464 -0.0762709 -0.328267 0.027261 -0.232612 -0.425089 -0.586831 -0.0208305 -0.327391 -0.0156817
-0.624841 0.108285 -0.192765 -0.267806 -0.104478 -0.135405 -0.689654 0.0824541 -0.211135 -0.262953 -0.137072 -0.167346
-0.21321 -0.0702998 0.0154859 0.251256 -0.129907 -0.32049 -0.389011 -0.105599 -0.00800044 0.298672 -0.15883 -0.336228
-0.588398 -0.595599 -0.189298 0.0616086 -0.0445953 0.00226089 -0.627426 -0.68247 -0.13676 0.095461 0.0187594 -0.0494934
-0.175075 -0.134003 -0.277163 -0.0318886 0.00555775 0.0135698 -0.22827 -0.237591 -0.27932 0.0561035 0.115393 0.00200787
-0.404483 -0.429885 -0.116419 0.0374007 0.154014 -0.00539833 -0.495953 -0.53655 -0.0544322 0.0418397 0.172959 -0.0196726
-0.115239 0.050971 0.00377752 0.123878 0.199507 -0.133888 0.0193838 -0.103593 0.00214824 0.132847 0.164017 -0.148875
-0.084791 0.0498769 -0.362355 -0.134985 0.0596113 -0.160138 -0.0807856 -0.0794154 -0.474968 -0.0522475 0.12243 -0.147598
-0.0374682 0.184354 -0.175786 -0.14965 0.133322 -0.0300927 -0.137672 0.169056 -0.175699 -0.174851 0.144523 -0.0726701
0.0326177 -0.234514 -0.432314 0.129399 -0.144722 -0.190166 0.0461661 -0.281059 -0.505073 0.132713 -0.193948 -0.216477
-0.21883 -0.0984698 -0.207673 -0.0485023 0.208299 -0.179955 -0.34116 -0.104082 -0.269932 -0.0683064 0.217961 -0.263637
0.0123446 -0.0868213 0.00301597 0.0356767 0.129828 -0.0684188 -0.0687543 -0.215461 0.105942 0.0110584 0.156504 -0.0798645
0.154055 0.306851 -0.0780571 0.0403202 0.039436 0.00843893 0.251645 0.230827 -0.158868 0.00802597 0.0229686 0.0836275
0.187134 -0.123185 0.218474 0.151779 0.0120643 0.16536 0.2006 -0.163439 0.194931 0.148425 0.0147534 0.220432
-0.211441 -0.292047 -0.564674 0.14479 0.168308 0.153039 -0.244531 -0.364137 -0.573059 0.167704 0.151431 0.172817
-0.0544455 -0.0783343 -0.0963908 0.0337757 -0.102991 0.128478 -0.14276 0.00475927 -0.192632 0.0437647 -0.0877688 0.149209
0.118049 -0.272667 -0.0381745 0.166946 0.0842799 0.11293 0.080425 -0.258145 0.00782311 0.143841 0.0755539 0.144461
