-0.0840117 -0.0809646 -0.170622 0.00922347 0.00291615 0.0522797 -0.089147 -0.0915948 -0.18164 0.0128873 0.00297302 0.0472843
-0.0857567 -0.0744627 -0.134946 -0.0249406 -0.00637867 0.010472 -0.0959675 -0.0807567 -0.143738 -0.0201977 -0.00393235 0.01726
0.025953 0.0939394 0.0896833 -0.00205297 0.00429278 -0.000870279 0.0200711 0.0881108 0.102105 0.00565593 -0.00486222 -0.000795926
0.0401273 0.0871766 0.0799566 0.000194705 -0.0179197 -0.0193445 0.0384454 0.0850218 0.0727273 0.00672333 -0.0245089 -0.0192085
-0.0963607 -0.0145277 -0.0890154 0.0346096 0.030171 -0.0221599 -0.0912294 -0.0224194 -0.0968595 0.0366557 0.0319178 -0.0260232
-0.0353656 -0.054398 -0.0638681 0.000789485 -0.0039955 -0.0231791 -0.0590588 -0.0792723 -0.0663295 -0.000447407 -0.00729889 -0.0206316
-0.00761783 -0.020475 0.0258742 0.0312674 -0.00848392 -0.0225645 -0.000526111 -0.0373155 0.0264091 0.0259488 -0.01181 -0.0242756
-0.082108 -0.117058 -0.008121 -0.00682894 0.0155365 0.0137654 -0.0934672 -0.125223 -0.024294 -0.00440556 0.0135925 0.0088708
-0.00363672 -0.0468721 0.0156444 0.0286472 -0.0247415 0.0153094 -0.00467827 -0.0521634 0.0250169 0.0299228 -0.022458 0.0168815
0.0448907 0.0883713 0.0338005 0.0144771 -0.00229813 -0.0386165 0.0415517 0.0845764 0.0341936 0.0106287 -0.00229377 -0.0333944
0.0634006 0.0671063 -0.00388731 -0.0128929 -0.00753595 0.0129745 0.076314 0.0712224 -0.000877037 -0.00671833 -0.00242117 0.0146904
-0.10874 -0.121282 -0.111851 -0.019569 0.00604281 -0.0291757 -0.102122 -0.112559 -0.10623 -0.0141598 0.00654407 -0.0310783
0.0519517 0.0604947 0.117337 -0.0106073 0.0279237 -0.00742995 0.0348631 0.0612447 0.0887128 -0.0153936 0.0325322 -0.00316179
-0.0760296 -0.0286125 0.0564425 0.0232231 0.0140224 0.00885685 -0.0717408 -0.0339709 0.0446466 0.0288922 0.00901216 0.00342698
-0.06927 0.00081944 -0.00772839 0.00174799 -0.0222008 0.0120972 -0.0667067 0.00269031 -0.00734481 -0.00334333 -0.0237931 0.00840191
-0.0755186 -0.111494 -0.056511 -0.0100397 0.0158975 -0.00734106 -0.0682682 -0.106848 -0.0680751 -0.0152406 0.013919 -0.00843975
0.0740736 0.049273 0.0609239 -0.00502696 -0.0295736 -0.0313692 0.0643789 0.0451509 0.0600741 -0.00674636 -0.0207288 -0.0218981
0.033615 0.10421 0.0445802 0.006482 0.0271623 0.0110633 0.0375754 0.104113 0.0412923 0.0106469 0.0267672 0.00652685
0.0335974 -0.0483447 0.0322166 0.0170561 -0.000497435 0.0102272 0.0416212 -0.0518848 0.0269236 0.011213 0.0104383 0.0183752
-0.0634655 -0.0630908 -0.0461151 0.0124992 0.00904987 0.00176274 -0.0708487 -0.0485973 -0.0492178 0.0119127 0.00618475 0.00446148
-0.0347891 -0.0418704 -0.0347399 -0.0058281 -0.00155812 0.000289281 -0.0280703 -0.0435837 -0.0338635 -0.0081863 0.000176605 -0.00400519
0.0163695 -0.0323264 0.0167387 -0.00436449 0.0180592 0.0167333 0.0126363 -0.048091 0.00715154 -0.00917753 0.0155878 0.0132511
-0.13686 -0.103586 -0.0727117 0.00319783 0.0151008 -0.0152934 -0.154637 -0.109753 -0.0612935 0.0013721 0.0117797 -0.0127764
-0.0560641 -0.0417546 -0.0146546 -0.0100233 0.00293102 0.0226632 -0.0484046 -0.0558846 -0.0298612 -0.00310043 0.00824068 0.0207983
-0.0160773 0.0170319 -0.0724976 0.0193414 0.00525136 -0.0433002 -0.0255568 0.00563574 -0.0879667 0.0218397 0.00540735 -0.0420139
0.00863428 0.0966844 -0.0420281 0.0413905 -0.00107456 -0.0202282 0.00763815 0.096132 -0.044917 0.0350943 0.00175938 -0.0147451
-0.0904229 -0.1163 -0.0311304 -0.00314344 -0.0467665 0.0157755 -0.0968231 -0.123498 -0.0480166 -0.00378685 -0.0404149 0.0116081
-0.135372 -0.118667 -0.137281 0.000256448 0.0223076 -0.00106691 -0.127366 -0.121866 -0.149496 -0.00242833 0.0196038 -0.00337216
-0.209728 -0.135139 -0.152741 -0.0194777 0.0137444 0.0373375 -0.205806 -0.144288 -0.156535 -0.0169017 0.0116299 0.0341222
-0.121165 -0.00958865 -0.0412193 0.0278588 0.0198214 0.0325128 -0.123725 -0.0227001 -0.0438696 0.0252132 0.0213992 0.0389758
0.0276974 0.0308021 -0.0581661 0.00492727 -0.00553048 -0.000589131 -0.0035863 0.0411178 -0.0766356 0.00258272 -0.00506901 -0.00524685
0.0295865 -0.0481468 -0.0243667 -0.021392 -0.0365853 0.012015 0.0269479 -0.0505954 -0.0337315 -0.025072 -0.0427977 0.0142131
-0.105004 -0.0283219 -0.05083 -0.00399657 -0.0369279 0.0202618 -0.100734 -0.0447575 -0.0483644 -0.0034366 -0.0313751 0.0152665
-0.035723 -0.0010307 0.0103229 -0.0116608 0.0134118 0.00758221 -0.0323438 0.0102661 0.0056792 -0.0245007 0.0117477 0.0116361
-0.0598237 0.0353947 0.00656399 0.0304323 -0.0382285 0.000655849 -0.0758822 0.0291396 -0.00405006 0.0267952 -0.0313812 -0.00259216
-0.161457 -0.145485 -0.112812 -0.017219 -0.00308638 -0.022633 -0.156283 -0.1509 -0.112442 -0.0120088 -0.00222691 -0.0210098
-0.101068 -0.075033 -0.0605889 0.0543849 -0.057892 -0.00501311 -0.119569 -0.0746755 -0.0708683 0.0590353 -0.0461202 -0.00445235
-0.0630663 0.0512456 -0.0416713 -0.0187162 0.0194752 -0.00123056 -0.0604017 0.0330044 -0.0592057 -0.0238994 0.0265195 -0.00101599
0.0543905 0.0193337 -0.00819306 -0.0420049 -0.0190464 0.0392024 0.0511348 0.0158622 -0.00193815 -0.0452505 -0.0103551 0.0437546
0.0313398 0.0172875 0.0603564 0.00999339 0.0186342 0.0258546 0.011751 0.0114216 0.055218 0.00385833 0.01289 0.0214139
-0.0411228 -0.0458312 0.00513462 -0.0126899 -0.0026422 0.0234276 -0.0485722 -0.0551891 0.00851117 -0.0237873 -0.00371179 0.0191904
0.075341 0.0571653 0.082055 0.0244197 -0.0458602 0.0247752 0.0703192 0.0572342 0.085614 0.0211217 -0.0418443 0.0256351
0.0903932 0.0454065 0.111979 0.00685825 0.0314464 -0.0272946 0.0900769 0.0312543 0.120381 0.00513352 0.0345178 -0.0346831
-0.0244961 -0.060855 -0.0271907 -0.0439981 -0.0144233 0.0255741 -0.0211397 -0.0661998 -0.0297964 -0.0426391 -0.0161349 0.0167102
-0.0292864 -0.0125734 -0.00378017 -0.00149102 0.000668534 -0.0285413 -0.0326993 -0.0324721 -0.0197676 -0.00209284 0.00208222 -0.0262123
-0.15307 -0.136646 -0.142179 -0.0190391 0.00357866 0.00530751 -0.156485 -0.120403 -0.149306 -0.0211687 0.00646086 0.00529179
-0.0974127 -0.0515745 -0.087547 0.00249155 0.0243021 0.0235118 -0.0895682 -0.0581102 -0.0875936 0.00317228 0.0217914 0.0246218
-0.104761 -0.0856855 -0.13316 0.0165391 -0.00368776 -0.00943189 -0.0993622 -0.0867879 -0.126051 0.0148273 -0.00431722 -0.00671037
-0.0527529 -0.0476377 -0.0909225 -0.0166333 -0.00256079 -0.0225123 -0.0617399 -0.0554623 -0.0854054 -0.0201357 -0.0032734 -0.0238567
-0.01 -0.0222363 0.00176895 -0.0119675 -0.0100462 -0.0207325 -0.00885488 -0.0338793 -0.00846272 -0.00313216 -0.015252 -0.0175878
-0.0454412 -0.0487978 0.0324855 0.00284524 -0.00335292 0.0266055 -0.0595081 -0.0519928 0.0188386 0.00565685 -0.00502154 0.0254925
-0.0676878 -0.0620341 0.0092288 -0.0140469 0.00993303 -0.0192632 -0.0818491 -0.0718557 0.00497698 -0.000409074 0.00439679 -0.0103162
-0.0324999 0.0369707 0.026491 -0.0283874 -0.00205463 0.0115847 -0.0346772 0.0453081 0.0233346 -0.0256092 -0.00541525 0.0147096
0.0301469 0.0807343 0.0496092 0.00965344 0.0224184 -0.0280399 0.0367311 0.0689585 0.0449934 0.00955 0.025304 -0.0322964
-0.0283593 -0.0217849 -0.0182106 0.0144175 0.000922876 0.0180208 -0.0335691 -0.0236065 -0.0307169 0.0150138 0.00423037 0.0251591
0.0763245 0.0413885 0.0811443 0.0127052 -0.0283209 -0.0246453 0.0726698 0.0292593 0.0885012 0.00954 -0.0318106 -0.0285737
-0.0434533 -0.0328852 -0.0498211 -0.00249139 0.0102965 0.0188685 -0.043258 -0.0342494 -0.0474825 0.00159525 0.0129483 0.0146164
-0.0215164 0.0251457 -0.0334092 -0.000619688 0.00935351 -0.0032892 -0.024713 0.0242892 -0.0264421 0.00650216 0.00420907 -0.00366519
-0.0926519 -0.0168755 -0.046312 0.0114374 -0.00529605 -0.000907074 -0.105872 -0.0172621 -0.0450617 0.00790574 0.0016187 0.00347858
-0.116232 -0.124505 -0.110132 0.0178224 -0.0124246 -0.0152156 -0.130113 -0.136793 -0.112731 0.0174761 -0.0149004 -0.0178801
0.00664805 0.0222056 -0.0505116 -0.00131189 -0.00353964 -0.0171479 0.00100858 0.0227551 -0.0490701 0.00175222 -0.00524142 -0.0208419
-0.0819323 -0.127229 -0.144009 -0.00429182 -0.0325359 -0.0144475 -0.0867025 -0.127024 -0.148984 -0.00908895 -0.0384913 -0.00745346
0.0461932 -0.000721277 -0.00034249 -0.0291884 -0.00899691 -0.0631003 0.048681 -0.00214883 -0.0213312 -0.0215943 -0.00993889 -0.070043
-0.040195 -0.0469902 -0.0179899 -0.0414393 -0.0408035 0.00764813 -0.0372896 -0.0503567 -0.0212009 -0.0477164 -0.0457271 0.00825914
-0.0629486 -0.0823216 -0.0795809 0.0105739 -0.0012401 -0.000696639 -0.0683733 -0.0851737 -0.0836503 0.0163981 -0.00482506 -0.00582698
-0.0381583 -0.0396218 -0.00931645 -0.0100617 -0.00228141 -0.0334378 -0.0266797 -0.0403726 -0.0203315 -0.00679549 -0.00190512 -0.0324753
-0.03397 -0.0279067 -0.0154874 -0.00375381 0.022138 0.0189082 -0.0395314 -0.0228893 -0.0180007 -0.00187074 0.0273745 0.0114186
0.062857 0.0357548 0.0693112 0.0310533 -0.00952664 -0.0130828 0.0607596 0.0342707 0.0605575 0.0326181 -0.00991296 -0.0116346
0.0889612 0.0336125 0.0993268 -0.000760484 0.00654648 -0.0217631 0.0811648 0.0397725 0.0883431 -0.00612778 0.00720012 -0.019442
-0.149159 -0.0918383 -0.11873 -0.0222051 -0.0249006 0.00429766 -0.150145 -0.0895494 -0.122189 -0.0183375 -0.0282701 0.0109407
-0.11656 -0.0220763 -0.047554 0.00403632 -0.0340538 -0.00591958 -0.11474 -0.0291701 -0.0517664 0.00458988 -0.0343101 0.0023558
0.0537755 -0.0575136 0.00251628 -0.00720366 -0.0240987 -0.00498709 0.0532393 -0.0588519 0.0191951 -0.0131056 -0.019965 -6.38272e-05
-0.013443 -0.0437515 -0.0864321 0.00379408 0.012559 0.0263999 -0.0311861 -0.0591331 -0.0901217 0.000347839 0.00858315 0.0227691
-0.0799149 -0.0191822 0.00919279 0.014886 -0.019776 -0.00188318 -0.0802649 -0.0207633 0.00409099 0.0167638 -0.0214854 0.000896111
0.0785007 0.00817257 0.0419436 -0.0321717 0.0114749 0.0286739 0.0651536 0.00565278 0.0373572 -0.0336981 0.0140303 0.0265941
0.104423 0.0130003 0.0724776 -0.0327984 0.000598512 -0.000931216 0.0857244 0.00437944 0.0764439 -0.0440801 0.00199111 -0.013103
-0.0731949 -0.0775693 -0.0719291 -0.000631002 -0.000780229 0.0205148 -0.0827106 -0.082335 -0.0736757 -0.00386617 0.00521086 0.0255864
-0.0575597 -0.0629152 -0.021054 0.00588417 -0.00773279 0.027931 -0.0555504 -0.0490072 -0.0181722 0.00913611 -0.00867296 0.0246579
0.0358828 0.0773732 -0.0282238 -0.00772226 0.0328848 0.00936341 0.0359207 0.0708648 -0.023723 -0.0109589 0.0356265 0.00691944
-0.103415 -0.0235203 -0.0797568 0.00874499 -0.0250765 0.0169451 -0.117644 -0.0171993 -0.0791388 0.00495981 -0.0257473 0.0123799
0.0377892 0.0313016 0.0616669 -0.00883537 0.027621 0.0140962 0.0370746 0.0272423 0.063882 -0.0101559 0.0207013 0.0158011
-0.114744 -0.105919 -0.0850038 0.0430956 -0.00511073 -0.0273934 -0.119033 -0.105885 -0.0896001 0.0464095 -0.000505617 -0.0305851
-0.0100436 -0.0285319 -0.00178007 -0.0168687 -0.0126021 -0.001952 -0.0111011 -0.0282441 0.00286031 -0.0136614 -0.0143878 0.00489488
0.00432442 0.0125342 0.0777202 0.0183642 0.0136928 0.00639929 0.00139049 0.00519241 0.0594869 0.0202812 0.0173111 0.00282241
0.113227 0.0943399 0.128358 -0.0107375 -0.0186423 0.00909693 0.105462 0.101057 0.122405 -0.00807401 -0.0240833 0.00425377
-0.0571266 -0.00719375 -0.0977927 -0.0202307 0.0101258 -0.00771567 -0.0557 -0.00325815 -0.0991471 -0.0232533 0.0139203 -0.00840889
0.0420311 0.0361699 0.01307 0.00862619 0.00383739 0.0286402 0.0405157 0.0376811 -0.0132678 0.0255001 0.00686802 0.0272105
0.104618 0.0898957 0.138829 -0.0194322 0.0225376 -0.0269518 0.0831866 0.0815813 0.142007 -0.0145578 0.0295673 -0.0324317
-0.0468284 -0.0642822 0.00436743 -0.0019392 -0.0082679 0.0367427 -0.0554002 -0.0637898 -0.0111743 -0.000466852 -0.00549012 0.0347093
-0.0847586 -0.0987531 -0.111801 -0.010007 0.00341334 -0.0358754 -0.100374 -0.100863 -0.116668 -0.00750932 0.00925377 -0.0427807
-0.13878 -0.16113 -0.171208 0.00456012 0.0283903 -0.023061 -0.147169 -0.168689 -0.176174 0.0028108 0.0283754 -0.0269013
-0.163617 -0.0909109 -0.0781978 0.0102855 -0.0162369 0.00916835 -0.163105 -0.0975214 -0.0848172 0.00946339 -0.0146895 0.0155699
0.0830304 -0.0314979 -0.0178992 -0.0221285 0.00557511 0.0472835 0.0578489 -0.045162 -0.0366903 -0.0212418 0.00264846 0.0416749
-0.0214219 -0.000678208 -0.0442279 0.00994181 -0.0281164 -0.0128025 -0.0165772 -0.0096642 -0.0438373 0.013896 -0.0251054 -0.00596537
-0.0660881 -0.0495174 -0.0470089 0.0138064 0.00788238 0.00485578 -0.0778941 -0.0607341 -0.0433129 0.0152786 0.00639938 0.000878765
0.0435354 0.0187631 0.0772766 0.00656794 -0.00940337 -0.0051756 0.0500165 0.011926 0.0678057 0.00948963 -0.00965124 -0.00815914
0.0169782 0.071524 0.0669343 0.0159491 -0.0234682 0.0398859 0.00468278 0.0630031 0.0502581 0.0247433 -0.0204404 0.043076
0.02664 -0.0164601 0.0109896 -0.0164595 0.00858963 0.009813 0.0198928 -0.0364911 -0.00495926 -0.0212041 0.0125218 0.0120294
-0.0695815 -0.162946 -0.131754 0.0189021 -0.0129593 -0.00607078 -0.0651543 -0.157318 -0.126368 0.0205368 -0.00698333 -0.0077429
-0.070097 -0.0330247 0.0213739 0.0193191 0.035099 -0.0115125 -0.0828173 -0.025151 0.0169013 0.0266135 0.0407024 -0.00777537
0.00964398 -0.0245432 -0.0126881 -0.0161878 -0.0106314 -0.000416319 0.00648494 -0.0265746 -0.0156437 -0.0162975 -0.0135101 -0.00323383
-0.00528672 0.0447995 0.0745385 0.0111069 0.00326803 0.00297716 -0.00732148 0.0460391 0.0734425 0.00793463 0.00827741 0.00146401
-0.0522782 0.00774804 -0.0787527 -0.0142307 0.0233647 0.00932392 -0.0615116 0.00736951 -0.0656271 -0.0159012 0.0227562 0.00407438
-0.0345638 -0.0525679 -0.0661954 0.00176947 -0.00943656 -0.00338872 -0.0358633 -0.0569563 -0.0650508 -0.00953883 -0.0108379 -0.00948444
-0.0857934 -0.164454 -0.110078 0.00428814 -0.0171875 -0.010468 -0.0730304 -0.168327 -0.123884 -0.00857981 -0.0110704 -0.0108474
-0.0410261 0.035574 0.0492923 0.0332253 0.0441235 0.00752987 -0.052452 0.0460705 0.0205683 0.0285877 0.0469179 -0.0037366
0.00457661 -0.071951 -0.0369176 -0.00747478 0.0277387 0.0221602 -0.00227815 -0.0740967 -0.0448796 -0.0152515 0.0218001 0.0190652
-0.0167468 -0.0627147 -0.0598601 -0.00720771 -0.0139924 -0.0272176 -0.0276149 -0.0733316 -0.0545186 -0.0109199 -0.0164648 -0.0274941
-0.164024 -0.152881 -0.174533 -0.0316455 0.00117356 0.00508666 -0.160582 -0.161207 -0.179642 -0.0249046 0.00423377 0.00774938
0.0990306 0.0376011 0.0616835 0.0282664 -0.0222917 -0.0279307 0.108312 0.0463803 0.0449354 0.0214077 -0.0320036 -0.0314519
-0.0555993 -0.0908137 -0.011336 -0.00931107 0.0199621 -0.00283324 -0.0528346 -0.0852041 -0.00253364 -0.0133777 0.0183484 -0.00210056
0.0154875 -0.0290838 -0.0387609 -0.0241517 -0.00343646 0.00302451 0.0106973 -0.0320069 -0.044271 -0.021978 -5.60494e-05 0.00721148
-0.108385 -0.101496 -0.163997 -0.0273448 0.0228302 -0.0363878 -0.118926 -0.106041 -0.16372 -0.0179262 0.023548 -0.0351489
-0.0417289 -0.0841387 -0.0541124 0.0272379 -0.019016 0.0149111 -0.0378243 -0.0952608 -0.0494057 0.0272905 -0.0130263 0.0183217
-0.0709588 -0.0230741 -0.0381146 0.0146915 -0.0261929 0.00979832 -0.0801156 -0.0268331 -0.0640146 0.0142119 -0.0304592 0.0173933
0.127952 0.0404517 0.000709626 0.0232359 -0.00764392 0.0316081 0.13201 0.0345033 -0.0169335 0.0256738 -0.0076979 0.0340811
-0.00189744 -0.0213694 -0.0379522 0.0415769 0.015016 -0.00138338 0.003985 -0.020547 -0.0416465 0.0326586 0.0115587 -0.00443642
-0.0244317 -0.0594452 -0.0272385 0.000799361 -0.000610356 0.0244929 -0.0357657 -0.0646896 -0.0423051 -0.000625988 -0.00382093 0.0200422
-0.0817505 -0.00975251 0.011015 0.00159126 -0.0375977 0.0254419 -0.0877894 -0.0278157 -0.00289265 0.00866858 -0.0374678 0.0310609
-0.0244844 -0.11476 -0.0584637 0.0267171 -0.00498368 0.00923128 -0.0417375 -0.11966 -0.0772807 0.0285967 -0.0053679 0.00913506
0.0471382 0.0202589 0.0310888 -0.0159629 -0.0042726 -0.0350497 0.0641195 0.00331488 0.0312253 -0.0211598 -0.00357512 -0.0346215
-0.0829056 -0.0343205 -0.0378531 0.0250442 -0.0131743 0.0101922 -0.0776777 -0.0434562 -0.0459074 0.0233548 -0.0153617 0.00718204
0.00889524 -0.0313381 -0.0299895 0.0063536 -0.00613549 -0.00315026 -0.00459901 -0.0390236 -0.0321022 0.00523333 5.12963e-05 -0.00361975
-0.0126421 -0.0150728 -0.0224968 -0.0333938 0.0301922 -1.49359e-05 -0.0172484 -0.0307501 -0.0344065 -0.0345696 0.0259734 0.00341543
-0.00703932 0.0324466 0.0293825 -0.00319026 -0.00151727 -0.00683738 -0.0228435 0.0145223 0.026848 0.00507364 -0.00768685 -0.00422253
-0.0397151 0.0175043 0.00314547 -0.000304033 0.00918284 0.0255022 -0.0535835 0.0123919 0.00656482 -0.00533142 0.00842821 0.024872
-0.167267 -0.0312434 -0.0959116 0.019817 -0.00559058 -0.0117719 -0.167154 -0.0343045 -0.102986 0.0153115 -0.0022571 -0.00933858
-0.0475088 -0.059646 -0.0514685 -0.0429136 -0.000459813 -0.00223645 -0.0552767 -0.0596374 -0.0622568 -0.0404532 -0.00158136 0.00268556
-0.00362098 -0.0402465 -0.0826193 -0.029649 -0.0180505 -0.00149267 -0.0105131 -0.0463433 -0.0997909 -0.0307256 -0.0196517 0.00158321
-0.0456056 -0.0496431 -0.0860066 0.0318582 -0.0178507 -0.00875226 -0.049648 -0.0472533 -0.0876625 0.0351414 -0.015865 -0.0107814
-0.137585 -0.154264 -0.0942166 -0.00605399 -0.0135953 -0.00533912 -0.128484 -0.157468 -0.0922404 -0.0115062 -0.0134915 -0.00943562
-0.139107 -0.104027 -0.0704563 -0.0104637 -0.0153934 0.0108261 -0.13452 -0.102005 -0.0719493 -0.0115846 -0.0087729 -0.00109309
-0.00377424 -0.0340771 -0.0217109 -0.00302877 -0.0267573 -0.00923949 -0.0152969 -0.0311935 -0.0351778 -0.00667099 -0.0317087 -0.0135404
0.0418438 0.00763704 0.0338686 0.00199541 0.00230823 0.00666289 0.0474043 0.0120444 0.0289296 0.00421642 0.0109112 0.00200481
-0.0104484 0.00653014 0.0304161 0.028274 0.0159267 -0.0251589 -0.0114083 0.0160098 0.0228422 0.0324233 0.0168865 -0.0242522
-0.108203 -0.0898292 -0.0783933 -0.00296678 0.014737 -0.00501477 -0.118253 -0.0880899 -0.0864373 0.0060066 0.00988173 -0.00846889
-0.137774 -0.10511 -0.109277 -0.0298143 -0.00497014 0.0112389 -0.14366 -0.108709 -0.0996358 -0.0302511 -0.00779093 0.00673735
0.0533648 -0.000454754 0.0359747 0.00300671 -0.00403814 -0.0252597 0.0496317 0.00139377 0.0362619 0.000443395 -0.00421173 -0.0306693
-0.000684188 0.00430676 0.0213283 0.0125148 0.00654178 -0.0236287 -0.00246012 -0.00628747 0.0179863 0.0157309 0.00551543 -0.032353
-0.0329307 0.0167993 0.00372677 -0.0312833 0.0241011 -0.025176 -0.032519 0.00997605 -0.00977432 -0.0352195 0.0241559 -0.0320733
0.0124266 -0.0275612 0.00238867 -0.0208406 -0.0199458 -0.0156152 0.00508097 -0.0425694 0.0142239 -0.0235056 -0.0213554 -0.0211569
-0.0952988 -0.0691679 -0.0555116 -0.0312794 0.00858484 -0.0218914 -0.0994987 -0.0819444 -0.0595735 -0.029745 0.00248125 -0.0179647
-0.106027 -0.115988 -0.0748261 -0.0356768 0.0515993 -0.0299166 -0.102986 -0.157119 -0.0691876 -0.0375681 0.0496438 -0.0384294
-0.154107 -0.108467 -0.114737 -0.0119639 0.0444305 -0.0760475 -0.149281 -0.138391 -0.0970111 -0.0126092 0.0563628 -0.0839558
0.0352634 0.0288622 -0.0258824 0.00764904 -0.0305822 -0.0403299 0.039876 -0.00533812 -0.0164527 0.0118453 -0.0253308 -0.0474238
-0.015182 -0.0217647 0.00102672 -0.0419534 0.00252743 0.0106045 -0.0212353 -0.0466138 0.00295694 -0.0436444 -1.65972e-05 0.0130082
0.00808766 -0.0533125 -0.0701994 -0.0286813 -0.00967139 -0.0418718 0.0162767 -0.0788668 -0.0824929 -0.0366117 -0.00853167 -0.0509651
-0.0378926 -0.140206 -0.0134708 0.00327249 0.0293516 -0.0250417 -0.0346785 -0.169296 0.0107753 0.00146181 0.0396687 -0.0365608
0.00411086 0.0185872 0.00536062 -0.0314676 -0.0260416 0.0512376 -0.0236942 -0.00524257 0.0251816 -0.0313844 -0.0206917 0.0485041
-0.0355533 -0.0687347 -0.123347 0.000434192 0.0472309 0.0591228 -0.0279694 -0.0842058 -0.109396 0.00469806 0.0460797 0.0555137
-0.0956375 0.0299157 0.00699051 0.0240291 -0.0264554 0.0336538 -0.115508 0.0261567 0.0179219 0.0253577 -0.026754 0.0296119
0.0720258 0.0809659 0.048949 -0.0124322 -0.0472135 -0.0111154 0.0743528 0.0648046 0.0329662 -0.00924167 -0.0496686 -0.0112407
-0.0103984 -0.0252751 -0.0494556 0.0312753 -0.0320725 0.0187906 -0.00992542 -0.042814 -0.0633975 0.0297294 -0.0249472 0.00243035
-0.017824 -0.0363034 -0.042703 -0.0311515 -0.0256659 0.0174682 0.00503806 -0.0600811 -0.0265383 -0.0337853 -0.0182762 0.0161315
-0.00885698 -0.14147 -0.102708 -0.00668508 -0.0225979 0.00412674 -0.00791833 -0.173794 -0.110499 -0.00332222 -0.0281585 0.00430222
-0.147946 -0.159805 -0.116202 -0.0232773 0.0040094 -0.00756784 -0.139976 -0.189026 -0.11916 -0.0245485 0.0110704 -0.00591563
-0.0422481 -0.0461901 -0.117829 -0.00710624 0.0126441 0.000386338 -0.0190341 -0.0629599 -0.116645 -0.0139158 0.00940507 -0.00166222
-0.046658 -0.0039771 -0.0493841 0.0268698 0.0127434 -0.0319775 -0.04521 -0.0171149 -0.0547606 0.0247346 0.0133515 -0.0318137
-0.0536423 -0.0791496 -0.0146245 0.0309333 0.00661323 0.0223514 -0.0608718 -0.106996 -0.0094075 0.035852 0.00526368 0.0189951
0.086556 0.0539433 0.0385919 -0.00420997 -0.00365157 -0.0527316 0.103809 0.0295338 0.0561822 -0.0107558 -0.00617486 -0.0548479
-0.207125 -0.119394 -0.156729 0.00700451 0.0515639 0.0106922 -0.200102 -0.12655 -0.168523 0.0104888 0.0497908 0.0110588
-0.033546 -0.111276 -0.0732779 0.0018088 0.0100462 -0.0035764 -0.0197897 -0.11938 -0.0695036 0.00186118 0.013019 -0.00502917
0.0275209 -0.0084448 0.0749853 -0.00077283 -0.00777354 0.0288005 0.0287793 -0.0402758 0.0869137 -0.00589104 -0.00361368 0.0232949
-0.0276345 0.0252756 0.0157602 -0.0272417 -0.0355411 0.0380168 -0.0235187 0.0300618 0.0133477 -0.0257775 -0.0332081 0.0375797
-0.0655124 -0.0526326 -0.0362579 -0.0449325 -0.0123888 0.0319968 -0.0560673 -0.0981103 0.00367285 -0.040111 -0.00991139 0.0280527
-0.146784 -0.111205 -0.151454 0.0224682 0.00645285 -0.0351412 -0.144378 -0.13116 -0.13307 0.0201167 0.0191003 -0.0401047
0.0305134 -0.0955703 -0.0513556 -0.00361636 -0.0290074 -0.0334906 0.0372413 -0.136682 -0.0527848 -0.0105178 -0.0346462 -0.0286087
0.102672 0.0671134 0.044127 -0.00179759 0.00261294 0.0493191 0.106613 0.0365894 0.0336329 -0.0194101 0.00203799 0.0432592
-0.0410521 -0.14982 -0.103422 0.000358968 -0.0323502 -0.00225633 -0.0519408 -0.17566 -0.0994704 -0.00238389 -0.0261138 0.00543521
-0.0106216 0.00765294 -0.0370031 -8.15162e-05 0.0077491 0.0501033 -0.0179346 0.00294403 -0.0143115 0.00156479 0.00823458 0.0454277
0.00791788 0.0115761 -0.0515202 -0.00647819 0.00169011 0.0137825 0.0161588 -0.0311834 -0.0640818 -0.00560576 -0.00557236 0.023586
-0.0953813 -0.0744341 -0.0391045 -0.000162352 -0.00283006 0.0106638 -0.106103 -0.090251 -0.0153159 0.00211632 -0.0156456 0.0225766
-0.0541168 -0.036787 -0.026846 -0.0215656 -0.0083985 0.014465 -0.0692149 -0.045203 -0.0156768 -0.0203792 -0.00858951 0.011439
-0.00663555 0.0393707 0.0429567 0.0338328 -0.0305114 0.0336128 -0.0236666 0.017742 0.0454952 0.0361424 -0.0307481 0.0302849
-0.049788 -0.0701878 -0.0835084 -0.00402251 0.00103653 0.0286461 -0.0608648 -0.0925313 -0.0843492 -0.00797743 -0.00159118 0.0268047
-0.118276 -0.175978 -0.123634 -0.015801 0.000354663 0.0090301 -0.120977 -0.178258 -0.137436 -0.0191314 0.000894167 0.00859257
-0.0495017 -0.0363993 -0.0239837 -0.00640919 -0.0239418 -0.00276087 -0.067298 -0.0345932 -0.0342922 -0.00685785 -0.0242294 -0.0022416
-0.023921 -0.078762 -0.092531 0.0372892 -0.00459254 0.0318524 -0.0129567 -0.0786342 -0.103285 0.0380092 -0.00160597 0.0386343
0.0152813 0.0104907 0.0152337 0.00453743 0.02038 0.00684545 -0.00337847 -0.0119617 -0.000720208 0.0113449 0.0223673 0.0104815
0.00587148 -0.0516172 -0.0622363 0.0274071 0.00340457 0.00782798 0.00785403 -0.0646279 -0.0685748 0.0220171 0.00232007 0.00173799
0.0591243 0.04841 0.0167156 0.0197884 0.0132426 0.0168696 0.0586355 0.0313344 0.0046116 0.0161542 0.0119357 0.0230917
0.00794563 0.0370979 -0.019647 -0.0276232 -0.00499282 -0.019191 -0.000685833 0.0514422 -0.0520497 -0.0223913 -0.00210458 -0.0210966
-0.0464434 -0.00386714 -0.0270444 -0.00792053 -0.00626645 -0.00888025 -0.0568778 -0.00716882 -0.036421 0.000117292 -0.00533097 -0.00436993
0.0466383 0.131034 0.0430995 -0.0410355 -0.0163079 -0.0245568 0.0291385 0.104975 0.0245174 -0.0393979 -0.00790875 -0.0339144
0.0543348 0.0340101 0.0350872 0.024109 -0.00198801 -0.0350072 0.0400471 0.0480437 0.019846 0.023755 -0.00253653 -0.0307151
0.00113094 -0.0141478 0.00625494 0.00650396 0.00424892 0.00855736 -0.0139077 -0.0356458 0.00970799 0.00385667 0.00718375 0.0096384
0.14634 0.104812 0.134081 -0.0292751 0.030934 -0.0270284 0.14345 0.0935788 0.121739 -0.0308294 0.0281222 -0.0283142
0.00497869 -0.0264588 -0.0108978 0.00787952 0.0136413 -0.0166059 0.0197988 -0.0620428 -0.0291378 0.000105139 0.0116038 -0.0158549
0.0268575 0.0649096 0.0628245 -0.0167017 0.00450588 -0.01549 0.0182972 0.054432 0.0555781 -0.0207167 0.00436611 -0.0210418
-0.0823708 -0.0801582 -0.0546622 -0.0119685 -0.0233768 -0.00170477 -0.0876746 -0.0920438 -0.0457069 -0.017385 -0.0255581 -0.0025391
-0.0702356 -0.00586592 -0.0498554 -0.0226858 -0.0177768 0.000798045 -0.0845215 -0.0189108 -0.0566314 -0.0225756 -0.023208 0.0131386
-0.0155195 -0.0670264 -0.067607 0.0402033 -0.0150417 -0.0319235 -0.0197583 -0.0748568 -0.0698896 0.042464 -0.0259724 -0.0157471
-0.0455973 0.0193228 0.0365617 -0.0342432 -0.0204278 0.00273194 -0.0556324 0.027664 0.0354401 -0.0371184 -0.0281964 0.0254243
-0.0129138 -0.0112827 2.72849e-05 0.0363755 0.000848557 -0.000806801 -0.0211924 -0.0413322 0.0157018 0.0385674 -0.00595958 -0.00821299
-0.0181774 -0.0124628 -0.0876158 -0.0230799 -0.0135424 0.00671992 -0.0313915 -0.0326826 -0.0790499 -0.0228767 -0.00907542 0.0104398
-0.0197121 0.0356626 -0.0422557 -0.0352792 0.0146346 -0.0156774 -0.0284085 0.00913493 -0.0519151 -0.0313914 0.0230476 -0.00676292
-0.106551 -0.111192 -0.0242418 -0.0178298 -0.0231844 0.0160855 -0.100369 -0.141351 -0.0201299 -0.0120429 -0.014616 0.0094066
-0.00353427 0.0382608 0.0735922 -0.0235976 -0.0392723 0.0058121 -0.0225806 0.0129769 0.0991683 -0.0281342 -0.046435 0.00970229
-0.0904992 0.0174844 -0.11401 0.0210149 0.0118339 -0.000706928 -0.100722 0.0123863 -0.115895 0.0260406 0.00776021 0.0174731
-0.0179011 0.00196444 0.021581 0.000219687 -0.0275824 -0.0125787 -0.024509 -0.0266176 0.0352676 0.00421264 -0.0322815 -0.0159585
0.0149065 0.00261259 0.00976454 0.0350723 -0.0347712 -0.0335193 -0.00317931 -0.00604646 0.0230685 0.0388006 -0.0340778 -0.0275736
-0.00753646 -0.0255306 -0.0350555 -0.0226866 0.0272379 0.0324077 -0.0405136 -0.0341317 -0.0309292 -0.012106 0.0304972 0.0476615
-0.197303 -0.13872 -0.129551 -0.0168283 0.0309945 -0.0399735 -0.189298 -0.161461 -0.137438 -0.0139526 0.0338153 -0.0224057
-0.120579 -0.0713389 -0.150635 -0.00859171 0.00401694 -0.000666858 -0.128741 -0.0858344 -0.138328 -0.00487125 0.0116575 0.0111008
-0.155286 -0.108281 -0.0395584 -0.00618795 -0.0112051 -0.00144837 -0.146398 -0.122474 -0.042267 -0.00528333 -0.00241979 -0.00178576
-0.0997129 -0.08884 -0.0241678 0.0209595 -0.012388 -0.0154176 -0.137245 -0.111422 -0.00651312 0.0118345 -0.00723549 -0.025018
-0.106726 -0.037706 0.0197577 -0.00849033 0.00306613 -0.0528526 -0.139625 -0.0386623 0.0303869 -0.0189326 -0.000659722 -0.0424315
0.0828019 0.0115456 0.0338688 -0.0125354 -0.0122823 0.0456644 0.0767785 -0.00582042 0.0230389 -0.015457 -0.0142491 0.0439083
0.00140142 0.0195437 0.0564856 -0.02632 -0.000240713 -0.0150876 -0.0196468 -0.00589431 0.0574016 -0.0266621 0.0045825 -0.0135838
-0.0836827 -0.0948851 -0.134059 0.0239889 0.00598195 0.0096417 -0.0791036 -0.104439 -0.145754 0.0231578 0.0046859 0.00926361
-0.118406 -0.0751505 -0.13895 -0.00497863 0.00939091 -0.00219696 -0.142367 -0.0873297 -0.139589 -0.000757431 0.00697146 -0.000672778
-0.129122 -0.127784 -0.0730237 -0.00399269 0.0122895 0.002611 -0.131265 -0.140522 -0.0814594 -0.00533097 0.00692292 -0.000296111
-0.0862915 -0.0526807 -0.0325564 -0.0179902 0.00125652 0.0179447 -0.110484 -0.0695012 -0.0372437 -0.0163348 -0.00479771 0.021219
-0.00344437 -0.00423559 0.0331326 0.00178907 -0.00618747 0.0353672 0.000356458 -0.00755069 0.00910097 0.00261028 -0.00400465 0.0311324
0.0526102 -0.00906557 -0.0133593 0.0157531 0.000789234 0.00974173 0.0549862 -0.0147588 -0.02728 0.015226 -0.000200694 0.00442896
-0.00551513 0.0484364 -0.00990451 -0.0191455 0.0128216 0.0126186 -0.025284 0.0411322 -0.0173711 -0.0133777 0.0127224 0.010679
-0.116569 -0.110687 -0.0793453 -0.022806 -0.0115815 0.011215 -0.110997 -0.147653 -0.0855946 -0.0265725 -0.000834375 0.0117828
0.0197431 0.150044 0.0626637 0.0083796 -0.0347692 -0.0206122 -0.0163974 0.150594 0.0599322 0.0148072 -0.0281836 -0.0178128
-0.139222 -0.0229595 -0.0620109 0.0174323 0.00927121 -0.0260824 -0.139676 -0.0554544 -0.0661103 0.0210016 0.000237292 -0.0173485
-0.0726212 -0.0821309 -0.0623535 -0.0331433 -0.018941 -0.0202949 -0.0841973 -0.0794446 -0.0809954 -0.0278049 -0.0232366 -0.00313083
-0.108072 -0.139508 -0.102144 0.0333015 0.0154578 -0.0278685 -0.122707 -0.156676 -0.0849501 0.0280342 0.0235275 -0.0250355
7.98129e-05 -0.0859944 -0.00820201 0.00489682 -0.00166174 0.0143156 -0.000701875 -0.10897 -0.0129456 0.0059784 0.00129403 0.0176573
0.0587667 -0.0120054 0.144794 -0.0115527 0.00561698 0.00422579 0.0633442 -0.0279389 0.150811 -0.0143055 0.00110375 0.0110276
-0.07824 -0.0762322 -0.107879 0.0010443 -0.0175736 -0.0475645 -0.0984728 -0.103883 -0.0888101 -0.00658167 -0.0270984 -0.0531812
-0.032066 -0.032367 -0.0893761 0.0262527 0.0247333 -0.00969261 -0.0142656 -0.0245593 -0.116577 0.0265048 0.0229006 -0.00966403
-0.158795 -0.119304 -0.137639 -0.0392242 0.012971 0.0105231 -0.169412 -0.11559 -0.146035 -0.0366467 0.0199495 0.00166681
-0.0567866 0.0211808 -0.00667803 -0.0155894 0.0146428 0.0115535 -0.0642214 0.019176 -0.0245231 -0.0235094 0.00682375 0.0122763
-0.0374718 -0.0996846 -0.0140633 0.00808915 0.0428608 0.0263533 -0.033906 -0.102998 -0.0402656 0.00668424 0.0446549 0.0280442
-0.166962 -0.199654 -0.144821 -0.00101664 -0.0186157 0.0169662 -0.170611 -0.226129 -0.133997 -0.00456382 -0.0187206 0.0174912
-0.0389224 -0.020261 -0.043023 0.0164013 -0.0331377 0.00960708 -0.0670387 -0.0245248 -0.0607874 0.0172877 -0.0334679 0.0187092
-0.0189431 -0.0303382 -0.0372679 0.0188398 -0.0150374 0.003151 -0.0209174 -0.0460766 -0.0476711 0.0218669 -0.0117522 8.28472e-05
0.0580788 0.109478 0.0595076 -0.0188999 0.00372326 -0.033771 0.0423758 0.112794 0.0420953 -0.0194378 0.00288097 -0.0341705
0.00277769 -0.0354541 -0.018888 -0.00240554 0.0002569 0.012143 -0.00748472 -0.0506058 -0.019529 -0.000141389 -0.00459611 0.011744
-0.0449975 -0.0561155 -0.0844395 -0.00365234 -0.0370325 -0.0212574 -0.0567277 -0.0744563 -0.0740505 -0.0111775 -0.0315656 -0.0129471
-0.117054 -0.0990963 -0.0780347 -0.0174192 0.0160071 -0.00508806 -0.12381 -0.106068 -0.087761 -0.0177408 0.0146211 0.00104819
-0.0388742 -0.0577585 -0.110524 0.0224514 0.00579988 -0.0169362 -0.0388934 -0.0609192 -0.12844 0.0255602 -0.00193826 -0.00893639
-0.131166 -0.114233 -0.130627 -0.0410973 0.0192827 0.0070181 -0.128736 -0.13615 -0.127681 -0.0316561 0.0142549 0.00151465
-0.0221496 -0.0755772 -0.00659877 0.0360489 0.0294732 0.012683 -0.0341864 -0.119031 -0.00813458 0.0318249 0.0374309 0.0233774
0.00396345 0.0445854 0.082353 -0.0276067 0.0306173 -0.0152469 -0.0238147 0.0107033 0.0998802 -0.022893 0.0222829 -0.00989493
-0.152428 -0.151376 -0.17161 0.0278755 -0.00230807 0.0100048 -0.133944 -0.174118 -0.173638 0.0261142 0.00310243 0.00682785
-0.0189465 0.0292941 -0.00243548 -0.0239234 0.00852406 -0.0304691 -0.0328147 0.000806111 -0.00229861 -0.0216739 -0.00374924 -0.0297436
0.0420846 0.052869 0.0449976 -0.0372312 0.0339929 0.0159664 0.0651141 0.0363992 0.0295293 -0.0393464 0.0279647 0.0113749
0.00300135 -0.0461897 0.017287 -0.00215178 -0.00374037 -0.00180657 0.00458514 -0.0522188 0.00358868 0.000447778 -0.00702924 -0.00601153
-0.118194 -0.118601 -0.125026 0.0304092 0.0257561 0.00976647 -0.131885 -0.120078 -0.122251 0.0277573 0.0250811 0.0106062
-0.109106 -0.137147 -0.134161 -0.0170493 -0.0152435 -0.0109632 -0.11553 -0.146272 -0.125261 -0.0162006 -0.00901347 -0.0133247
-0.0785439 -0.131301 -0.102896 -0.0182133 -0.000901138 0.00801133 -0.0593192 -0.139521 -0.115711 -0.0155681 -0.00173333 0.00929007
0.088944 0.0280598 0.0941849 -0.0419541 -0.0272535 -0.0144924 0.083374 0.00582049 0.0805426 -0.035009 -0.0298091 -0.0139717
0.00027848 0.00192361 -0.0204106 0.0271446 0.0136373 0.0147724 0.00738854 0.00526097 -0.0290016 0.0261808 0.0112489 0.0168105
-0.0562229 -0.152109 -0.0706822 0.0126071 -0.00275299 -0.00548153 -0.0421492 -0.155605 -0.086574 0.010484 7.38889e-05 -0.00810299
-0.0434898 0.0742332 -0.00443939 0.00625622 0.0128068 0.0256951 -0.0534515 0.0793731 -0.025614 0.00707667 0.00818812 0.0233172
-0.091002 -0.073616 -0.0720933 -0.0131664 -0.00265651 0.0123063 -0.125988 -0.0781511 -0.0732787 -0.00971854 -0.00803375 0.0115221
0.0168326 -0.0249819 0.0077437 0.0187761 0.00840225 0.0158294 0.00696375 -0.0428209 0.00798444 0.01453 0.00556674 0.0170037
-0.0493116 -0.0170672 -0.0310614 -0.00544589 -0.0187442 -0.00532747 -0.0579431 -0.0265876 -0.0225982 -0.00597 -0.0188219 -0.00848566
0.0483815 0.0323244 0.0574285 -0.00982405 0.0141979 -0.0174389 0.0465907 0.0174227 0.069985 -0.00756705 0.0124521 -0.0099291
-0.0506719 -0.0445445 -0.0557681 -0.0119816 -0.0137504 -0.000701778 -0.0618486 -0.0457141 -0.0648937 -0.0123433 -0.0130866 -0.00551448
-0.0499204 -0.0793499 -0.05325 -0.0267201 -0.00342873 0.0121352 -0.0623968 -0.0894373 -0.0598892 -0.0260174 -0.00473438 0.0116368
0.09797 0.0199175 0.015765 0.00526725 0.0175837 -0.0168591 0.0779321 0.0215219 0.00894646 0.00785865 0.022946 -0.0231966
-0.0602527 -0.0848808 -0.141482 -0.00765727 0.0158288 0.00941024 -0.0650566 -0.0728296 -0.153692 -0.00632986 0.0148611 0.000268889
0.0261498 -0.00569236 0.0157907 0.015127 -0.00954461 0.019298 0.028479 -0.00388649 0.0150431 0.020419 0.000402604 0.0177845
-0.0424717 -0.0381929 -0.0438933 -0.0183886 -0.0128634 0.0228726 -0.0537448 -0.0415274 -0.0498225 -0.0151089 -0.00791191 0.0177037
0.0505929 0.0324594 0.0254742 -0.00555995 0.00722061 -0.00789196 0.046226 0.0374564 0.0248263 0.000500104 0.00762875 -0.00539799
-0.0671007 -0.0264658 -0.0329551 -0.022326 -0.0102978 -0.0056658 -0.0746127 -0.0328797 -0.0322425 -0.0212142 -0.0118981 -0.00387354
-0.0135345 -0.025318 0.0204988 0.00306189 -0.0170303 0.00663148 -0.0236748 -0.0483907 0.0218615 0.00455948 -0.0112391 0.00564632
-0.0364887 -0.0123251 -0.0086298 0.00806902 0.0146937 0.00430908 -0.0307042 -0.00782417 -0.0201245 0.0025916 0.0137431 -0.00662455
-0.0118309 0.0342713 0.000222045 -0.00889456 0.0234454 -0.023625 -0.0200636 0.0271489 -0.00719361 -0.0102457 0.0196108 -0.0241536
-0.0755892 -0.0420186 -0.0643486 0.00627978 0.0158832 0.0138044 -0.074309 -0.038111 -0.0833296 0.00876635 0.0198717 0.015475
0.0347972 0.058555 -0.000697882 -0.0263412 0.00619217 0.00194019 0.0363767 0.064036 -0.0139766 -0.0297763 -0.000244861 0.000967951
-0.0615807 -0.0117865 -0.0460823 -0.0052474 -0.0063079 0.0131185 -0.0668958 -0.0161614 -0.0511869 -0.00447681 -0.00726174 0.0164236
-0.0429542 0.00683592 -0.0190818 -0.00030256 -0.00356587 -0.00560767 -0.0396888 0.00236406 -0.024338 0.00156208 -0.00355483 -0.00331437
-0.109817 -0.118933 -0.0874826 -0.00685187 -0.00640446 -0.000959571 -0.123001 -0.136423 -0.0773344 -0.00783087 -0.00345628 0.00319819
-0.076318 -0.0913891 -0.0604439 0.00246522 0.0143506 -0.0252872 -0.0695302 -0.105772 -0.0534134 0.00410972 0.0136278 -0.0260686
-0.0199058 0.0274531 -0.0227163 -0.0243875 0.00409678 0.0168032 -0.0256118 0.0161052 -0.0280569 -0.0247703 0.0109679 0.019072
-0.0999086 -0.0237087 -0.0913704 0.0163324 -0.0149445 -0.000739894 -0.109207 -0.0276215 -0.104975 0.0143941 -0.0171556 0.00522451
0.112982 0.08986 0.140115 -0.0192763 0.0093196 -0.00186613 0.116095 0.0831089 0.137108 -0.0191639 0.00866104 0.000898264
-0.0438913 -0.0900135 -0.0836416 -0.0132061 -0.00444519 0.0193338 -0.0531616 -0.0909607 -0.0882043 -0.0149292 0.00277444 0.0241454
-0.0867199 -0.0800773 -0.0731966 0.0195349 -0.00902145 -0.00342766 -0.0992091 -0.0848541 -0.0879426 0.0193512 -0.00649642 -1.67708e-05
-0.0246946 0.0391513 0.0148485 -0.00531585 0.0103607 0.00329541 -0.037415 0.0383698 -0.00915545 -0.00229743 0.0161798 0.00699802
-0.0192762 -0.042546 -0.0718943 0.0211389 -0.00613342 0.00954546 -0.0145496 -0.0402915 -0.075296 0.0103378 -0.0073866 0.0119909
-0.0330442 0.0290197 0.0241687 -0.00597636 -0.00614767 0.00284937 -0.0266777 0.00496281 0.0318278 -0.00536253 -0.000608021 0.00635069
-0.0168589 -0.0364453 -0.0306402 -0.00176652 0.0154533 0.0139897 -0.0218742 -0.0512168 -0.0285034 -0.00206431 0.0144254 0.0151254
-0.0276495 -0.0437015 -0.0432008 0.0159074 0.0430672 -0.0164538 -0.0470676 -0.0508555 -0.0442409 0.0128641 0.0465807 -0.0138851
0.0134438 -0.035698 -0.0258846 0.0127199 -0.00639496 -0.0163437 0.0109764 -0.0296605 -0.0283333 0.0151444 -0.00721597 -0.0156789
0.00190178 -0.0247594 -0.00232084 0.00567663 0.0104379 2.64238e-05 -0.00559701 -0.0392504 -0.0120694 0.00961299 0.00824319 -0.00417083
-0.0109703 -0.0116017 0.035795 0.00474518 0.00511028 0.0268112 -0.00937292 -0.0181102 0.0343771 0.00267656 0.000849583 0.028836
-0.00713632 -0.0155268 -0.0110106 -0.013958 -0.0129418 -0.0177003 -0.00977851 -0.00974069 -0.0132227 -0.0189158 -0.014853 -0.0144285
-0.0794458 -0.110601 -0.111962 -0.0407292 -0.0262501 0.0260619 -0.0914131 -0.115462 -0.12244 -0.0477408 -0.0239286 0.0250444
-0.0138651 -0.0141146 -0.0128464 0.0038136 0.00316091 0.0228735 -0.0196244 -0.0211753 -0.00980194 0.00613972 0.00201833 0.0246447
0.054482 0.0591626 0.0685512 -0.00689673 4.1417e-06 0.00717663 0.074178 0.0374518 0.0810287 -0.00921937 -0.000340382 0.0115842
-0.0476933 -0.0673781 0.00309991 0.00731373 0.0309338 0.00544398 -0.0437623 -0.0963122 0.0162876 0.00530476 0.0299755 0.016032
-0.0270289 -0.06873 0.0333627 0.012684 -0.0252218 0.00892506 -0.0135441 -0.10284 0.0376021 0.021066 -0.0248645 0.0110241
-0.00367996 -0.0029592 -0.0455428 0.0188835 0.0187114 -0.0152765 -0.0166788 -0.012515 -0.0395564 0.0159137 0.0192933 -0.0185094
-0.0550131 -0.0917295 -0.0394967 -0.00169793 0.00835984 -0.00189197 -0.0474446 -0.110978 -0.0351916 0.00290937 0.00514528 0.00380125
-0.0374884 -0.00617033 -0.0397051 0.018325 -0.00360954 0.028088 -0.0257738 -0.0379796 -0.0352719 0.020153 -0.00291556 0.0429419
0.0269708 0.0490181 0.0215972 -0.0160023 -0.0119588 0.00162085 0.0278738 0.022704 0.0181973 -0.0265619 -0.0123815 0.0102543
-0.0785051 -0.0791601 -0.090021 0.000627317 -0.00631567 0.015853 -0.0781524 -0.0824915 -0.0987181 0.00499312 -0.00606844 0.0104152
-0.0332595 -0.0116572 -0.00898652 -0.0104197 -0.0310943 0.0251878 -0.0345451 -0.0261758 -0.00724365 -0.0114497 -0.034293 0.0301847
-0.044371 -0.040521 -0.00745072 -0.0284486 -0.00946923 -0.00861409 -0.055705 -0.0565343 -0.0253628 -0.0230036 -0.0076516 -0.0213054
-0.00398671 -0.0137783 -0.0384572 -0.0328117 0.0170813 0.015479 -0.00304847 -0.034836 -0.0366234 -0.0360436 0.015887 0.0194973
0.0349581 0.0498175 0.0446998 0.000570709 0.0204627 -0.0131798 0.0248358 0.0524801 0.0359874 0.00342809 0.0265215 -0.00806941
-0.029446 -0.00308781 -0.0215891 -0.0208203 -0.0229943 0.0120601 -0.040996 -0.0146057 -0.035475 -0.0271238 -0.0315775 0.0159958
0.0208861 0.054898 0.0273191 0.0169626 -0.0218395 0.0102267 0.0259514 0.0567231 0.0175965 0.0196764 -0.0250573 0.00800007
-0.0760546 -0.0889458 -0.122304 -0.0327595 -0.0162579 0.0201955 -0.0830669 -0.0926592 -0.117418 -0.0286637 -0.0156306 0.0207467
0.0482527 0.0202371 0.0254401 -0.00925346 -0.0108771 -0.00298843 0.0410658 0.0157039 0.0137349 -0.00461302 -0.0089626 -0.00683542
-0.059847 -0.0551341 -0.0386205 -0.0220603 0.00930921 0.0201513 -0.0669506 -0.0668682 -0.0286077 -0.0209097 0.0155048 0.0215238
-0.0228581 -0.0343092 -0.00627874 0.00998761 -0.00353671 -0.0066847 -0.0219976 -0.0407555 -0.0104726 0.0145602 -0.00725017 -0.00339451
-0.0576168 -0.0432433 -0.0617541 -0.00749543 0.00950449 0.00113388 -0.0692102 -0.0525419 -0.054415 -0.00967622 0.00502441 0.00406035
-0.0324274 -0.0693821 -0.0415904 0.0195712 0.00246159 -0.0267803 -0.0259606 -0.0732803 -0.043518 0.0219018 0.000500243 -0.0260682
0.0120693 0.0318641 -0.0130228 -0.0096253 -0.00406924 0.00711702 -0.00329698 0.0286659 -0.0161025 -0.0138225 -0.00907986 0.0108471
-0.0099052 0.0161805 -0.00813874 -0.0026172 -0.0137093 0.000358543 -0.0171582 0.0186048 -0.0062233 -0.00240208 -0.0129822 -0.000416736
-0.0778208 -0.0539827 -0.113448 -0.00497474 0.0116191 -0.0204056 -0.0868028 -0.0611138 -0.121585 -0.00536927 0.0123133 -0.0257733
-0.0668436 -0.056692 -0.0452743 0.00599962 0.00973667 -0.00021303 -0.065006 -0.0701899 -0.0378792 0.00928101 0.00982247 0.00121531
0.0643956 -0.00438021 0.0711946 0.0158636 -0.0287401 0.0225232 0.0555487 0.00202743 0.0723224 0.00717556 -0.0267203 0.0242234
-0.0636435 -0.0829506 -0.0666075 -0.0137034 -0.0111066 0.00285639 -0.0647759 -0.0888027 -0.0576641 -0.016508 -0.00558656 0.00913399
-0.0823371 -0.110693 -0.117032 -0.0126276 0.0163561 -0.00604475 -0.0933452 -0.120995 -0.131017 -0.00802698 0.0219164 -0.00398587
0.0414873 -0.0233257 -0.0163571 -0.0134847 -0.0371133 -0.0208981 0.039688 -0.0209943 -0.0319744 -0.0127975 -0.0355698 -0.0161724
-0.0105846 0.00646518 -0.0160315 0.00197453 -0.0129072 -0.0170637 -0.0210639 0.00791965 -0.0258137 0.0086926 -0.0123933 -0.017214
0.00821335 -0.0529661 -0.0575771 0.00234002 0.00946857 0.000931561 -0.0020026 -0.0573688 -0.0604785 0.00391774 0.0111361 0.00319528
0.0149149 0.0309414 0.0422729 0.00216515 0.0215485 0.00311537 0.00397625 0.0182297 0.0351 0.00533365 0.0233743 -0.000278333
-0.00854559 0.00249818 -0.0482187 0.00280552 -0.00142424 0.00996558 -0.019043 0.00215052 -0.0486032 0.00257986 0.000128299 0.0128039
-0.0198415 0.0311273 0.0411564 -0.00367536 0.00391133 -0.00454139 -0.0291942 0.0298753 0.0372932 -0.00894323 0.00548399 -0.0106573
-0.0879122 -0.141055 -0.0632855 0.0108409 0.0219709 -0.00419315 -0.0909933 -0.153522 -0.0563428 0.0117417 0.0202032 0.00364542
0.0241822 0.0227433 0.0173825 0.000457107 -0.00885038 -0.0016574 0.013819 0.016097 0.0163778 0.00878663 -0.0103527 0.00306458
-0.0947161 -0.0895172 -0.0626251 0.0179829 -0.0313047 0.00921057 -0.0976237 -0.0797166 -0.0774228 0.0238125 -0.0297662 0.00771309
-0.0188465 0.0212765 -0.000905862 -0.00407117 0.0166181 0.00357702 -0.0285737 0.0326 -0.017617 -0.0132611 0.021611 0.00529431
0.0842302 0.0592705 0.0232318 0.000859858 -0.00634742 -0.0231832 0.0672902 0.0491841 0.0249614 -0.00320458 -0.00670767 -0.0203098
-0.0873259 -0.0586381 -0.032571 0.00767871 -0.00917301 0.0215439 -0.0862367 -0.0532697 -0.025222 0.0125035 -0.00615031 0.0244933
-0.0687357 -0.0247052 -0.0359194 0.0292137 -0.013037 -0.0163851 -0.0582426 -0.0247699 -0.0514511 0.0294589 -0.0196769 -0.0124404
-0.0544632 -0.0188381 -0.0639782 0.00829 -0.0276684 0.0262521 -0.0645 -0.0292095 -0.0709924 0.00380139 -0.0286691 0.0188841
-0.0509658 -0.0294038 -0.0462176 0.016561 0.00588687 0.00884453 -0.0682734 -0.0285379 -0.0468267 0.0204096 0.00343215 0.0123086
-0.00901274 0.026999 -0.000227012 -0.0252906 0.0118851 0.0121653 -0.014371 0.0272415 -0.0097675 -0.0242036 0.0122299 0.0096708
0.0234667 0.0530818 0.066823 0.0135116 0.00152229 -0.0167997 0.021306 0.0603663 0.0711466 0.00989323 0.00360444 -0.0176757
0.0531521 0.0359538 -0.0182424 0.00324482 -0.00824662 0.0336702 0.0387423 0.0330577 -0.02986 0.00669601 -0.00458736 0.0347084
0.0193155 0.0664378 -0.0075488 -0.00980705 -0.00244013 0.00236444 0.012724 0.0689794 -0.0166153 -0.0121475 0.000241076 0.000575208
-0.0568144 -0.0426959 -0.0308597 0.00734188 -0.0029927 -0.0214491 -0.0614023 -0.0375491 -0.0367028 0.00216122 -0.00224844 -0.0221067
-0.0369546 0.00330971 -0.058109 0.0097081 0.0145644 -0.00114094 -0.0452839 0.00117351 -0.0593156 0.0119853 0.00887167 -0.000663021
-0.0646405 -0.054593 -0.10083 0.000349169 0.0109741 0.0175955 -0.0703079 -0.046295 -0.111492 -0.0044175 0.0113245 0.0196926
-0.123592 -0.141228 -0.173714 0.010236 -0.0221203 0.0112998 -0.133134 -0.140108 -0.172945 0.00663347 -0.0200224 0.0130773
-0.0650409 -0.0356048 -0.0725629 -0.0116743 -0.0136076 -0.0265269 -0.063102 -0.0318526 -0.0832531 -0.00732531 -0.0164406 -0.0267662
0.0241402 0.00813409 -0.00657748 0.0134129 0.0257293 -0.0137754 0.0129016 0.00329302 -0.0277081 0.0102864 0.0277795 -0.0116994
0.00890514 0.0444213 -0.00549499 0.00290566 -0.0190562 -0.0141999 0.00931337 0.0616131 -0.031393 0.00559094 -0.0186664 -0.0123525
-0.115719 -0.0737925 -0.0832277 -0.00640069 0.0120066 0.00756824 -0.116907 -0.062253 -0.0928766 -0.00712208 0.0198909 0.0100901
-0.0254716 -0.0426481 -0.028567 -0.00663679 -0.0355293 0.0200808 -0.0264608 -0.0514667 -0.0324894 -0.00692813 -0.0362285 0.0255363
-0.101449 -0.0798637 -0.060869 0.00571248 -0.00103509 -0.00337414 -0.116079 -0.0758986 -0.0765937 -0.00174295 -0.00374872 -0.00285003
-0.0237951 -0.0106948 -0.0547741 0.00125352 -0.00141747 -0.00281522 -0.0299806 0.00354851 -0.0662259 0.0063817 -0.000239583 -0.00167535
-0.0320308 -0.0723248 -0.00247912 -0.0120062 0.0350326 -0.0126218 -0.032238 -0.070032 0.00948118 -0.0157224 0.0363321 -0.0169725
-0.0177552 -0.0198947 -0.006349 -0.00451356 0.00281505 -0.00732115 -0.013844 -0.0174811 -0.000847674 -0.00567368 0.00276764 -0.00623413
-0.0875992 -0.0826933 -0.163327 -0.00615713 -0.026638 -0.00857094 -0.0864717 -0.0914724 -0.166137 -0.0055459 -0.0284135 -0.0101901
-0.090015 -0.0723259 -0.0849806 0.00949874 0.0158946 -0.00531342 -0.0983069 -0.0899268 -0.0717409 0.0130464 0.0172297 -0.00554344
-0.0255546 -0.022294 -0.025527 0.00215835 0.0119408 0.025078 -0.0264214 -0.0178181 -0.0384989 0.00941674 0.0130369 0.0239119
-0.127816 -0.0680338 -0.101815 0.00952003 0.0277196 0.0217144 -0.121971 -0.0753856 -0.108581 0.0113323 0.022703 0.0190011
-0.0883277 -0.0619353 -0.0761224 0.00851111 0.0079126 -0.0215671 -0.0773318 -0.0640862 -0.0640108 0.0124152 0.00829375 -0.0261362
0.0419512 -0.0392507 0.0105893 0.0052073 -0.0547726 -0.0368894 0.0709961 -0.0329754 -0.0185426 0.00472662 -0.0546781 -0.0311248
-0.0107353 -0.153784 -0.0192044 0.0216739 0.027951 -0.0250361 0.0424054 -0.13961 -0.0261087 0.0246875 0.0270812 -0.0269128
-0.0833398 -0.34489 -0.110987 0.0127025 -0.0293234 0.0166983 -0.0326101 -0.345202 -0.114314 0.0122348 -0.0318312 0.0156237
-0.268464 -0.474685 -0.239711 -0.0372921 0.042449 0.108262 -0.212872 -0.461059 -0.232445 -0.0419882 0.0447573 0.110566
-0.0164159 -0.110353 -0.00467462 -0.017876 -0.101324 -0.0807749 0.0289461 -0.112529 -0.029881 -0.0170191 -0.102254 -0.0810243
-0.196744 0.113878 -0.0661588 -0.018327 -0.00587649 0.00928335 -0.192561 0.163232 -0.0754547 -0.0217582 0.00640201 0.0150069
-0.0343229 0.105303 0.0108992 -0.111159 0.0311426 0.0213114 -0.0815335 0.109776 -0.0405547 -0.10891 0.030164 0.0121452
-0.411344 -0.2809 -0.390027 0.00502881 0.0107657 0.0338392 -0.428993 -0.267782 -0.414852 0.00577832 0.0125999 0.0346063
-0.114608 -0.000130634 -0.0863296 -0.00820792 0.00535145 -0.0144059 -0.136891 0.00366042 -0.113234 -0.0122178 0.00416608 -0.0109899
-0.307106 -0.163492 -0.275146 0.0137363 0.0162661 0.0178737 -0.308682 -0.135854 -0.291815 0.0118534 0.0194208 0.0232534
-0.240837 -0.117307 -0.223339 0.00617584 0.0139966 0.0398873 -0.262099 -0.103715 -0.250489 0.00869566 0.0163255 0.0380555
-0.3241 -0.175157 -0.32006 0.00701832 0.0116123 0.0252721 -0.348584 -0.160355 -0.324711 0.00213168 0.015555 0.0201932
-0.209091 -0.0441792 -0.165862 0.00295039 -0.0101675 -0.00381936 -0.232162 -0.0259583 -0.188147 0.00278266 -0.00657923 -0.00406748
-0.304018 -0.198841 -0.330547 -0.00549482 0.0147236 -0.0173403 -0.329612 -0.193803 -0.356038 -0.00454385 0.0165599 -0.014609
-0.30187 -0.177858 -0.276946 -0.00882156 0.00359922 -0.0103921 -0.32202 -0.173398 -0.299295 -0.0120908 0.00261853 -0.00780336
-0.317725 -0.206597 -0.357743 0.000131328 0.00744576 0.025349 -0.32458 -0.17502 -0.376274 -0.00446511 0.00588266 0.0217338
-0.147867 -0.0963019 -0.218383 0.0200837 -0.0036844 -0.0385461 -0.150692 -0.0994757 -0.232932 0.0184704 -0.0058472 -0.0394076
-0.221114 -0.106143 -0.256262 0.00331736 0.0178706 0.0202524 -0.24952 -0.096219 -0.287567 0.00107727 0.0214169 0.0199268
-0.31039 -0.180316 -0.242223 -0.0141903 0.00250136 -0.00721888 -0.339225 -0.164577 -0.259893 -0.0150863 0.000835175 -0.0101257
-0.233303 -0.0854285 -0.189852 0.00279694 -0.00623461 0.0217342 -0.274983 -0.0819508 -0.233385 0.00563818 -0.0085993 0.0173308
-0.146664 -0.00175289 -0.155606 -0.0100856 0.013608 0.0394356 -0.151799 0.0143223 -0.167376 -0.00474399 0.0166601 0.0409815
-0.0323447 -0.098502 -0.169581 -0.0442637 -0.0657652 -0.00971453 0.00345833 -0.0998381 -0.197276 -0.0410241 -0.0691999 -0.0122287
-0.0496099 -0.22684 -0.0642204 0.0120583 0.00264782 0.018057 -0.0162813 -0.256205 -0.0823946 0.0120976 0.00202132 0.0181024
-0.410163 -0.519196 -0.442612 0.020009 -0.020342 0.0496511 -0.373385 -0.524889 -0.445618 0.0196101 -0.0237781 0.0502095
-0.491034 -0.575425 -0.541484 -0.0233118 0.0461513 0.00616956 -0.451396 -0.571376 -0.543694 -0.0204726 0.0501936 0.00708958
-0.332689 -0.391231 -0.434017 0.0734692 -0.0147711 0.0232818 -0.298408 -0.38166 -0.44413 0.0730399 -0.0162926 0.0262596
-0.567991 -0.695373 -0.608273 0.00325874 0.00398949 -0.00326624 -0.520548 -0.688472 -0.607602 0.00296285 0.00276812 -0.00313083
-0.390613 -0.556739 -0.465796 -0.00610687 0.0136171 -0.000768798 -0.34371 -0.560384 -0.475914 -0.00658271 0.0108987 -0.000835764
0.147473 0.0624842 0.117789 0.0094591 0.00321714 0.00781792 0.173585 0.0511902 0.080489 0.0105278 0.00328313 0.00938986
0.0608463 -0.0381386 -0.0352959 0.0213307 -0.0375154 0.0573716 0.091104 -0.0455571 -0.066995 0.0210681 -0.0405491 0.0629167
0.115525 0.0015718 0.0946417 -0.0177164 0.0593295 0.0613138 0.142398 -0.0151992 0.0632872 -0.0180098 0.0642739 0.0650356
0.218729 0.0927657 0.17708 0.00612362 -0.00380941 0.00330096 0.243607 0.0824158 0.135526 0.00661403 -0.00401236 0.00322035
0.0684229 -0.0230605 0.0516009 0.0122558 0.00487227 -0.00566388 0.0970368 -0.0388255 0.0213582 0.0119595 0.00363576 -0.00697688
-0.0246968 -0.08405 -0.0112627 0.0310191 -0.0752738 0.0334865 0.000418542 -0.0906604 -0.0400239 0.0298042 -0.0760781 0.0339153
0.0551711 -0.019407 0.00176413 -0.00790654 0.0141275 0.0261904 0.0841332 -0.0246725 -0.0310406 -0.00921972 0.0120564 0.0269658
-0.0142793 -0.096671 0.00657244 -0.0210766 0.00939836 -0.00692058 0.0105322 -0.107428 -0.0267843 -0.0240115 0.00824965 -0.00562701
-0.317468 -0.467253 -0.419577 -0.0271592 0.019208 0.0634039 -0.274516 -0.471351 -0.428955 -0.0283319 0.0233001 0.0665829
-0.197274 -0.38013 -0.326545 -0.043776 0.00686073 0.0554442 -0.152171 -0.392593 -0.342813 -0.0426034 0.0105012 0.056588
-0.134499 -0.282283 -0.240949 -0.0575033 -0.0158043 -0.0549026 -0.0955135 -0.287356 -0.265477 -0.055981 -0.015452 -0.0549953
-0.345348 -0.508341 -0.396467 -0.0189409 -0.0152004 0.0225004 -0.302846 -0.517087 -0.404894 -0.0162137 -0.014089 0.0240317
0.0265492 -0.101324 -0.066604 -0.015117 -0.000684873 0.00162055 0.0595783 -0.113776 -0.0948003 -0.0145412 -0.000910208 0.00125028
-0.0606318 -0.141571 -0.11927 -0.0524103 0.00388774 -0.0399888 -0.0300505 -0.143938 -0.145402 -0.0508303 0.00500389 -0.0402987
-0.254845 -0.357286 -0.332396 0.00677064 0.00237581 0.00526441 -0.2216 -0.356997 -0.352576 0.00729243 0.00288618 0.0067934
-0.479955 -0.631434 -0.549777 0.0150586 -0.00716686 -0.00194956 -0.43312 -0.631849 -0.552141 0.0146316 -0.00678556 -0.00182639
-0.203279 -0.396102 -0.269197 -0.0539463 0.0112031 -0.037601 -0.162042 -0.417817 -0.28197 -0.0514504 0.0124544 -0.0384545
-0.383371 -0.508411 -0.457979 -0.00738823 -0.00637103 -0.0160931 -0.3406 -0.505103 -0.468977 -0.00527576 -0.0053984 -0.0155652
-0.311063 -0.500536 -0.386803 0.00187782 0.000340342 -0.00522313 -0.268104 -0.511089 -0.395313 0.00136292 -4.8125e-05 -0.0059575
-0.296379 -0.442831 -0.389045 0.01671 0.00682788 -0.0173507 -0.255624 -0.450706 -0.401929 0.0147317 0.00574819 -0.0164035
-0.0929644 -0.295519 -0.128674 0.0270702 0.0476635 0.00292405 -0.0551697 -0.316716 -0.146503 0.0248931 0.0484742 0.00136063
-0.0937516 -0.178774 -0.197737 -0.0132142 0.00079157 0.00102732 -0.0633237 -0.175291 -0.227548 -0.0118438 0.000108125 0.000209514
-0.447604 -0.553514 -0.492268 -0.0138312 -0.00803542 0.0279486 -0.407184 -0.553276 -0.495741 -0.0100618 -0.00631938 0.0285929
-0.0773201 -0.130153 -0.0938746 -0.0163068 -0.0161706 -0.0477686 -0.0537547 -0.137856 -0.120124 -0.0156014 -0.0185426 -0.0455048
-0.370877 -0.548336 -0.406528 0.0435996 0.00222148 -0.0367999 -0.329993 -0.555812 -0.414391 0.0443961 0.00337132 -0.0374024
-0.202771 -0.247743 -0.216548 0.00476853 0.009444 -0.00772705 -0.175526 -0.252723 -0.235971 0.0079159 0.00822486 -0.0081084
-0.484577 -0.613563 -0.534074 -0.0261836 0.0254964 -0.00581968 -0.441476 -0.612508 -0.535587 -0.0258008 0.0314328 -0.00749035
-0.15339 -0.383057 -0.199564 -0.0198929 0.000361892 0.0127086 -0.11321 -0.407267 -0.216297 -0.0200891 -0.000279097 0.0127506
0.0428564 -0.0948191 0.014916 0.0158789 -0.027433 0.0115997 0.0696076 -0.11187 -0.0133894 0.0161418 -0.0246276 0.0129962
-0.178724 -0.291982 -0.15884 -0.00869199 -0.010015 -0.00495052 -0.149773 -0.314612 -0.173219 -0.00705472 -0.00809646 -0.00667972
-0.371271 -0.470846 -0.347959 0.0583442 0.0191338 0.0182899 -0.336209 -0.482587 -0.355925 0.0572148 0.0176548 0.0195106
0.232756 0.106006 0.180411 -0.0032043 -0.0024792 -0.0144482 0.259104 0.0901361 0.141753 -0.00163264 -0.00200806 -0.0145206
-0.0903767 -0.316269 -0.103898 0.000275494 -0.00261225 -0.0133468 -0.0538679 -0.346767 -0.118364 0.000580972 -0.00261111 -0.0121624
-0.056908 -0.148472 -0.106951 -0.0551801 -0.0501419 -0.0639689 -0.0252906 -0.154273 -0.13573 -0.0549349 -0.0554074 -0.0661574
-0.32296 -0.394426 -0.411207 -0.00280419 0.0137782 -0.0113064 -0.289117 -0.384232 -0.428958 -0.000104653 0.0108121 -0.0125335
-0.239509 -0.351323 -0.251964 -0.0488116 0.0642424 0.00316279 -0.207676 -0.35571 -0.270252 -0.0485843 0.0669573 0.00376306
-0.309939 -0.427058 -0.298092 -0.0123599 0.0705877 0.0123597 -0.278433 -0.437518 -0.308752 -0.0114713 0.0719255 0.0133799
-0.196711 -0.354642 -0.256568 0.0271916 0.0292856 -0.0531772 -0.159483 -0.369836 -0.271906 0.0250053 0.0339572 -0.0550889
-0.0691776 -0.268569 -0.123057 -0.00622974 0.00954363 0.00587051 -0.0316238 -0.294647 -0.143673 -0.00762986 0.00738403 0.00634132
-0.11323 -0.127842 -0.109958 0.00488576 -0.008913 -0.00956669 -0.0907571 -0.132104 -0.135 0.00657618 -0.00815958 -0.0130187
0.0101836 -0.0594394 -0.0864847 0.104088 -0.0252392 -0.0488863 0.0358274 -0.0638185 -0.115254 0.104396 -0.0284641 -0.0498398
0.102385 -0.00781456 0.0593127 0.024208 -0.0123654 -0.00119382 0.132869 -0.0246761 0.0293894 0.0247722 -0.0102248 0.000130764
-0.0672014 -0.257129 -0.066494 -0.00350754 -0.00584582 0.00793104 -0.0335208 -0.288097 -0.0803257 -0.00129326 -0.00392104 0.0072441
-0.0907949 -0.214724 -0.10503 -0.000865462 -0.00229333 -0.0911318 -0.059111 -0.221405 -0.13058 0.0018391 -0.00400396 -0.0937152
-0.407111 -0.509266 -0.426427 0.0209488 -0.00438853 -0.00301377 -0.37188 -0.511394 -0.433523 0.017925 -0.00404472 -0.00467424
0.180372 0.0733795 0.154511 0.00541118 -0.0116666 -0.0097598 0.207474 0.0571792 0.120252 0.0079341 -0.0107663 -0.00860549
0.112781 0.0417359 0.0558177 0.000462881 -0.00938702 -0.0246271 0.141272 0.0306413 0.0215756 -0.000774306 -0.00769451 -0.0256124
-0.130542 -0.195166 -0.22832 -0.000582501 -0.000106471 0.0164066 -0.100668 -0.191426 -0.254258 -0.000324653 -0.00102021 0.0174814
-0.18306 -0.338259 -0.184924 -0.0141235 0.00112109 0.0206439 -0.151569 -0.361901 -0.197587 -0.0121397 0.000235278 0.0217864
-0.172569 -0.171683 -0.165236 0.0154099 -0.00251175 0.00956482 -0.151615 -0.174404 -0.190994 0.0116777 -0.00171819 0.00902528
-0.253816 -0.453076 -0.326092 0.00352199 -0.00293612 0.0105917 -0.211895 -0.468925 -0.337397 0.00378312 -0.00165528 0.0113961
-0.226265 -0.355377 -0.268281 -0.0129678 0.00100057 0.0166989 -0.191413 -0.370683 -0.279731 -0.00992542 0.00218632 0.0154445
0.0166373 -0.185402 -0.0142376 -0.0507154 0.0205615 -0.00492607 0.048429 -0.215742 -0.035283 -0.0475317 0.0203356 -0.00602076
-0.0443962 -0.215738 -0.133133 0.00685936 -0.00686342 -0.00844916 -0.00571792 -0.237477 -0.153452 0.00814583 -0.0063134 -0.00905299
-0.216631 -0.291695 -0.291392 -0.0786965 0.0686851 -0.0367574 -0.181922 -0.29024 -0.312115 -0.0742519 0.0730644 -0.0373474
0.0437488 -0.0141225 -0.0156411 0.0175504 -0.0148884 -0.0300697 0.0709107 -0.0206892 -0.046549 0.017299 -0.0123128 -0.0297598
-0.162207 -0.198087 -0.226367 -0.0212307 0.00425413 -0.000348897 -0.133264 -0.197927 -0.248123 -0.0167026 0.00290215 -0.000442014
-0.33357 -0.449167 -0.320368 0.0374321 -0.00823534 -0.0197368 -0.301416 -0.451225 -0.336462 0.0377837 -0.00864208 -0.0179728
-0.544959 -0.670097 -0.587848 -0.0114511 0.00225587 -0.00243104 -0.499243 -0.667573 -0.584114 -0.00782354 0.00197535 -0.00294056
-0.135927 -0.253605 -0.187053 -0.0418093 -0.0412187 -0.0498466 -0.100627 -0.262169 -0.210343 -0.0407956 -0.0453608 -0.0503593
-0.289369 -0.470238 -0.417891 -0.0225734 0.00723498 0.00397643 -0.242294 -0.48538 -0.426473 -0.0200645 0.00535424 0.00322167
-0.256242 -0.380266 -0.223536 0.0140558 0.0122569 -0.0147478 -0.228301 -0.396615 -0.235546 0.0139656 0.00906299 -0.0150217
-0.562266 -0.702728 -0.591018 0.00806411 -0.00170376 0.00417053 -0.515004 -0.699847 -0.589409 0.00909125 -0.00165437 0.00522257
-0.229932 -0.341774 -0.267815 0.00258476 0.00435729 0.00714981 -0.198266 -0.3503 -0.283757 0.00231424 0.00341479 0.00740479
-0.064467 -0.238488 -0.131387 0.00499976 -0.00240332 0.00402149 -0.0302367 -0.255208 -0.155411 0.00430688 -0.00240347 0.00415062
-0.211094 -0.340106 -0.245976 -0.00174187 0.0193707 0.00899614 -0.180278 -0.352429 -0.261527 0.000415764 0.0175774 0.00686361
0.183065 0.00914456 0.1563 0.011609 0.035879 0.146768 0.211671 -0.00577132 0.121579 0.0113731 0.0403583 0.153355
0.0339785 -0.0303902 -0.0899096 -0.00415367 -0.0585504 0.0274491 0.066403 -0.0323347 -0.124484 -0.000371111 -0.0600826 0.0282037
0.0719 -0.127152 0.00411014 0.034851 -0.0236089 -0.0706427 0.104811 -0.145469 -0.0247547 0.0358689 -0.0246406 -0.0741892
-0.0870479 -0.15217 -0.0629106 0.0320954 0.0345219 0.0289306 -0.0639405 -0.162821 -0.0907522 0.0318119 0.0406429 0.0299022
-0.185147 -0.399059 -0.242986 0.00752058 0.00444962 -0.00441987 -0.143964 -0.418691 -0.259032 0.00713937 0.00335715 -0.0050634
-0.442009 -0.528599 -0.485867 -0.0405363 -0.00159445 0.0214339 -0.402181 -0.527668 -0.491634 -0.0379937 -0.00391528 0.0202304
-0.0895894 -0.162187 -0.208589 0.0517277 -0.013692 -0.0384263 -0.0540117 -0.163827 -0.232824 0.0520433 -0.0156574 -0.0398492
0.0564299 -0.0324775 -0.0323019 0.0836554 -0.0640999 0.0775187 0.0872024 -0.0372249 -0.0623342 0.0847488 -0.0707519 0.0817213
-0.315536 -0.43447 -0.388157 0.00294833 -0.0431114 0.0102081 -0.276783 -0.434956 -0.404812 0.00185125 -0.0473702 0.0121562
-0.0481285 -0.119062 -0.0645923 -0.00334761 -0.00698299 -0.0339514 -0.0269793 -0.117736 -0.09696 -0.00525153 -0.00713847 -0.0381068
-0.325276 -0.482921 -0.420467 -0.00418207 -0.00229267 0.00682794 -0.281588 -0.488002 -0.432647 -0.00401868 -0.00203382 0.0047059
-0.131061 -0.23998 -0.152775 -0.000597455 -0.0127622 -0.0021121 -0.103353 -0.249065 -0.175501 0.00117479 -0.0108213 -0.00222312
-0.350362 -0.520258 -0.388187 -0.0514 0.0116716 -0.00254971 -0.306921 -0.528453 -0.398669 -0.0529635 0.0138467 -0.00132396
-0.300538 -0.401088 -0.354209 -0.0142899 -0.0199632 -0.0807396 -0.262454 -0.402247 -0.368954 -0.0124822 -0.0211375 -0.0834235
0.120299 0.0118507 0.0656139 -0.0570556 -0.0105352 0.0365066 0.149015 0.000567014 0.0294389 -0.0585488 -0.0123076 0.0368915
-0.0893706 -0.307041 -0.100022 0.0440885 0.0062285 -0.0385546 -0.0508978 -0.332957 -0.119021 0.0427684 0.00677646 -0.0395619
-0.142725 -0.25818 -0.1823 -0.0470944 0.000979081 -0.111816 -0.110169 -0.270762 -0.197993 -0.0448873 0.000406875 -0.115584
-0.236355 -0.311796 -0.25396 -0.028648 0.0228916 0.0563918 -0.202074 -0.317134 -0.270314 -0.0261649 0.0279526 0.0579811
-0.0736692 -0.176418 -0.195599 0.0615316 0.019782 0.0236247 -0.0413963 -0.17602 -0.221939 0.0605497 0.0209075 0.0246712
-0.216851 -0.316583 -0.170937 0.0529966 0.0662428 0.0113027 -0.191277 -0.333348 -0.185607 0.0510417 0.0707474 0.00863785
-0.392043 -0.513925 -0.399047 0.0182096 -0.00151155 -0.00219541 -0.354043 -0.5219 -0.403163 0.0192103 -0.000795347 -0.00281993
-0.315164 -0.456455 -0.379011 0.00683242 -0.00394055 -0.0557817 -0.272444 -0.463982 -0.391801 0.00852681 -0.00529333 -0.0564927
-0.0928875 -0.212196 -0.11685 0.0763208 -0.0539291 0.000698672 -0.0597198 -0.224444 -0.137666 0.0742198 -0.0586101 0.00220451
-0.0942895 -0.212763 -0.126408 -0.0115532 -0.00210313 0.0119041 -0.0705338 -0.225853 -0.149462 -0.0104609 -0.00186167 0.0133675
-0.314803 -0.465884 -0.25841 0.0259363 0.0338119 0.0601124 -0.281769 -0.484799 -0.267247 0.0249001 0.0335139 0.0636053
0.0555407 -0.0248513 0.0606256 -0.0146094 -0.0341779 0.0891698 0.0803712 -0.0397923 0.0291599 -0.0138965 -0.034175 0.0912912
-0.153531 -0.317542 -0.179322 -0.0061628 0.00216323 -0.00621787 -0.116214 -0.336932 -0.197796 -0.00671701 0.00140715 -0.00706597
-0.178323 -0.279284 -0.266751 0.0277034 -0.0155089 -0.0475922 -0.141125 -0.282981 -0.287449 0.0270538 -0.0145388 -0.0487706
-0.183232 -0.180108 -0.18037 -0.00361194 0.00807898 -0.0163192 -0.159528 -0.176963 -0.207909 -0.00350493 0.00657694 -0.0125913
-0.484985 -0.631841 -0.518414 0.0327804 0.0395309 0.0579266 -0.441317 -0.629867 -0.524626 0.0317232 0.0410111 0.059474
0.144503 0.0713 0.127612 -0.03967 0.0438522 -0.0716373 0.170658 0.0605545 0.0917827 -0.0386408 0.0443671 -0.0751698
-0.470467 -0.598276 -0.486598 0.013297 -0.0035827 0.00549556 -0.430258 -0.600839 -0.487874 0.0120622 -0.00188035 0.0062341
-0.214219 -0.402671 -0.332818 -0.0607516 0.0387469 0.000368671 -0.169435 -0.414166 -0.346385 -0.0548888 0.0413574 -0.000778611
-0.329955 -0.388763 -0.329416 -0.000505553 0.00354655 -0.0040709 -0.299993 -0.386119 -0.344658 -0.00152188 0.00353118 -0.00471361
-0.274391 -0.309782 -0.352841 0.00364163 -0.00440364 -0.0095078 -0.241349 -0.306525 -0.369281 0.0068625 -0.00289701 -0.00885965
-0.335398 -0.450481 -0.293557 0.0114142 0.00278445 0.00621763 -0.302665 -0.46057 -0.302263 0.0108939 0.00215347 0.00710889
0.0768264 -0.00575975 0.0498609 -0.0100205 -0.0296392 0.0275653 0.100449 -0.0141971 0.0152661 -0.0111652 -0.0338758 0.0283562
0.194747 0.123539 0.174459 0.101526 0.0155103 0.00852408 0.223245 0.109183 0.142013 0.10012 0.0204551 0.00831646
-0.237651 -0.371798 -0.204858 -0.0105538 0.0221877 0.0505118 -0.206111 -0.390262 -0.216151 -0.0126535 0.0222914 0.051552
0.0948534 -0.000509597 0.0605019 -0.000849117 0.0277823 -0.143057 0.125079 -0.0147864 0.030606 -0.00183833 0.0301841 -0.147414
-0.454122 -0.552769 -0.484835 -0.0552426 -0.00716313 -0.0283991 -0.415012 -0.546565 -0.493744 -0.0526834 -0.00969736 -0.0286863
-0.0210071 -0.209525 -0.0726893 0.00295732 0.0411187 0.0785268 0.0143504 -0.235299 -0.0927535 0.00540653 0.0457994 0.0814555
-0.584816 -0.710517 -0.612557 -0.00769774 -0.0163825 -0.0226996 -0.535024 -0.708502 -0.608613 -0.00834882 -0.0167966 -0.0211869
0.00305732 -0.191761 0.00903365 -0.00939089 -0.0305544 0.000351388 0.036104 -0.217285 -0.0155972 -0.0119599 -0.0314791 -0.000951736
-0.346481 -0.529542 -0.309337 -0.0452801 0.0139021 0.0469075 -0.312916 -0.543182 -0.314993 -0.0428365 0.0148054 0.046701
0.1442 0.045274 0.0953956 -0.00485204 0.000449716 0.00194603 0.17221 0.0372117 0.0596447 -0.00404174 0.000692361 0.00132403
-0.0966848 -0.316276 -0.124806 -0.0115009 -0.00589642 0.00517325 -0.0595788 -0.343405 -0.143169 -0.00854215 -0.00662493 0.00655083
0.0463517 -0.0663463 -0.0283527 0.0126839 -0.00412935 0.00372622 0.0764434 -0.0756298 -0.058923 0.0123007 -0.00346882 0.00411938
0.00583094 -0.0611608 -0.0575403 -0.0152269 0.00979862 0.00169918 0.034738 -0.0709197 -0.0855105 -0.0139887 0.00883278 0.00221111
-0.163347 -0.254275 -0.266587 -0.0105068 -0.0126294 -0.015063 -0.129658 -0.250873 -0.289193 -0.010291 -0.0105938 -0.0174672
-0.461345 -0.565793 -0.439149 -0.0029717 0.0248118 -0.0179096 -0.420873 -0.573736 -0.44083 -0.00577382 0.0309056 -0.0177136
0.13934 0.0630142 0.143589 -0.020784 -0.0226761 -0.058233 0.1667 0.047422 0.110634 -0.0187053 -0.0233502 -0.0624142
-0.556237 -0.684922 -0.598064 -0.00700708 0.00234827 0.000754154 -0.506168 -0.682853 -0.596462 -0.00463826 0.00216896 -0.000874514
-0.0301583 -0.0888102 -0.0168174 0.00146429 -0.00323499 -0.00125462 -0.00615278 -0.0976985 -0.0444997 0.00099125 -0.00150062 -0.00171889
-0.195863 -0.273444 -0.135541 -0.0128566 -0.0205425 0.105817 -0.170483 -0.281582 -0.157524 -0.0131897 -0.0189085 0.108119
-0.353419 -0.383239 -0.405279 -0.0122549 -0.00411053 -0.00612388 -0.324081 -0.376 -0.419674 -0.0121949 -0.00374076 -0.00917257
-0.450961 -0.572845 -0.451999 -0.0248495 0.0130059 0.0122173 -0.40993 -0.580632 -0.454885 -0.024542 0.00930493 0.0111491
-0.450149 -0.606349 -0.507086 0.013603 -0.00529678 -0.0475422 -0.406181 -0.609551 -0.50929 0.0136934 -0.00689896 -0.049669
-0.0487626 -0.175407 -0.0992973 0.0571806 0.0175809 0.0788916 -0.0183568 -0.186114 -0.124871 0.0564065 0.0192665 0.0794731
-0.0453477 -0.123327 -0.0377048 0.00133811 0.0190773 -0.00743539 -0.0220612 -0.133246 -0.0647879 0.000224236 0.0162921 -0.00841965
-0.13544 -0.335003 -0.241722 -0.00186444 -0.0102904 -0.0231171 -0.0926609 -0.351508 -0.25944 -0.00290597 -0.00873667 -0.0233179
0.0962416 0.00588247 0.0890435 -0.0550587 0.0827146 -0.0223863 0.125662 -0.00879729 0.0567384 -0.0533235 0.0862854 -0.0248081
-0.537076 -0.661556 -0.574918 0.00968569 -0.0688396 -0.043495 -0.491698 -0.659041 -0.573687 0.00857403 -0.0720238 -0.0440338
-0.399864 -0.558007 -0.437114 -0.014142 0.0592181 -0.0317418 -0.356039 -0.564754 -0.441109 -0.0138338 0.0629065 -0.0340378
-0.105434 -0.21029 -0.205232 0.0290705 -0.00397415 0.0179364 -0.0702551 -0.215401 -0.230828 0.0282589 -0.00435215 0.0171742
0.0371003 -0.0590221 0.0302547 0.0112329 0.0118719 -0.00168778 0.0640815 -0.0689142 -0.000642014 0.00870924 0.00957896 -0.00141458
-0.213034 -0.236273 -0.27953 -0.00501415 -0.0357943 -0.0492483 -0.181321 -0.231602 -0.300769 -0.00566847 -0.0411079 -0.0494857
-0.24638 -0.307848 -0.295539 -0.0450438 -0.00572308 0.0206428 -0.219453 -0.306476 -0.31517 -0.0442438 -0.00807986 0.0206856
-0.25728 -0.364706 -0.356459 0.0564665 0.0243997 -0.0192928 -0.216666 -0.369711 -0.370232 0.0558356 0.0265758 -0.0187598
-0.124109 -0.205883 -0.156763 0.0204522 0.00910277 0.0104703 -0.0915424 -0.213794 -0.180132 0.0185792 0.00728292 0.00945472
-0.370754 -0.438024 -0.436331 -0.000571256 -0.00358276 0.0111576 -0.330538 -0.43251 -0.45038 -0.00183465 -0.00326347 0.0107324
-0.0137384 -0.0901102 -0.0331188 -0.0815227 -0.0182199 0.0113586 0.00934639 -0.0934674 -0.0663674 -0.0778698 -0.0220418 0.0110659
0.159097 0.0553711 0.115035 0.0345576 -0.00477765 -0.00576842 0.187561 0.0421784 0.0810604 0.0330753 -0.00313611 -0.00497674
-0.296357 -0.381884 -0.384404 0.00362602 -0.0227545 0.0533857 -0.258013 -0.379534 -0.401093 0.00438972 -0.0277788 0.054079
-0.43237 -0.546296 -0.491726 0.0100625 -0.00543017 0.0282894 -0.386718 -0.548064 -0.498525 0.00822903 -0.008635 0.0306485
-0.544573 -0.680902 -0.560556 0.0202141 0.0250776 0.0220794 -0.500686 -0.680308 -0.558099 0.0213161 0.0266452 0.0236311
-0.0152802 -0.103614 -0.0569121 0.0130552 -0.00661346 -0.0153662 0.014369 -0.105721 -0.0896536 0.0120773 -0.00629153 -0.0162123
-0.17847 -0.372714 -0.223149 -0.00918774 -0.000533602 0.00407108 -0.140762 -0.390751 -0.239525 -0.00980806 -0.00116597 0.00366625
-0.50139 -0.635946 -0.543729 0.00525405 0.00194423 0.00212212 -0.457654 -0.634032 -0.545561 0.00332028 0.000512986 0.00301583
-0.309583 -0.378402 -0.298487 -0.032594 -0.0758842 0.0178288 -0.280994 -0.382848 -0.312372 -0.0313351 -0.0809126 0.017141
-0.241732 -0.401512 -0.226732 -0.000697366 -0.00159433 -0.00897633 -0.210049 -0.420282 -0.238582 3.85417e-05 -0.00137444 -0.00832069
-0.384449 -0.532655 -0.439448 0.0151624 -0.00439093 -0.00604323 -0.341421 -0.536626 -0.445195 0.0132702 -0.00293625 -0.00558021
0.158976 0.00504694 0.139413 0.0236927 0.0219897 -0.102938 0.186975 -0.016194 0.107461 0.0228793 0.0232152 -0.107066
0.0803081 -0.0430011 0.0410712 0.0474455 -0.0620089 0.0322873 0.108399 -0.0566734 0.0089041 0.0485884 -0.0653484 0.0332706
-0.0340307 -0.12471 -0.0926338 0.00702173 -0.00403265 0.00242206 -0.00430729 -0.12955 -0.122624 0.00681903 -0.00234271 0.00169563
-0.370562 -0.538366 -0.434141 -0.0373195 -0.0106977 -0.0749348 -0.324812 -0.549813 -0.439947 -0.0349485 -0.0104586 -0.0762994
0.122913 0.0359607 0.0821897 -0.045029 0.0552419 -0.049619 0.154212 0.0239454 0.0498128 -0.0458847 0.060251 -0.0521418
-0.298057 -0.372333 -0.306199 -0.00253905 -0.00315264 -0.00161889 -0.266275 -0.38162 -0.316993 -0.00155778 -0.00318472 -0.00205847
-0.107636 -0.217501 -0.219756 -0.0384286 0.0463051 -0.00261892 -0.0697219 -0.225803 -0.24049 -0.0368542 0.0482358 -0.00182507
0.0762764 -0.0330016 0.0340296 -0.00502425 0.00321544 0.00173901 0.101508 -0.0398595 -0.000514444 -0.0065866 0.00279729 0.00239424
-0.226671 -0.386705 -0.32313 0.046146 -0.0250409 0.0318239 -0.185245 -0.395073 -0.338554 0.043189 -0.0247989 0.0343992
-0.308262 -0.441278 -0.378169 0.00319037 0.0026079 -0.00515435 -0.267213 -0.446876 -0.391859 0.00290035 0.0013516 -0.00449444
0.000411599 -0.0854809 -0.0484521 -0.0885788 -0.042024 0.0567928 0.0300335 -0.0884794 -0.0787373 -0.0859883 -0.0466942 0.057962
-0.421543 -0.562981 -0.503415 0.00530416 -0.000698534 0.0154543 -0.376759 -0.563769 -0.510579 0.00589507 0.000206806 0.0159678
-0.051696 -0.149271 -0.200983 0.066886 -0.00434261 0.0614774 -0.014831 -0.151009 -0.22815 0.0620681 -0.00292465 0.0627255
-0.275416 -0.286432 -0.269412 -0.00396877 -0.00875074 -0.023322 -0.248867 -0.279864 -0.290384 -0.00152257 -0.00689965 -0.0221567
-0.149126 -0.251302 -0.0953304 -0.0140696 -0.0502544 0.0383709 -0.12351 -0.265193 -0.116455 -0.0116091 -0.0529017 0.0398097
-0.175501 -0.329451 -0.243685 0.0689375 0.0474756 0.0891589 -0.134388 -0.343119 -0.26025 0.0680791 0.0479144 0.0936857
-0.373338 -0.504916 -0.364221 0.00668071 -0.00781711 0.0115352 -0.337397 -0.519873 -0.36867 0.00432826 -0.00554139 0.0111765
-0.326083 -0.339749 -0.365338 0.0172296 -0.0159714 0.00644815 -0.296543 -0.324464 -0.387862 0.0186733 -0.0162432 0.00863486
-0.396159 -0.552573 -0.381331 0.00622031 0.00640891 0.00541199 -0.358131 -0.558565 -0.387099 0.00557931 0.00530139 0.00587861
-0.355454 -0.450485 -0.381745 0.016298 -0.0127834 -0.00830737 -0.318534 -0.452548 -0.391163 0.0125649 -0.0106518 -0.00596826
-0.0073053 -0.0806744 -0.0354001 0.0181772 0.0144017 0.00228645 0.0175444 -0.085266 -0.0685844 0.0183586 0.012484 0.000878125
-0.0126892 -0.159259 -0.0728648 -0.0403717 0.0309044 0.0624337 0.0228261 -0.172799 -0.100584 -0.0391165 0.0297276 0.0641443
0.0616947 0.0178188 0.0480994 0.0014704 0.0135515 0.00761913 0.0879292 0.00778646 0.0149326 0.00311542 0.0126981 0.00707285
-0.14261 -0.206456 -0.127464 -0.00344869 0.0142319 0.00021714 -0.117857 -0.214473 -0.150103 -0.00242611 0.0119098 0.000854306
-0.119113 -0.152235 -0.114429 -0.00179444 -0.0198042 0.0152964 -0.100511 -0.154956 -0.141025 0.000383889 -0.0213675 0.0135781
-0.0568369 -0.130023 -0.118532 0.0310247 -0.0315906 -0.0114996 -0.0222064 -0.133922 -0.1479 0.030974 -0.0346024 -0.0115558
-0.497842 -0.561373 -0.53644 0.0513096 -0.037474 -0.0279372 -0.457239 -0.551886 -0.543227 0.0502125 -0.0413412 -0.0280714
-0.0737432 -0.298005 -0.08319 0.0445214 -0.00480374 0.0668158 -0.032067 -0.331537 -0.0969448 0.041537 -0.00360701 0.0696408
-0.167493 -0.266917 -0.20716 0.077988 -0.0530335 0.0381456 -0.137484 -0.277385 -0.225588 0.0761297 -0.0580294 0.0404484
0.12761 0.0559831 0.117186 0.0269513 0.00579332 0.000736724 0.154012 0.044996 0.0836298 0.0315846 0.00452646 -0.000106111
-0.360631 -0.464801 -0.385653 0.0108025 -0.00119184 0.00812544 -0.328237 -0.462 -0.397154 0.0100751 -0.00177743 0.00806972
-0.303987 -0.372656 -0.363141 0.00972349 0.00559323 0.00608209 -0.270713 -0.367532 -0.380168 0.00773639 0.00368924 0.00805535
-0.00962276 -0.235298 -0.00920568 0.0173935 0.0192983 0.00495043 0.0254506 -0.265714 -0.029767 0.0170045 0.0168205 0.00652292
-0.275364 -0.304912 -0.288814 -0.00202941 0.00650208 -0.00579062 -0.248308 -0.307356 -0.306813 -4.28472e-05 0.00520604 -0.00652958
-0.1163 -0.176812 -0.154906 -0.00307374 0.000574736 0.00933248 -0.090319 -0.179714 -0.180752 -0.00501743 -4.15278e-05 0.0104561
-0.511078 -0.65927 -0.54829 0.0285658 0.00938679 0.0299803 -0.464373 -0.662697 -0.545217 0.0287902 0.0125233 0.0293326
-0.121699 -0.280148 -0.212993 0.00152388 0.00157172 -0.0905862 -0.0816555 -0.291705 -0.236156 0.00188132 0.00588181 -0.0937326
-0.172058 -0.292555 -0.159416 0.0185283 -0.0196403 -0.00645285 -0.143093 -0.303357 -0.180387 0.0176338 -0.0175351 -0.00584743
-0.292016 -0.483283 -0.269651 0.0130019 -0.00593485 -0.0313485 -0.257057 -0.49765 -0.280648 0.0128083 -0.00555847 -0.0321153
-0.221591 -0.434915 -0.329293 0.00135598 0.00257078 0.0111041 -0.176112 -0.454072 -0.341122 0.00246097 0.00105097 0.0134483
-0.391275 -0.533543 -0.460888 0.0101318 -0.0101198 0.0508331 -0.349889 -0.534146 -0.470198 0.00943403 -0.0125494 0.0535921
0.0146998 -0.221327 -0.0249712 0.000433261 0.0137917 -0.0251317 0.0495122 -0.255463 -0.045566 -0.000236319 0.0122717 -0.0240315
0.0238182 -0.0291778 -0.0138852 -0.00602545 0.00439018 0.00982902 0.0511065 -0.0404415 -0.0425703 -0.00245875 0.00496125 0.0088359
0.0972874 0.0323632 0.108388 0.0836032 0.0412653 0.00809594 0.119965 0.021308 0.0742631 0.082259 0.0457574 0.00782333
-0.234555 -0.2751 -0.224034 -0.0129977 0.0148381 -0.0452333 -0.207474 -0.281193 -0.242576 -0.0142817 0.0160045 -0.0456386
-0.191263 -0.297238 -0.231779 0.0101614 -0.00484198 0.0143102 -0.176147 -0.297618 -0.260166 0.0131067 -0.00405333 0.0164884
-0.31251 -0.390751 -0.408444 -9.91341e-08 5.36028e-08 -8.50608e-08 -0.274497 -0.38048 -0.417017 -0 1.38889e-07 0
-0.234605 -0.309006 -0.303083 0.0212531 -0.0101009 -0.00371013 -0.219651 -0.307171 -0.337249 0.0239269 -0.0117911 -0.00176681
-0.203554 -0.266508 -0.312092 -0.00944174 0.00267645 0.00274004 -0.186542 -0.277596 -0.340925 -0.00820576 0.00274896 0.000626111
-0.212808 -0.261677 -0.264582 -0.0190007 -0.0147928 0.0102659 -0.196494 -0.263894 -0.292341 -0.0190115 -0.0144542 0.0110094
-0.206158 -0.274155 -0.259543 0.00169481 0.00444464 0.00105072 -0.190864 -0.283198 -0.288391 0.00128187 0.0052725 0.00579118
-0.232741 -0.301831 -0.276907 -0.000772573 -0.0036747 -0.0138096 -0.219478 -0.304672 -0.305419 0.00362299 0.000412153 -0.0112272
-0.227836 -0.27028 -0.243905 0.00233118 -0.0250944 -0.0117438 -0.210631 -0.276771 -0.269011 0.0018291 -0.0238985 -0.0116871
-0.189247 -0.256689 -0.273495 0.00987129 0.0148655 -0.00269284 -0.171012 -0.255465 -0.301201 0.00504681 0.0127065 -0.00310132
-0.210297 -0.262182 -0.318543 0.00560627 -0.0139166 0.00293175 -0.197916 -0.264343 -0.34728 0.00539361 -0.0143686 0.00178833
-0.194871 -0.28882 -0.350634 0.00517015 -0.0127135 -0.0049498 -0.187917 -0.292949 -0.377494 0.0111023 -0.0138624 -0.00232625
-0.196752 -0.253164 -0.260143 -0.00506024 0.00946626 -0.00159157 -0.180278 -0.253472 -0.291259 -0.00672299 0.00612354 -0.00152528
-0.177223 -0.254846 -0.327645 0.0101042 0.0105092 0.00530975 -0.174172 -0.256452 -0.352421 0.0123385 0.00781715 0.010284
-0.189147 -0.245986 -0.254604 0.00577936 -0.0024775 -0.00224454 -0.18662 -0.243891 -0.291555 0.00793528 -0.00273597 0.000502292
-0.194686 -0.268472 -0.273569 -0.000125839 0.0013336 -0.00609378 -0.178883 -0.273033 -0.300762 -0.000380347 0.0010925 -0.00281403
-0.193976 -0.272238 -0.265691 0.019732 0.00156469 0.00872353 -0.178773 -0.281629 -0.295202 0.0198287 0.00285882 0.0055309
-0.22956 -0.27627 -0.267113 0.00239479 -0.0257063 -0.01531 -0.209486 -0.282109 -0.289272 0.00334361 -0.0245706 -0.0173989
-0.193196 -0.280859 -0.323754 0.0289341 0.00715263 -0.0038076 -0.175619 -0.283622 -0.354468 0.0278992 0.00737215 -0.00380639
-0.217403 -0.297429 -0.346079 -0.00221204 -0.0168872 -0.0106087 -0.201933 -0.295763 -0.37262 -0.00329181 -0.0172426 -0.0128438
-0.144117 -0.222903 -0.215322 0.0162252 0.0148252 0.0291686 -0.137925 -0.228513 -0.246299 0.0157413 0.0110335 0.0321876
-0.287522 -0.363905 -0.356109 0.00647127 0.0172636 0.00954322 -0.254825 -0.350103 -0.376778 0.005155 0.0153434 0.0080241
-0.196656 -0.27247 -0.271785 0.002584 -0.0022396 -0.00521209 -0.180099 -0.275841 -0.298434 0.00128285 -0.00328917 -0.00227069
-0.218735 -0.293634 -0.370342 -0.0150107 0.0124645 0.023452 -0.202924 -0.291987 -0.399575 -0.0155097 0.0106433 0.0216949
-0.208105 -0.269877 -0.301937 -0.00100847 0.0123302 0.0193112 -0.194435 -0.279027 -0.330683 -0.00676028 0.0123918 0.0220588
-0.273831 -0.33705 -0.312795 0.00891483 0.0161905 0.0131494 -0.248205 -0.325678 -0.34097 0.00859583 0.0142485 0.0117389
-0.213274 -0.256946 -0.26406 0.0100367 -0.0171803 0.0211773 -0.197778 -0.261799 -0.291827 0.00958924 -0.0184567 0.0259695
-0.210319 -0.297171 -0.367233 -0.017677 0.00798658 0.0152418 -0.194625 -0.295693 -0.394777 -0.0187899 0.00575181 0.0127681
-0.142286 -0.236698 -0.205041 -0.000690252 0.0232349 0.029482 -0.133842 -0.245057 -0.234704 -0.00177882 0.0186575 0.0333291
-0.238089 -0.284696 -0.356888 0.000626207 -0.0113902 -0.00373302 -0.224688 -0.286769 -0.387059 0.000150764 -0.0103013 -0.002605
-0.201625 -0.270133 -0.28161 0.00131294 -0.00889125 0.00269839 -0.181885 -0.278956 -0.305061 0.00290035 -0.00834007 -6.30556e-05
-0.682919 -0.623685 -0.629679 -0.0239695 0.0131556 -0.022288 -0.67748 -0.611733 -0.618176 -0.0283499 0.0107201 -0.019475
-0.68703 -0.606197 -0.610864 -0.023227 -0.00744115 0.00346145 -0.679204 -0.597868 -0.59587 -0.0261142 -0.00772292 0.0014116
-0.709323 -0.635212 -0.582436 0.0108745 0.00126073 0.0125313 -0.710618 -0.610368 -0.568577 0.0091575 0.00322153 0.0107278
-0.683385 -0.594835 -0.57357 -0.0275925 0.015999 0.0030127 -0.679869 -0.581769 -0.558345 -0.0265681 0.0140817 0.00739222
-0.677333 -0.622816 -0.632865 -0.0203464 0.0139046 -0.000891738 -0.668416 -0.618655 -0.613813 -0.027576 0.00989569 -0.00344396
-0.683559 -0.631277 -0.614722 -0.0145816 -0.00337156 0.0326282 -0.675944 -0.616647 -0.594889 -0.0205132 -0.00656507 0.0349037
-0.69572 -0.614827 -0.605256 -0.00979023 0.000105716 -0.0122449 -0.694171 -0.596919 -0.59215 -0.0125719 0.00260174 -0.0118626
-0.711033 -0.623379 -0.629225 -0.00900123 0.0128165 0.0186937 -0.697654 -0.609027 -0.612274 -0.0116827 0.013649 0.0167468
-0.700464 -0.632078 -0.629036 -0.0190142 -0.00361069 -0.00597529 -0.703026 -0.6251 -0.600548 -0.023921 -0.0065184 -0.00392451
-0.730477 -0.694607 -0.628323 -0.0385646 0.00798907 -0.0199761 -0.722456 -0.670312 -0.610704 -0.0430708 0.00679278 -0.0188981
-0.678581 -0.611697 -0.610053 -0.0241334 0.00272973 -0.0016712 -0.676952 -0.592176 -0.597583 -0.0276276 0.00425549 -0.00468431
-0.682238 -0.610355 -0.588193 -0.0257105 0.00684645 -0.000931001 -0.677394 -0.589104 -0.573855 -0.0286078 0.00783486 -0.00395229
-0.665282 -0.641711 -0.63729 -0.0232158 0.0222468 -0.0135954 -0.659219 -0.628064 -0.623843 -0.0259999 0.020001 -0.0146649
-0.725646 -0.641894 -0.620846 -0.0413374 -0.00652893 -0.00228811 -0.723403 -0.624381 -0.603234 -0.0444639 -0.0111731 -0.00665222
-0.700471 -0.611031 -0.62613 -0.00984078 -0.0129599 0.0030781 -0.700793 -0.608878 -0.600475 -0.00928924 -0.0145193 0.00816056
-0.694236 -0.638248 -0.626355 -0.00844469 0.0139542 0.0149492 -0.685253 -0.631437 -0.608274 -0.0156993 0.00916139 0.0162626
-0.703124 -0.623443 -0.613656 -0.0259951 0.0156393 -0.0257483 -0.700297 -0.612487 -0.591632 -0.0226781 0.0143684 -0.0206979
-0.705834 -0.616338 -0.618121 -0.0180248 0.0107814 -0.0148487 -0.704195 -0.607955 -0.595483 -0.0150687 0.00945785 -0.0103487
-0.683472 -0.653392 -0.599106 -0.0419665 0.00974227 -0.0193216 -0.685784 -0.632112 -0.579659 -0.0420783 0.00987257 -0.0177658
-0.728043 -0.666873 -0.614864 -0.0267529 0.0164111 -0.00565787 -0.722596 -0.649394 -0.595699 -0.0312925 0.0171399 -0.00312597
-0.676791 -0.607149 -0.601044 -0.0260333 0.00515179 0.00142163 -0.673839 -0.585926 -0.587958 -0.0291178 0.00578014 -0.00163722
-0.685601 -0.602881 -0.624014 -0.016782 -0.0231914 0.00388915 -0.687048 -0.601714 -0.597452 -0.0190073 -0.0254126 0.00803576
-0.680231 -0.594773 -0.605539 -0.0178051 -0.00363095 -0.00969623 -0.674267 -0.583514 -0.594456 -0.0191474 -0.00029875 -0.0113515
-0.690072 -0.619183 -0.578555 -0.0305051 0.0214754 -0.0363176 -0.682398 -0.603807 -0.557381 -0.0291683 0.0216388 -0.0331466
-0.695309 -0.670051 -0.62979 -0.0132579 0.00455999 0.0207405 -0.687037 -0.653215 -0.608431 -0.0154212 0.00654451 0.0201566
-0.688716 -0.624326 -0.593816 -0.0177924 0.00298529 -0.0159415 -0.692343 -0.599889 -0.578092 -0.0166471 0.00231167 -0.0144087
-0.677965 -0.633504 -0.619369 -0.0176265 -0.016353 0.0251935 -0.672935 -0.6136 -0.600792 -0.0226908 -0.0169018 0.0282917
-0.72224 -0.593808 -0.60788 -0.00977048 0.00681899 -0.00747571 -0.718123 -0.581935 -0.593712 -0.00928444 0.00772556 -0.00436993
-0.645523 -0.611825 -0.549532 -0.0652745 0.0120825 0.00235562 -0.644041 -0.592456 -0.536503 -0.066366 0.00992361 -0.00438708
-0.668133 -0.633451 -0.585819 -0.0142432 0.00588704 0.0279255 -0.670432 -0.61532 -0.572283 -0.0132434 0.00447917 0.0274198
-0.699948 -0.605403 -0.584827 -0.0237915 0.0173695 0.0205835 -0.7192 -0.593459 -0.570303 -0.0201297 0.0221301 0.0219307
-0.729747 -0.652913 -0.644895 0.00212072 0.0155866 0.0118134 -0.736746 -0.636726 -0.635098 -0.000390694 0.028969 0.017173
-0.748134 -0.690835 -0.656346 -0.0272549 0.00319706 0.034949 -0.752594 -0.671583 -0.643151 -0.026106 0.0090184 0.0366753
-0.752574 -0.687409 -0.656406 -0.019188 0.018989 0.0121002 -0.761355 -0.664222 -0.635479 -0.0206567 0.0238099 0.0218144
-0.733803 -0.638129 -0.638075 -0.0340856 -0.0224614 0.0479648 -0.735861 -0.609535 -0.617908 -0.0297104 -0.0189215 0.0467056
-0.742917 -0.626722 -0.598278 -0.0126502 -0.0277776 0.00871008 -0.736676 -0.611149 -0.580265 -0.0263183 -0.0196427 0.00907028
-0.694539 -0.568114 -0.633068 -0.00917266 0.00805097 0.00920066 -0.702267 -0.554655 -0.616394 -0.0108478 0.0219565 0.0175299
-0.763984 -0.656077 -0.618239 -0.0065665 0.0189707 0.0308637 -0.770351 -0.637575 -0.604336 -0.00859951 0.0222244 0.0310225
-0.783316 -0.641688 -0.670422 0.00531845 -0.0130223 0.0198309 -0.778134 -0.620949 -0.651625 0.00359618 -0.0078734 0.023085
-0.752316 -0.671713 -0.629216 -0.0136283 -0.016455 0.0316948 -0.75169 -0.655852 -0.605623 -0.0122942 -0.00403806 0.0311328
-0.744861 -0.682433 -0.624486 -0.0223799 0.0141452 0.0448522 -0.750263 -0.661393 -0.610359 -0.0218931 0.0175969 0.0448646
-0.763511 -0.682109 -0.666974 0.00578142 0.0363372 0.0245449 -0.759838 -0.653088 -0.64283 -0.00327521 0.0356854 0.0287258
-0.788843 -0.716359 -0.692836 -0.0290772 -0.00401545 0.00209847 -0.78986 -0.689219 -0.67777 -0.0296348 0.00338604 0.00466222
-0.757243 -0.625623 -0.627425 -0.0120672 0.00767854 0.0251166 -0.763394 -0.611368 -0.619753 -0.0127058 0.00780493 0.0296437
-0.703873 -0.60751 -0.566397 -0.00232512 0.0119709 0.00967745 -0.721463 -0.595319 -0.55657 0.00493104 0.0154742 0.0133328
-0.738452 -0.660464 -0.598161 -0.0108091 0.0267833 0.005437 -0.744516 -0.64688 -0.582959 -0.00538076 0.0326675 0.0104495
-0.752486 -0.702714 -0.657217 -0.0160668 0.0357915 0.0264931 -0.749135 -0.684853 -0.640818 -0.0203217 0.038369 0.0307452
-0.720711 -0.601388 -0.598742 -0.0325982 -0.0168708 0.0236542 -0.733171 -0.589298 -0.581074 -0.0256161 -0.00937319 0.026945
-0.763719 -0.669556 -0.649733 -0.000946814 -0.000261285 -0.0114223 -0.77309 -0.653798 -0.632084 0.00221667 0.00283625 -0.00254306
-0.811898 -0.720779 -0.710445 -0.0180246 0.0466026 -0.00717216 -0.816915 -0.698342 -0.686494 -0.0256525 0.0465103 -0.00194437
-0.719898 -0.609183 -0.67052 -0.0219071 0.00794891 0.00971033 -0.723535 -0.594067 -0.655898 -0.0250138 0.0120697 0.00872215
-0.741911 -0.639483 -0.638439 0.00910738 0.0216656 0.0177657 -0.745328 -0.613521 -0.624637 0.00475743 0.0205135 0.0213575
-0.685542 -0.562682 -0.570466 0.00704153 -0.00952842 0.0217627 -0.695088 -0.548465 -0.54938 0.00362486 0.00386924 0.0262964
-0.701267 -0.638153 -0.612254 -0.0148663 0.00619775 0.00287609 -0.706171 -0.620229 -0.59028 -0.0206453 0.0155228 0.0144494
-0.711182 -0.629979 -0.577053 0.00294618 -0.000932026 -0.000853533 -0.725816 -0.614928 -0.566076 0.00978521 0.00241417 0.00444632
-0.69427 -0.59558 -0.576864 -0.0342604 -0.000575477 0.0440832 -0.696734 -0.574897 -0.567712 -0.0318328 0.00693382 0.0429478
-0.711194 -0.633769 -0.611092 -0.0285924 -0.00421555 0.0153074 -0.716214 -0.613484 -0.596198 -0.0301158 0.00596875 0.0227988
-0.689428 -0.598889 -0.544264 -0.0422454 4.77289e-05 0.0249187 -0.689831 -0.57984 -0.528617 -0.0442502 0.00734639 0.0217701
-0.742548 -0.632739 -0.639508 -0.0111051 0.0171504 0.00617041 -0.746682 -0.61719 -0.613798 -0.010851 0.0217499 0.0112685
-0.692574 -0.622492 -0.626329 -0.0377223 0.0146187 0.010034 -0.697358 -0.602233 -0.603531 -0.0435053 0.0226318 0.0195865
-0.685707 -0.647394 -0.650646 0.00628731 -0.00869309 -0.0335398 -0.67696 -0.635302 -0.630761 0.00354618 -0.0112279 -0.0332683
-0.674329 -0.62569 -0.553969 -0.0362595 -0.0239976 -0.0257281 -0.669603 -0.617011 -0.546311 -0.0352984 -0.0256628 -0.0266224
-0.684543 -0.645932 -0.618845 -0.0116835 -0.0219407 -0.0350629 -0.682616 -0.628562 -0.603849 -0.00790562 -0.0230876 -0.0441642
-0.654916 -0.610643 -0.585872 -0.00041247 -0.0252986 -0.0337917 -0.649897 -0.604039 -0.572903 -0.0044666 -0.0272487 -0.0350249
-0.636194 -0.609064 -0.555654 0.00237811 -0.050394 -0.0351651 -0.627628 -0.595625 -0.543838 0.00294431 -0.0512689 -0.0407358
-0.642229 -0.577038 -0.587743 -0.012987 -0.0206067 -0.0426037 -0.638249 -0.568211 -0.574085 -0.0130795 -0.0273801 -0.0504271
-0.703097 -0.636294 -0.597035 -0.0122644 -0.0315908 -0.0112141 -0.70306 -0.616563 -0.5859 -0.0130033 -0.0296971 -0.0089684
-0.658187 -0.610596 -0.650514 -0.00407544 -0.0301899 -0.0358056 -0.655276 -0.603174 -0.629999 -0.00862118 -0.0270707 -0.0395325
-0.649853 -0.601353 -0.606817 -0.0214333 -0.00930406 -0.00493402 -0.653295 -0.589052 -0.589118 -0.0168769 -0.0133538 -0.00999389
-0.645097 -0.602674 -0.606921 -0.0193671 -0.00797453 -0.0193198 -0.647278 -0.590998 -0.58897 -0.013348 -0.0133222 -0.0260323
-0.626438 -0.573916 -0.596777 -0.0071662 -0.00927125 -0.0225657 -0.622361 -0.569362 -0.584733 -0.0101114 -0.0137802 -0.0312803
-0.694485 -0.660965 -0.660084 -0.0355146 -0.0233974 -0.00319242 -0.691348 -0.644438 -0.641127 -0.0367097 -0.0238697 -0.00564562
-0.637199 -0.59118 -0.603511 -0.0109641 -0.0348382 -0.00957902 -0.633926 -0.588412 -0.587646 -0.0135662 -0.0379139 -0.00897062
-0.672617 -0.633087 -0.586426 0.00648528 -0.025818 -0.00792022 -0.66237 -0.621551 -0.573005 0.0061475 -0.0281185 -0.0105642
-0.661188 -0.649407 -0.598277 -0.0147275 -0.0175293 -0.0106607 -0.66546 -0.629157 -0.58675 -0.0151208 -0.0185475 -0.0121862
-0.6308 -0.596442 -0.595379 -0.0152155 -0.0221179 -0.0347951 -0.623207 -0.58976 -0.583477 -0.0210642 -0.0245323 -0.0389185
-0.692733 -0.643475 -0.614209 -0.000408043 -0.0296361 -0.00453739 -0.677852 -0.630859 -0.596308 -0.00338944 -0.033464 -0.00689368
-0.641171 -0.581243 -0.594577 -0.0363601 -0.000394191 -0.0219615 -0.63146 -0.57578 -0.585545 -0.0378608 -0.00474993 -0.0242244
-0.698388 -0.687797 -0.637224 -0.0216431 -0.00906448 -0.0198656 -0.692071 -0.660464 -0.62074 -0.0185013 -0.0137492 -0.0227062
-0.624216 -0.567391 -0.59307 -0.0322859 -0.00216013 -0.0127267 -0.615966 -0.564158 -0.583577 -0.0345317 -0.0072984 -0.017177
-0.683714 -0.62696 -0.642337 -0.0274573 -0.0291623 -0.04258 -0.672986 -0.620029 -0.622603 -0.028596 -0.0322276 -0.0461567
-0.640965 -0.58534 -0.59552 -0.0106628 -0.0329029 -0.0156435 -0.637326 -0.581498 -0.578423 -0.0118644 -0.0367583 -0.0168652
-0.658679 -0.627028 -0.602457 0.0207393 0.0104251 -0.0362118 -0.657804 -0.605606 -0.587036 0.0198306 0.00551861 -0.0417209
-0.653093 -0.636366 -0.571099 -0.0103813 0.00489383 -0.0553644 -0.656272 -0.620163 -0.557259 -0.012519 -0.000685069 -0.0618962
-0.686183 -0.655432 -0.558947 0.0103474 0.00545999 -0.0634808 -0.684689 -0.634421 -0.5471 0.0099991 0.000370903 -0.0635195
-0.689528 -0.647248 -0.599283 -0.0294352 -0.0235771 -0.048309 -0.687085 -0.634872 -0.586455 -0.0284946 -0.0220037 -0.048286
-0.619035 -0.56676 -0.590708 -0.0217028 -0.00405919 -0.01343 -0.612335 -0.563221 -0.580051 -0.0242188 -0.00931924 -0.0199641
-0.653345 -0.612835 -0.628013 -0.0105545 -0.0405436 -0.0319797 -0.647996 -0.605928 -0.606125 -0.0157646 -0.0401872 -0.0382739
-0.66846 -0.607408 -0.5787 -0.00494806 -0.0179646 -0.0120069 -0.66336 -0.592419 -0.562809 -0.00821847 -0.0224098 -0.0144819
-0.678039 -0.651543 -0.58969 -3.13338e-05 0.000567262 -0.0272756 -0.672572 -0.635668 -0.5721 -0.00161931 -0.00350785 -0.0338617
-0.648566 -0.620029 -0.548734 -0.0140389 -0.00769844 0.026591 -0.643303 -0.627601 -0.53822 -0.0151622 -0.00593201 0.0301025
-0.62284 -0.561522 -0.549291 0.0513697 -0.016014 -0.0217998 -0.627771 -0.562728 -0.525214 0.0550654 -0.0238504 -0.0225262
-0.647587 -0.60439 -0.574699 0.0260994 0.0116288 0.0180666 -0.645141 -0.606427 -0.562265 0.0214372 0.00594965 0.0204335
-0.649934 -0.56816 -0.611859 0.0117693 0.0131819 0.0256825 -0.650175 -0.575064 -0.593395 0.0142581 0.0161674 0.0277918
-0.655053 -0.620135 -0.525668 -0.0181724 0.00893725 -0.00707687 -0.649002 -0.609634 -0.521813 -0.0211349 0.0113508 -0.00496972
-0.597554 -0.539996 -0.568748 -0.0141071 0.0288065 0.00473312 -0.598642 -0.542244 -0.554625 -0.0065175 0.0207272 0.0121318
-0.618171 -0.597254 -0.585203 0.0012335 0.0100611 0.0218273 -0.603373 -0.588398 -0.574992 0.000169097 0.0100755 0.0183074
-0.647399 -0.60109 -0.576996 0.0273549 0.0136105 0.0335852 -0.642487 -0.604446 -0.5607 0.0232516 0.00776354 0.0331802
-0.679476 -0.655727 -0.617263 -0.0017047 0.0163993 -0.000707379 -0.675968 -0.65568 -0.596625 -0.00603625 0.0145265 -0.00352188
-0.630259 -0.594311 -0.570884 0.0256727 0.00374215 0.0339359 -0.630288 -0.592116 -0.559345 0.0179608 0.00385556 0.0376544
-0.671054 -0.622757 -0.62524 -0.00722391 0.0139296 0.015528 -0.670371 -0.626816 -0.604441 -0.00676944 0.0188841 0.0158015
-0.643501 -0.591468 -0.581158 0.0125647 -0.0142707 -0.00411711 -0.641627 -0.590824 -0.563155 0.0176606 -0.0100091 0.00199667
-0.643885 -0.613763 -0.585709 0.0219438 0.0359295 0.0285189 -0.641399 -0.611862 -0.581594 0.0223619 0.0268856 0.0312087
-0.573606 -0.578547 -0.522315 0.0148134 0.0219037 0.0474176 -0.568938 -0.578433 -0.511412 0.0126103 0.0281198 0.0493278
-0.651904 -0.632562 -0.581735 0.0247976 -0.028647 0.0417513 -0.644139 -0.628759 -0.562005 0.0268459 -0.0266933 0.0426033
-0.683708 -0.677319 -0.625191 -0.00185424 0.00262904 0.0211414 -0.679505 -0.674097 -0.611095 -0.00158444 0.00197194 0.0169526
-0.628297 -0.626521 -0.563587 -0.00659789 -0.0031648 0.0134453 -0.616831 -0.629043 -0.551915 -0.00772222 0.000740903 0.016966
-0.63856 -0.616055 -0.610124 0.00923033 -0.0138599 0.0368353 -0.637262 -0.618312 -0.597385 0.00397257 -0.0152099 0.0357851
-0.616049 -0.628345 -0.585014 0.0201871 -0.0012552 0.00431545 -0.606145 -0.628536 -0.565417 0.0168758 -0.00762778 0.00296514
-0.644303 -0.574952 -0.585708 0.0104283 -0.00845497 0.0325649 -0.650222 -0.573216 -0.565314 0.0165849 -0.0123996 0.0305238
-0.633545 -0.612646 -0.592815 -0.00646012 -0.00398499 0.0342851 -0.627329 -0.613546 -0.585634 -0.00887812 -0.00544354 0.0302887
-0.598777 -0.530345 -0.569561 0.00672118 0.036634 -0.00467096 -0.598522 -0.534903 -0.553674 0.0107597 0.0279585 0.000618403
-0.649724 -0.637975 -0.516954 -0.00696054 -0.00681594 0.00807634 -0.647463 -0.619285 -0.499774 -0.00418875 -0.00702417 0.0101974
-0.663371 -0.619342 -0.61323 -0.0210794 -0.00964557 0.0231205 -0.660867 -0.617364 -0.586762 -0.0230247 -0.0081159 0.0196308
-0.65675 -0.630077 -0.586556 0.0244804 -0.0158327 0.0523462 -0.651262 -0.627489 -0.568193 0.0268594 -0.0151513 0.0544297
-0.62585 -0.642383 -0.618886 0.0108185 -0.0113046 -9.8172e-05 -0.616405 -0.637658 -0.602507 0.00872264 -0.014076 -0.00151292
-0.671786 -0.617035 -0.589541 -0.00258839 -0.00979376 0.0158334 -0.668418 -0.610136 -0.565382 -0.00302806 -0.00908917 0.0117175
-0.64801 -0.616708 -0.612427 -0.030525 -0.0048821 0.0245624 -0.646357 -0.620436 -0.587451 -0.0332914 -0.00167069 0.0228843
-0.644197 -0.607927 -0.599171 0.0196569 -0.0204073 0.0236569 -0.646577 -0.599149 -0.5813 0.0244596 -0.0215127 0.0213461
-0.665054 -0.622 -0.584659 0.0171169 0.0178808 0.00508837 -0.652732 -0.616121 -0.577214 0.0158651 0.0168823 0.00383493
-0.556696 -0.561702 -0.483885 -0.00601083 0.00272787 -0.00310287 -0.562521 -0.559431 -0.463445 -0.0109122 0.00464771 -0.000392083
-0.626316 -0.540094 -0.565608 0.00129121 -0.00262784 -0.00680045 -0.62424 -0.537546 -0.53905 0.000712153 -0.00324264 -0.00588062
-0.566065 -0.499777 -0.474498 -0.00401672 -0.0102201 -0.0075088 -0.584329 -0.502348 -0.462073 -0.00989597 -0.0105214 -0.0139472
-0.595178 -0.515833 -0.494482 0.00441287 -0.0244857 0.00932213 -0.601483 -0.519273 -0.469276 -0.000873125 -0.0176998 0.0105258
-0.636993 -0.559664 -0.540008 -0.0424109 -0.0181414 0.0108968 -0.637841 -0.561691 -0.526521 -0.0385426 -0.0236955 0.0185077
-0.608252 -0.565583 -0.548167 -0.0165966 0.00108354 0.00609854 -0.602705 -0.567621 -0.529792 -0.0186531 0.00323819 0.00870514
-0.646685 -0.601887 -0.578226 -0.0209104 0.00700017 0.0230378 -0.64074 -0.602918 -0.548774 -0.0202087 0.00146444 0.0270893
-0.580203 -0.578828 -0.509239 -0.0170978 0.0128417 -0.0158918 -0.580186 -0.58296 -0.496724 -0.0128666 0.0110096 -0.0113953
-0.617284 -0.550585 -0.524909 -0.0383229 0.00401277 0.0230159 -0.612782 -0.550992 -0.512954 -0.0403335 0.00251431 0.0245237
-0.630075 -0.553042 -0.539302 -0.0471049 -0.0290421 0.00743642 -0.630686 -0.558261 -0.524082 -0.0414124 -0.034041 0.0136535
-0.613674 -0.581223 -0.477228 -0.0319686 0.0187323 0.0194738 -0.617581 -0.584252 -0.467486 -0.0341431 0.0132837 0.0171612
-0.58039 -0.51889 -0.506863 -0.0312136 0.0220549 -0.0130684 -0.581111 -0.511072 -0.493441 -0.0287553 0.0172348 -0.0120967
-0.553568 -0.550021 -0.466188 -0.00501043 0.00932528 -0.0227755 -0.561821 -0.552527 -0.457924 -0.00603604 0.0104815 -0.0189371
-0.643551 -0.57913 -0.491696 -0.0127256 0.00111164 0.0205168 -0.645769 -0.573712 -0.477813 -0.019523 -0.00236431 0.0191401
-0.574228 -0.586272 -0.501874 -0.0149666 0.00257592 -0.0293428 -0.576683 -0.589361 -0.487122 -0.0132657 0.00366701 -0.0244353
-0.613604 -0.530736 -0.462013 0.00378482 0.00735228 0.000687639 -0.618667 -0.532597 -0.440788 0.00570444 0.00551139 0.00331715
-0.567364 -0.523864 -0.50376 -0.0287791 -0.0171193 -0.006985 -0.57274 -0.530257 -0.487529 -0.0265333 -0.0242797 -0.00209882
-0.550036 -0.517027 -0.466938 -0.0327812 -0.00183765 0.00678582 -0.559992 -0.524117 -0.449973 -0.032406 -0.00834701 0.0138164
-0.625285 -0.578717 -0.518469 -0.0107307 -0.0321667 0.00569404 -0.625657 -0.568962 -0.502996 -0.0124177 -0.0316388 0.00297486
-0.598019 -0.545896 -0.507815 -0.00635474 0.00605609 -0.00236114 -0.590007 -0.553521 -0.486736 -0.00795313 0.00781896 0.000771181
-0.653622 -0.559448 -0.567145 0.0117754 0.00121222 -0.00427657 -0.654463 -0.553392 -0.541638 0.0107726 -0.00123868 -0.00717451
-0.662953 -0.560506 -0.565647 0.0069005 0.00648544 0.00177544 -0.6664 -0.554472 -0.542144 0.00617903 0.00330507 -0.00272549
-0.609866 -0.573559 -0.481035 -0.01229 -0.0164344 0.0203121 -0.608294 -0.576011 -0.458081 -0.00850979 -0.0140362 0.0230306
-0.590191 -0.53165 -0.515138 -0.0306363 -0.0259648 -0.0205023 -0.593042 -0.539128 -0.498969 -0.0263642 -0.03262 -0.0167908
-0.581595 -0.539502 -0.475338 0.000554156 -0.00450768 -0.0321805 -0.595011 -0.53669 -0.457757 -0.00568687 -0.00660722 -0.0313718
-0.640187 -0.590714 -0.577157 -0.0100912 0.0168571 0.0131095 -0.638025 -0.590526 -0.549494 -0.0118703 0.0122376 0.0174724
-0.627717 -0.571432 -0.527025 -0.0166602 0.0118481 0.010125 -0.625908 -0.56597 -0.507996 -0.0196905 0.0151145 0.0137939
-0.614874 -0.540426 -0.524361 -0.0365091 -0.0365517 -0.023248 -0.615884 -0.550009 -0.50872 -0.030569 -0.0423667 -0.0199051
-0.61488 -0.568032 -0.536662 -0.0173654 -0.0157597 0.00519065 -0.616533 -0.562783 -0.516308 -0.0155769 -0.0167989 0.00115535
-0.617537 -0.596929 -0.511328 -0.00564682 -0.00718695 -0.00849775 -0.619035 -0.585595 -0.496295 -0.0062216 -0.00940417 -0.014451
-0.598884 -0.646693 -0.698624 -0.0123885 -0.0386463 0.0255871 -0.6043 -0.660363 -0.727093 -0.0128114 -0.0432761 0.035211
-0.588043 -0.575924 -0.641777 0.0125443 0.00478408 0.00611508 -0.604473 -0.596559 -0.676838 0.0119062 0.00691774 0.0193704
-0.626299 -0.598032 -0.631516 -0.0334461 0.010305 0.016352 -0.644548 -0.620253 -0.669022 -0.0429799 0.0229367 0.0147141
-0.547727 -0.624092 -0.566831 0.00882283 0.00520593 -0.0327734 -0.577061 -0.642972 -0.611299 0.00435488 0.00137214 -0.0210871
-0.574764 -0.440184 -0.670958 -0.0104159 0.0250404 -0.00293638 -0.566258 -0.497861 -0.7191 -0.00511423 0.0374184 0.00648649
-0.569364 -0.520849 -0.644688 0.0101248 0.0103302 -0.000378049 -0.576599 -0.550679 -0.689582 0.00413851 0.0141624 0.00138054
-0.659058 -0.69022 -0.680376 -0.0553934 0.000140922 0.0593179 -0.662329 -0.702032 -0.686493 -0.0707805 -0.0099794 0.0665199
-0.604524 -0.557615 -0.619088 -0.0251285 -0.0248208 0.0151068 -0.632929 -0.558702 -0.64266 -0.0301656 -0.0278415 0.0107089
-0.581122 -0.618165 -0.584909 -0.0558349 -0.000409825 0.0468546 -0.581625 -0.631829 -0.594352 -0.071093 -0.00462387 0.0599643
-0.688185 -0.657133 -0.648408 8.19038e-05 -0.0107499 0.04504 -0.716922 -0.683779 -0.689909 -0.000651071 -0.0136333 0.0517426
-0.61601 -0.587388 -0.645888 -0.0402257 -0.0249763 0.0449983 -0.645789 -0.61749 -0.655698 -0.0495131 -0.0338923 0.0347991
-0.568582 -0.575133 -0.704459 0.0170712 -0.0231079 0.0111595 -0.567918 -0.606562 -0.734108 0.0116204 -0.0141015 0.0152381
-0.516045 -0.566698 -0.608867 -0.00804433 0.0123927 0.0231187 -0.544496 -0.602327 -0.659174 -0.0249352 0.0126977 0.0299437
-0.625412 -0.561788 -0.633947 0.00658607 0.00320214 0.0412277 -0.655466 -0.586847 -0.663504 -0.00774506 0.00872952 0.029951
-0.699545 -0.551991 -0.829742 -0.00684935 -0.0164537 0.0096763 -0.664632 -0.581896 -0.855801 -0.00797429 -0.00866298 0.0116635
-0.303213 -0.191032 -0.251678 -0.00193759 0.0119099 -0.068462 -0.330233 -0.277044 -0.341 0.00475101 0.0231846 -0.061446
-0.631799 -0.601925 -0.660015 0.0146479 0.00217247 0.0280593 -0.652597 -0.620464 -0.675666 0.0120873 0.000661845 0.0350791
-0.660242 -0.586733 -0.647013 -0.0194646 0.0162742 0.0280536 -0.683583 -0.59139 -0.669809 -0.0291568 0.00900446 0.036158
-0.475407 -0.367392 -0.516111 -0.00022968 0.0178363 -0.023885 -0.487103 -0.444051 -0.58361 0.00677304 0.0301673 -0.0134911
-0.624156 -0.672521 -0.695727 -0.025958 -0.0079674 -0.0100457 -0.646336 -0.683864 -0.72156 -0.0219637 0.00385976 0.00271685
-0.570078 -0.541554 -0.6017 0.0182964 -0.0413499 0.0178684 -0.582108 -0.553196 -0.618381 0.012913 -0.0429731 0.0258773
-0.584774 -0.559511 -0.585273 0.00151226 0.0115287 0.0250688 -0.615136 -0.59847 -0.618274 0.00552714 0.0165536 0.0168823
-0.653949 -0.697873 -0.649011 0.00640548 -0.0254568 0.0230034 -0.65709 -0.698537 -0.656405 0.00968815 -0.0156549 0.0241124
-0.648705 -0.499069 -0.766547 -0.0129405 0.0127875 0.00346726 -0.62302 -0.541398 -0.80031 -0.0117479 0.0234951 0.00958827
-0.50753 -0.555957 -0.61846 -0.0315765 -0.00893098 0.00342829 -0.535803 -0.583372 -0.667589 -0.0452124 -0.0128382 0.0104085
-0.589159 -0.612526 -0.638818 -0.0300771 0.0271177 0.00727579 -0.618827 -0.64238 -0.682897 -0.0345203 0.0384619 0.0142848
-0.601323 -0.56224 -0.61914 -0.00102395 -0.0197894 0.0194492 -0.628477 -0.580376 -0.656136 -0.00894607 -0.0196861 0.00896018
-0.686565 -0.629926 -0.642021 -0.0146431 -0.0289169 -0.00881283 -0.702083 -0.632286 -0.667106 -0.0197782 -0.0276507 -0.0203312
-0.753302 -0.631725 -0.881305 -0.0133979 -0.0243487 0.0312813 -0.714003 -0.655322 -0.903792 -0.0137231 -0.0173471 0.0338952
-0.574621 -0.579767 -0.558123 -0.0285866 0.0255666 -0.00811103 -0.606833 -0.614057 -0.60531 -0.0480308 0.0268423 0.00111405
-0.439293 -0.317903 -0.461865 -0.00142926 0.0334959 -0.026454 -0.449935 -0.394986 -0.535368 0.00175083 0.0429707 -0.0153927
-0.700199 -0.62265 -0.893219 -5.03096e-05 -0.017534 0.0267809 -0.668929 -0.639938 -0.905655 -0.00261399 -0.0153763 0.0286778
-0.655741 -0.65287 -0.678116 -0.0436475 0.0181958 0.00302643 -0.661598 -0.659632 -0.697122 -0.0512051 0.0303604 -0.00757756
-0.643604 -0.57479 -0.621338 -0.0030809 0.0631318 -0.0234168 -0.639056 -0.569175 -0.634574 -0.00118077 0.0741093 -0.0203518
-0.524589 -0.394899 -0.636643 -0.00889701 0.0277777 -0.0183531 -0.518152 -0.456229 -0.69024 -0.00983762 0.0349624 -0.0071775
-0.540504 -0.551063 -0.609502 0.0486887 0.0196691 -0.0237993 -0.550467 -0.56723 -0.653563 0.0490288 0.0249313 -0.0348446
-0.574784 -0.581839 -0.57378 -0.0228854 0.0057167 -0.0209754 -0.582342 -0.576976 -0.581224 -0.0197256 0.0145858 -0.025834
-0.607038 -0.6139 -0.660675 -0.00245164 -0.00247626 -0.00127282 -0.615282 -0.610332 -0.669963 -0.00124143 0.00255625 -0.00983077
-0.536174 -0.543316 -0.593663 -0.0270779 0.0498277 -0.0161107 -0.552448 -0.541455 -0.612928 -0.0256328 0.0625887 -0.00762179
-0.761151 -0.708363 -0.899783 -0.00513689 -0.0221658 0.0337607 -0.731775 -0.718431 -0.915769 -0.0074806 -0.0188356 0.0338625
-0.582375 -0.590659 -0.587487 -0.0217273 0.0318739 -0.00716448 -0.602599 -0.589273 -0.598016 -0.0163645 0.0362282 -0.00919506
-0.645387 -0.64683 -0.655 -0.0208421 -0.00195795 -0.00656093 -0.641091 -0.655326 -0.679775 -0.03653 0.00757798 -0.0184691
-0.624026 -0.666948 -0.666342 0.0197255 -0.0316363 -0.0161344 -0.608341 -0.659357 -0.677644 0.015873 -0.0185901 -0.0159064
-0.299892 -0.182662 -0.247301 -0.0053673 0.0122586 -0.0697148 -0.326554 -0.267491 -0.336771 0.0017819 0.0229079 -0.0623054
-0.503852 -0.603469 -0.685733 0.00994925 0.00590192 0.0272474 -0.519216 -0.616284 -0.71964 0.0124973 0.0162107 0.0225407
-0.560045 -0.625604 -0.690079 0.00968072 0.0341797 0.00830574 -0.580621 -0.639073 -0.721729 0.00849869 0.0297202 0.00169429
-0.62345 -0.576727 -0.722204 0.00608718 -0.0165172 -0.00991472 -0.628972 -0.580167 -0.766736 0.00968786 -0.00883685 -0.00675036
-0.574237 -0.554396 -0.647904 0.00429234 -0.0206406 -0.0113934 -0.575081 -0.576218 -0.691368 0.00233827 -0.0124553 -0.0192443
-0.632611 -0.539759 -0.826442 -0.0124975 -0.0102315 0.00526267 -0.605043 -0.572227 -0.846756 -0.0144123 -0.00524161 0.0106899
-0.575178 -0.615489 -0.636379 0.0109136 0.0192596 -0.0277186 -0.580687 -0.618786 -0.658238 0.0120219 0.0265524 -0.0274426
-0.577315 -0.5588 -0.520351 -0.00693308 0.0501254 -0.00891061 -0.592697 -0.548627 -0.51869 -0.00750857 0.0555609 -0.00404571
-0.619489 -0.576285 -0.633543 0.025462 0.00536043 -0.0127062 -0.61487 -0.594481 -0.647146 0.0283466 0.0137454 -0.0187931
-0.579522 -0.476277 -0.758354 -0.0129986 0.0107579 -0.0106138 -0.559061 -0.521924 -0.793333 -0.0149695 0.01779 -0.00153417
-0.661853 -0.626268 -0.726267 -0.0260464 -0.00345892 -0.00613953 -0.674361 -0.638646 -0.742221 -0.0280537 0.000976012 -0.00364446
-0.669358 -0.695174 -0.728868 -0.0181558 0.0304822 0.0103254 -0.684469 -0.714608 -0.753616 -0.017558 0.0365552 0.007525
-0.587295 -0.582226 -0.671153 -0.0045438 0.0546629 -0.0515918 -0.599988 -0.586772 -0.674112 -0.00237315 0.0720388 -0.0590808
-0.523531 -0.525794 -0.528216 0.0209137 0.0203768 0.00992212 -0.540165 -0.53406 -0.535304 0.0195088 0.036791 0.0165467
-0.562773 -0.592634 -0.574035 -0.0144591 0.0448479 0.0115266 -0.572794 -0.597896 -0.593178 -0.0084003 0.0543986 0.0131246
-0.594935 -0.592223 -0.584967 -0.0209525 0.0455409 -0.0121939 -0.610216 -0.592717 -0.607737 -0.0194286 0.0615937 -0.0175352
-0.580855 -0.612652 -0.625547 0.0171355 -0.014792 -0.0018507 -0.579075 -0.611358 -0.627521 0.0300868 -0.00852113 0.000200298
-0.582325 -0.633532 -0.644984 0.00947199 -0.039098 -0.00143163 -0.577268 -0.631956 -0.640731 0.0154265 -0.0535947 0.00849881
-0.497636 -0.582932 -0.541333 -0.0431374 0.0370057 -0.00306999 -0.520778 -0.586409 -0.544961 -0.0452785 0.0427361 0.0256517
-0.549479 -0.375349 -0.658208 -0.0196177 0.00251227 -0.0149554 -0.538941 -0.419786 -0.710421 -0.0231398 0.0207732 -0.00256643
-0.644008 -0.672592 -0.646234 -0.000875622 0.0430751 0.00953878 -0.643684 -0.667834 -0.631748 0.00608881 0.021539 0.0143257
-0.556994 -0.594226 -0.750544 -0.00917835 0.0121193 -0.00801137 -0.563829 -0.597599 -0.780215 -0.0118273 0.0205726 -0.00366429
-0.468603 -0.527285 -0.601448 0.0135203 -0.0479147 0.0285671 -0.467949 -0.541489 -0.641799 0.0107286 -0.0464333 0.0435735
-0.725479 -0.71692 -0.671573 0.0196651 -0.00233804 0.0203543 -0.719073 -0.696901 -0.679575 0.0282048 -0.014872 0.0239383
-0.571453 -0.572906 -0.673136 0.00229973 -0.00185783 0.0512625 -0.586003 -0.582804 -0.711698 0.00462994 -0.00195994 0.0626409
-0.486741 -0.571296 -0.575762 0.00979902 0.00173017 0.0236972 -0.499827 -0.59418 -0.589134 0.0141985 0.0127908 0.0326689
-0.618323 -0.542015 -0.580337 0.0368333 0.00317296 -0.0278031 -0.612509 -0.534219 -0.570365 0.0371219 -0.000610833 -0.0240037
-0.597468 -0.686625 -0.646508 -0.0289501 0.0417307 -0.00298352 -0.598732 -0.669303 -0.643009 -0.0332302 0.0462463 0.00500952
-0.626616 -0.605598 -0.630081 -0.0218248 0.00589228 -0.0299656 -0.628752 -0.5902 -0.622007 -0.0225705 -0.00424244 -0.0355852
-0.569987 -0.667309 -0.637887 -0.0377629 -0.0269661 0.0222835 -0.584865 -0.675743 -0.668905 -0.0344572 -0.0156198 0.0324555
-0.7397 -0.778419 -0.760121 -0.00876992 -0.000592455 -0.0190726 -0.717617 -0.770484 -0.746812 -0.00288476 -0.000675536 -0.0106973
-0.711738 -0.606663 -0.846091 0.0170757 0.00153227 -0.00368466 -0.695273 -0.613731 -0.887149 0.0190429 0.0186915 0.00689143
-0.488099 -0.580273 -0.63114 -0.00808329 0.0252479 -0.0238938 -0.491311 -0.571428 -0.62233 -0.0154206 0.0240677 -0.0391881
-0.621389 -0.645342 -0.660234 -0.0231691 0.00864215 0.0210634 -0.620097 -0.651911 -0.676008 -0.0183892 0.0183418 0.0317554
-0.299892 -0.182662 -0.247301 -0.0053673 0.0122586 -0.0697148 -0.326554 -0.267491 -0.336771 0.0017819 0.0229079 -0.0623054
-0.46724 -0.300306 -0.508513 0.00358046 0.0123735 -0.0334297 -0.464247 -0.361659 -0.575766 0.00134429 0.0247887 -0.0196117
-0.670655 -0.607949 -0.735477 0.0142263 -0.0451799 0.0173572 -0.660171 -0.580043 -0.71986 0.00588934 -0.0465582 0.0132186
-0.557039 -0.61393 -0.68479 -0.0239182 -0.00878102 -0.0270364 -0.552473 -0.624076 -0.716829 -0.0390929 -0.0053906 -0.0167488
-0.608874 -0.489772 -0.773808 -0.0260758 -0.0117559 0.0225804 -0.589969 -0.518494 -0.810536 -0.0216783 0.00574006 0.0333111
-0.597402 -0.587113 -0.532799 0.0117328 0.0206205 -0.037827 -0.581734 -0.586779 -0.515106 0.0168695 0.0105371 -0.0404867
-0.606504 -0.606551 -0.651543 -0.00162164 0.0210331 -0.0135976 -0.630783 -0.596752 -0.669111 0.000632321 0.0310186 -0.00831851
-0.641539 -0.67726 -0.63023 -0.00763475 0.0197096 2.25676e-05 -0.640873 -0.666729 -0.625341 -0.00269643 0.0174214 0.00469506
-0.482857 -0.552759 -0.622038 0.00517288 -0.0174157 0.0240734 -0.523545 -0.563643 -0.643204 0.0148565 -0.00550774 0.0477882
-0.473344 -0.481444 -0.598887 0.00828988 -0.0288519 0.0396264 -0.479133 -0.48548 -0.646319 0.00509762 -0.0133704 0.0483526
-0.503831 -0.597617 -0.585848 0.00371038 0.00895449 0.0236009 -0.504035 -0.589046 -0.593325 0.00227125 -0.0102538 0.0212726
-0.654398 -0.66252 -0.739305 -0.005995 -0.00641096 0.0135572 -0.649832 -0.659174 -0.744537 -0.018501 -0.0161141 0.0132376
-0.676007 -0.735282 -0.638858 0.0242713 0.03159 0.00137456 -0.663176 -0.717439 -0.635723 0.0311336 0.0227457 -0.00285238
-0.488653 -0.663289 -0.603949 -0.03145 0.0344257 0.000729522 -0.48149 -0.648627 -0.600247 -0.0293577 0.0327757 0.00411202
-0.648471 -0.59933 -0.651505 -0.0249166 0.0133788 -0.0411263 -0.661329 -0.629563 -0.685045 -0.0347857 0.0132464 -0.0535357
-0.640426 -0.692808 -0.636735 -0.0147846 0.00807505 -0.005937 -0.641639 -0.68116 -0.647498 -0.0131348 0.00812179 -0.0057778
-0.672567 -0.718727 -0.66941 0.0188266 0.0127028 -0.0112223 -0.657533 -0.710051 -0.659009 0.0198053 0.0125033 -0.0136602
-0.611427 -0.634609 -0.628566 0.041848 0.0230653 0.00965975 -0.584929 -0.630147 -0.629554 0.0526289 0.0259608 0.0169261
-0.692538 -0.620002 -0.824052 0.0207763 -0.00920671 0.00287458 -0.646745 -0.641566 -0.854695 0.0179251 -0.00205071 0.0161696
-0.61038 -0.624677 -0.581143 0.000687151 -0.0171066 -0.0184233 -0.590793 -0.62589 -0.57994 0.00211637 -0.0178186 -0.0223361
-0.737158 -0.699315 -0.907828 0.0423377 0.0123056 0.025897 -0.692758 -0.709809 -0.940029 0.0352896 0.0202116 0.0344958
-0.623401 -0.525854 -0.60279 -0.00682356 -0.0123312 -0.0425104 -0.637277 -0.561009 -0.628856 -0.0170442 -0.015934 -0.0515541
-0.570261 -0.589464 -0.600511 0.0203912 -0.000330649 -0.00995792 -0.559588 -0.590786 -0.607879 0.018018 0.00196661 -0.0202186
-0.618676 -0.68129 -0.658972 -0.0340941 -0.00370011 -0.00329555 -0.609968 -0.683592 -0.663994 -0.0262121 -0.00753149 0.00507464
-0.693594 -0.66502 -0.660551 0.0138367 0.0019122 0.0212138 -0.706172 -0.659714 -0.655808 0.0137478 0.00331833 0.0218062
-0.564071 -0.425304 -0.667027 -0.00542819 0.0282346 0.0209421 -0.550519 -0.47796 -0.722823 -0.00509429 0.037302 0.0355321
-0.659118 -0.670411 -0.693033 -0.00429336 0.0292357 0.0234611 -0.649736 -0.678648 -0.706274 -0.00206702 0.0265345 0.0256321
-0.67898 -0.683968 -0.718781 0.0140249 0.0373585 0.000235811 -0.665566 -0.686623 -0.723715 0.00791083 0.0347497 -0.00842083
-0.601369 -0.590013 -0.617019 -0.0115977 -0.0456533 -0.0514501 -0.608078 -0.606268 -0.626644 -0.020788 -0.0443272 -0.0580499
-0.542118 -0.535752 -0.564396 -0.0242815 -0.0243451 -0.0475467 -0.543195 -0.540992 -0.564777 -0.0145329 -0.0202776 -0.043932
-0.734879 -0.690948 -0.879303 0.041328 0.00410705 0.016837 -0.686005 -0.705486 -0.904757 0.0365419 0.010571 0.0265792
-0.579368 -0.597049 -0.602072 -0.00288201 -0.0336436 -0.032304 -0.568432 -0.603097 -0.628168 -0.00342012 -0.0327 -0.0336759
-0.650772 -0.605942 -0.664674 -0.0391572 -0.00192968 0.00194637 -0.665656 -0.600056 -0.665656 -0.034439 0.0043278 0.00929702
-0.580575 -0.642474 -0.667078 -0.0163698 -0.00708421 -0.0252297 -0.59211 -0.655348 -0.698053 -0.0111976 0.00147119 -0.0289062
-0.690224 -0.610816 -0.652788 -0.000805792 -0.00123452 0.00618557 -0.680288 -0.585589 -0.660647 -0.000469107 0.00882417 0.00113887
-0.612974 -0.666507 -0.734258 0.00593952 0.0209723 0.00467252 -0.605869 -0.664327 -0.769582 0.013043 0.0272592 0.0215815
-0.615313 -0.611208 -0.535393 0.0151329 0.0267692 -0.0187959 -0.607282 -0.616797 -0.532627 0.022971 0.0253673 -0.0145518
-0.575904 -0.575333 -0.596426 0.0203275 0.0608146 -0.0484929 -0.544267 -0.58375 -0.592144 0.0260497 0.0631061 -0.0464953
-0.5682 -0.598313 -0.617072 0.00556952 0.0102116 0.0284685 -0.559978 -0.579073 -0.622838 0.00981256 0.0141995 0.0321457
-0.639322 -0.657167 -0.650648 -0.00909101 0.027019 0.0131196 -0.637036 -0.67684 -0.655957 -0.00772304 0.0228649 0.0176859
-0.665622 -0.661454 -0.654035 -0.00562843 0.0329553 0.00857145 -0.665392 -0.661575 -0.649093 -0.00172101 0.0393079 0.00791089
-0.648226 -0.666305 -0.622295 0.00510918 -0.00870786 0.00846183 -0.631522 -0.666451 -0.61766 -0.000656964 0.00111583 0.00424881
-0.293555 -0.186192 -0.246868 -0.00530808 0.00999284 -0.0699352 -0.317955 -0.271028 -0.336554 0.00286988 0.0196485 -0.0619263
-0.505733 -0.54228 -0.545587 -0.0196096 -0.0154101 -0.0123827 -0.523174 -0.566957 -0.587572 -0.0161022 -0.0145817 -0.0184148
-0.548588 -0.559477 -0.659986 -0.0363358 0.00245766 -0.0319902 -0.559745 -0.594762 -0.69261 -0.037541 0.0104952 -0.0366882
-0.737585 -0.637578 -0.860545 -0.00639266 -0.00585761 0.0137263 -0.704281 -0.673902 -0.886068 -0.00882792 0.00729929 0.0187663
-0.685486 -0.580751 -0.818396 -0.0180154 0.00731516 0.00716859 -0.658882 -0.623978 -0.849847 -0.0201595 0.0213254 0.015383
-0.763861 -0.668317 -0.875943 0.004775 -0.017801 0.0114312 -0.729242 -0.697526 -0.90081 0.00170119 -0.0059628 0.0156003
-0.500085 -0.510289 -0.554298 -0.0233123 -0.0202356 -0.0317047 -0.508309 -0.549714 -0.595449 -0.0283508 -0.0200273 -0.0320442
-0.743962 -0.656866 -0.86738 0.012436 -0.0169959 -0.00459578 -0.713463 -0.682126 -0.897122 0.00771673 -0.00379488 0.00183208
-0.487483 -0.513129 -0.580228 -0.0475614 0.00259311 0.00403133 -0.512645 -0.558343 -0.626696 -0.0535046 0.0118295 -0.00396304
-0.532983 -0.499692 -0.606169 -0.0570215 0.0161991 -0.00703959 -0.532861 -0.529427 -0.644567 -0.0595793 0.0145146 -0.0136255
-0.493681 -0.533058 -0.59489 -0.00886278 -0.0164094 -0.00774631 -0.524311 -0.571478 -0.637301 -0.0133951 -0.0203598 -0.0170617
-0.54404 -0.487398 -0.590051 -0.0416185 0.00822586 -0.017044 -0.577064 -0.516588 -0.628382 -0.0541045 0.00682149 -0.0205011
-0.550639 -0.595295 -0.587114 -0.0299645 0.0152228 -0.00241113 -0.558535 -0.636082 -0.62254 -0.0283633 0.0074647 -0.00155929
-0.528222 -0.525047 -0.610363 -0.0411263 0.0130007 0.00949414 -0.555069 -0.548595 -0.655786 -0.0416119 0.0152085 0.0118989
-0.546435 -0.608704 -0.659272 0.0170528 0.0375223 0.00276141 -0.550317 -0.639892 -0.687959 0.0194708 0.0317125 -0.00379714
-0.622336 -0.502856 -0.737575 -0.0275866 0.0131858 0.00103838 -0.608618 -0.556054 -0.781641 -0.0282223 0.0270573 0.0124026
-0.525146 -0.557036 -0.579352 0.0159511 -0.0144823 -0.00365417 -0.555056 -0.577647 -0.614466 0.0183377 -0.0183532 0.00648804
-0.52769 -0.55121 -0.625717 -0.0140307 -0.0023381 -0.00929368 -0.554541 -0.579776 -0.659266 -0.0202308 -0.00948167 -0.0121932
-0.542012 -0.605813 -0.634378 -0.0386659 0.00204674 -0.00757058 -0.558173 -0.63899 -0.669995 -0.0417878 0.00989238 -0.0169505
-0.542758 -0.552493 -0.662166 -0.0307795 -0.00726032 -0.00288984 -0.554037 -0.580593 -0.697939 -0.0417117 0.00838155 0.00266607
-0.573626 -0.505958 -0.675536 -0.0137318 -0.00292635 -0.0207002 -0.60074 -0.54164 -0.698478 -0.0212771 0.00151744 -0.0296021
-0.528997 -0.527603 -0.607243 -0.0459221 -0.025004 -0.00687635 -0.564027 -0.563983 -0.652047 -0.0506207 -0.0233915 -0.014734
-0.493114 -0.366557 -0.519046 -0.017829 0.0122977 -0.00272862 -0.501123 -0.442805 -0.589139 -0.0143539 0.0235689 0.00984571
-0.465239 -0.498376 -0.596812 -0.0581236 -0.00650715 -0.0247871 -0.484122 -0.544226 -0.641634 -0.065638 5.25595e-05 -0.0352857
-0.540429 -0.580054 -0.622545 -0.0271063 -0.0148673 -0.00555852 -0.554656 -0.599731 -0.655882 -0.0382689 0.00107214 -0.000917857
-0.513915 -0.547964 -0.571321 -0.00784977 0.00585105 0.00257265 -0.533234 -0.570282 -0.615991 0.00021756 0.00173298 0.00763607
-0.299892 -0.182662 -0.247301 -0.0053673 0.0122586 -0.0697148 -0.326554 -0.267491 -0.336771 0.0017819 0.0229079 -0.0623054
-0.538727 -0.567353 -0.57956 -0.00614076 0.0213918 -0.00524839 -0.554327 -0.614461 -0.625566 -0.00669762 0.0173796 -0.00692298
-0.564773 -0.620987 -0.588466 0.0082561 0.0207609 0.0157805 -0.56724 -0.66048 -0.622312 0.0103305 0.0164238 0.0168315
-0.52188 -0.601224 -0.690151 -0.0234464 -0.0206171 0.00956433 -0.527123 -0.635334 -0.722448 -0.032589 -0.00516911 0.0183446
-0.52198 -0.544856 -0.566971 -0.0128929 0.00319727 -0.0109131 -0.543506 -0.570641 -0.609752 -0.00872988 0.000623929 -0.0128043
-0.252373 -0.238226 -0.239945 -0.0650715 0.00378071 0.0210909 -0.253455 -0.250897 -0.236014 -0.0765807 -0.00319352 0.0176557
0.0716954 0.335562 0.0897709 -0.00590484 0.00167445 0.0242562 0.066019 0.319697 0.0862131 -0.00460296 -0.00719235 0.0221154
1.07827 1.09683 1.16461 -0.0114349 0.00421163 0.0416345 1.09487 1.10599 1.17806 -0.00988858 -0.00666562 0.0396825
-0.673231 -0.527665 -0.534535 -0.00220075 0.00579303 0.014244 -0.665557 -0.530491 -0.521533 -0.00182031 -0.00140833 0.0120555
-0.261759 -0.243162 -0.244489 -0.00365444 0.00538636 -0.0371518 -0.262188 -0.255628 -0.242566 -0.00276512 -0.00198161 -0.0521928
-0.253542 -0.277888 -0.259909 0.00248943 0.0134981 -0.0777789 -0.254292 -0.279869 -0.265942 -0.00692568 0.0247755 -0.0950855
-0.704405 -0.563781 -0.555331 0.00487721 0.0140359 -0.00426173 -0.692464 -0.553271 -0.552661 -0.00340772 0.0237533 -0.0113273
1.09059 1.06464 1.10326 0.00460578 0.0203997 -0.0378286 1.11003 1.08313 1.11783 -0.00467426 0.0316686 -0.0397712
0.0605305 0.312812 0.0616037 0.00463576 0.0103858 -0.0136082 0.0532495 0.306277 0.0506141 -0.00548926 0.021907 -0.0182261
-0.263433 -0.276057 -0.26629 -0.0542897 0.0136782 -0.0162476 -0.263131 -0.27714 -0.272978 -0.0767481 0.0242565 -0.0221435
-0.154807 0.121372 -0.081069 -0.0707393 0.0537978 -0.0100944 -0.163689 0.120854 -0.101851 -0.0822361 0.0599148 -0.0110536
-0.446341 -0.394621 -0.388434 -0.142629 0.0347234 -0.0157065 -0.443801 -0.394502 -0.39834 -0.166015 0.0419225 -0.0184965
0.740654 0.849332 0.887701 -0.0857055 0.0471981 -0.0250228 0.73401 0.842238 0.871056 -0.0973144 0.0566717 -0.024936
-0.454521 -0.401383 -0.382114 -0.0623899 0.0343098 -0.087403 -0.453784 -0.401318 -0.392368 -0.075657 0.0417702 -0.101161
-0.823794 -0.663136 -0.645651 -0.0476227 0.0393501 -0.00743357 -0.821188 -0.651332 -0.643757 -0.059511 0.0448013 -0.0105548
-0.209852 0.0501425 -0.162859 -0.0238262 0.0496419 -0.00398142 -0.218339 0.0509196 -0.187715 -0.0202918 0.0485177 -0.0106402
-0.506203 -0.474121 -0.459881 -0.0884848 0.0383892 -9.20888e-05 -0.501743 -0.470089 -0.475332 -0.0977502 0.039312 -0.00508481
-0.512422 -0.468757 -0.456601 -0.0283998 0.0368636 -0.05559 -0.509833 -0.462416 -0.470428 -0.0250817 0.0361077 -0.0721686
-0.886457 -0.739267 -0.725626 -0.0163469 0.0275966 0.00593754 -0.879299 -0.72223 -0.730506 -0.0119885 0.0292151 -3.2963e-05
0.714377 0.764305 0.789113 -0.0361494 0.0698972 -0.0166871 0.71647 0.764558 0.774819 -0.0347606 0.0690406 -0.0230473
-0.487865 -0.531124 -0.48048 0.014879 -0.00582782 -0.0754468 -0.479407 -0.541591 -0.478126 0.0119215 -0.0115338 -0.0754096
-0.881157 -0.768278 -0.729562 0.00495663 -0.00852571 0.00558786 -0.869885 -0.770061 -0.720777 -0.000999444 -0.0139109 0.015691
0.711694 0.657522 0.781439 0.0497521 -0.00622103 0.000253353 0.713691 0.63606 0.776181 0.0486361 -0.0145485 0.00972494
-0.221137 -0.0273327 -0.176456 0.0256387 -0.00696448 0.00118827 -0.22135 -0.0427781 -0.185559 0.0223262 -0.0134473 0.0116159
-0.505884 -0.536078 -0.479904 -0.0417787 -0.00188808 -0.00239341 -0.49941 -0.548457 -0.480424 -0.0572288 -0.00670796 0.00824
0.183584 0.315851 0.150206 -0.0457008 0.0200839 -0.0143127 0.18779 0.3059 0.142589 -0.0475907 0.0188193 -0.00862247
-0.146614 -0.244082 -0.187869 -0.0856473 0.0147834 -0.0135384 -0.140575 -0.253947 -0.191997 -0.102646 0.0127094 -0.0082442
1.23508 1.09469 1.16309 -0.0527628 0.0201685 -0.0228581 1.27207 1.11524 1.18778 -0.0517743 0.014349 -0.0196949
-0.148499 -0.252782 -0.182964 -0.0299374 0.0127582 -0.0754267 -0.139887 -0.260891 -0.187632 -0.0329259 0.0117196 -0.0815385
-0.609223 -0.550737 -0.482731 -0.0219177 0.0157147 -0.00739047 -0.592988 -0.550058 -0.475694 -0.0266673 0.0154568 -0.00135716
0.673974 0.725751 0.722803 -0.0188066 -0.00950491 0.0197561 0.664303 0.729214 0.721878 -0.00933265 -0.0151722 0.0216541
-0.915009 -0.768042 -0.739046 -0.00450107 -0.00146947 0.0149153 -0.905633 -0.752361 -0.727796 0.00213796 -0.00753012 0.0148507
-0.53508 -0.516789 -0.491203 -0.00672307 -0.00383892 -0.038979 -0.537126 -0.511014 -0.488718 0.000620617 -0.00828222 -0.0508468
-0.530345 -0.509406 -0.491068 -0.0646509 -0.00382403 0.0163231 -0.532415 -0.504031 -0.489171 -0.0674565 -0.00839167 0.0161961
-0.242495 0.0421592 -0.19846 -0.0157346 -0.00419601 0.0187133 -0.252513 0.0400264 -0.204592 -0.00795303 -0.010756 0.0185467
-0.580899 -0.58505 -0.543637 -0.0111833 -0.0084021 0.0313448 -0.583319 -0.590491 -0.546162 -0.0266219 -0.00999395 0.0276264
-0.29397 -0.09341 -0.25387 0.0773715 -0.0169394 0.038215 -0.304348 -0.101728 -0.269105 0.070711 -0.0227164 0.0332238
0.598775 0.572166 0.67305 0.112329 -0.0224862 0.0634779 0.580851 0.555869 0.654918 0.104519 -0.0322614 0.0558267
-0.934222 -0.807404 -0.776979 0.0395413 -0.00404157 0.0191837 -0.931917 -0.805 -0.770927 0.0326819 -0.00591623 0.0167051
-0.5776 -0.576026 -0.538899 0.0535476 -0.0126281 -0.0351566 -0.580453 -0.579405 -0.541255 0.0458589 -0.0164453 -0.046688
-0.386819 -0.326947 -0.342236 -0.135683 0.0259032 -0.0578093 -0.400707 -0.332321 -0.33867 -0.151017 0.0247202 -0.060906
-0.0863799 0.208188 -0.0289031 -0.0690682 0.0134377 -0.0612273 -0.107341 0.198194 -0.0354852 -0.0716574 0.0131798 -0.0644121
0.861765 0.960818 0.958264 -0.0977181 0.0088385 -0.0833422 0.848492 0.953739 0.96133 -0.0989427 0.00895611 -0.0848811
-0.784294 -0.602563 -0.624458 -0.0492856 0.0250366 -0.0493049 -0.791901 -0.598511 -0.614062 -0.054513 0.024361 -0.0517221
-0.389218 -0.329968 -0.346424 -0.061433 0.0314164 -0.129095 -0.402597 -0.333744 -0.343466 -0.0655851 0.0288365 -0.143464
0.843456 0.827833 0.729175 0.0267297 0.0101819 -0.00953571 0.831331 0.833036 0.724633 0.0321752 0.00237185 -0.0139851
-0.421171 -0.4386 -0.498998 0.00965602 0.00908365 -0.070945 -0.423849 -0.43299 -0.494345 0.0126558 0.00544802 -0.085487
-0.83143 -0.700699 -0.759826 0.00590356 0.00896465 -0.00914059 -0.822925 -0.684362 -0.743484 0.00821636 0.00869395 -0.013448
-0.117144 0.118235 -0.202723 0.0121382 0.0201539 -0.00501264 -0.12819 0.115623 -0.205144 0.0152254 0.0159086 -0.010187
-0.429058 -0.433912 -0.502412 -0.0537462 0.00625669 -0.0126666 -0.431542 -0.428331 -0.499378 -0.0605755 0.00369006 -0.0169307
-0.650834 -0.659772 -0.645155 -0.0930468 -0.0255261 -0.00895081 -0.646354 -0.664235 -0.647631 -0.0974623 -0.0248683 -0.0123345
-0.385656 -0.177837 -0.363357 -0.0346282 -0.0419851 0.0050895 -0.390692 -0.184396 -0.375433 -0.0258109 -0.0442857 0.000265123
0.440948 0.49919 0.484962 -0.049968 -0.0360204 0.0139223 0.431489 0.480389 0.469619 -0.0390519 -0.0367857 0.010217
-0.99816 -0.902466 -0.878313 -0.0136752 -0.022332 -0.012484 -0.990752 -0.899275 -0.869745 -0.00565568 -0.0205007 -0.0176958
-0.665629 -0.672736 -0.64525 -0.0282511 -0.0173085 -0.0782984 -0.661188 -0.675149 -0.647779 -0.0197434 -0.0167835 -0.093639
0.165885 0.408 0.222381 -0.0212638 0.0499625 0.0341837 0.157544 0.402886 0.213196 -0.0197959 0.0464017 0.0378781
-0.158889 -0.170108 -0.123275 -0.0733127 0.036252 0.0348315 -0.160839 -0.172478 -0.128579 -0.0835144 0.0354364 0.0371776
1.23537 1.2023 1.27676 -0.0400544 0.0549995 0.0492421 1.25105 1.21416 1.29467 -0.0382188 0.0466884 0.0503699
-0.168069 -0.175087 -0.132653 -0.0155917 0.0387072 -0.029959 -0.168246 -0.176715 -0.136822 -0.0141917 0.0354721 -0.0389881
-0.625266 -0.466359 -0.420846 -0.00689561 0.0321572 0.0312984 -0.61741 -0.458792 -0.420795 -0.00493105 0.0305839 0.0360098
-0.650838 -0.632725 -0.650063 -0.0633652 0.0247811 -0.0076896 -0.647757 -0.631402 -0.668981 -0.0720099 0.0172932 -0.0136781
-0.37283 -0.147713 -0.380507 0.0172862 0.0452265 -0.0033146 -0.383054 -0.152514 -0.411459 0.0189978 0.0378628 -0.00949111
-1.0106 -0.866754 -0.894557 0.00638411 0.0114359 -0.0136401 -1.00079 -0.85247 -0.902226 0.00919519 0.00611475 -0.0192818
-0.659 -0.627147 -0.655751 0.00304315 0.0236973 -0.0698825 -0.655899 -0.62583 -0.676757 0.00485012 0.0179762 -0.0867881
0.496297 0.508315 0.474662 0.0143378 0.0706407 0.0197473 0.484029 0.498359 0.43664 0.0140067 0.0598612 0.0129607
0.469859 0.482833 0.432896 -0.0181702 0.0135127 0.00883317 0.445368 0.454921 0.417114 -0.0133496 0.0112088 0.0231762
-1.02852 -0.918728 -0.902213 0.0113778 0.00421401 -0.0112128 -1.02109 -0.905531 -0.889016 0.0165928 0.000331852 -0.00406426
-0.676921 -0.675782 -0.672107 0.00276932 0.00709725 -0.0654917 -0.680275 -0.677029 -0.673537 0.00758142 0.00478173 -0.0658526
-0.661574 -0.676045 -0.666428 -0.0625305 0.00859258 -0.00384777 -0.663718 -0.677477 -0.665156 -0.0660639 0.00597185 0.00465809
-0.391211 -0.180901 -0.394166 -0.000273896 0.00656397 -0.00740121 -0.408353 -0.193727 -0.407343 0.00563951 0.00539864 0.000717963
-0.343636 -0.367633 -0.38428 -0.00317836 -0.0133432 -0.060214 -0.336854 -0.365464 -0.3913 -0.00293778 -0.00309235 -0.0785558
-0.771681 -0.639633 -0.651572 0.000135212 -0.00596913 -0.00584625 -0.759331 -0.627247 -0.647935 0.000439259 0.00123346 -0.0119229
0.98272 0.939468 0.893128 -0.026752 -0.0501976 0.0132152 0.993985 0.950182 0.892149 -0.029804 -0.0402369 0.00543444
-0.0258493 0.210539 -0.0704868 -0.00551257 -0.0359038 0.00297293 -0.0256718 0.20399 -0.0820559 -0.00507191 -0.0298704 -0.00381488
-0.3329 -0.362899 -0.374696 -0.0732483 -0.0173946 0.00389501 -0.32668 -0.361721 -0.379662 -0.0848651 -0.00879037 -0.0026737
-0.594083 -0.601177 -0.577963 -0.0285279 -0.0168231 -0.0105652 -0.591995 -0.599778 -0.579899 -0.0331309 -0.0145705 -0.0112531
-0.301822 -0.111524 -0.296265 0.0375913 -0.0228652 -0.0111906 -0.310623 -0.110717 -0.308327 0.0459548 -0.0219201 -0.0130069
0.606005 0.56682 0.605818 0.044615 -0.0530201 -0.0124392 0.597007 0.560416 0.594102 0.0542246 -0.0547046 -0.0138227
-0.9543 -0.84754 -0.832081 0.0277331 -0.00966671 -0.0103072 -0.949811 -0.833792 -0.824257 0.0343254 -0.00711877 -0.0119405
-0.583716 -0.602446 -0.579558 0.0368938 -0.0157179 -0.0776636 -0.581753 -0.599801 -0.582733 0.0458758 -0.0145719 -0.0904899
0.909571 1.08439 0.985275 0.0352257 -0.0058641 -0.00462326 0.922418 1.09582 0.991755 0.0398054 -0.00906494 -0.00755346
-0.743209 -0.556698 -0.602019 0.014847 0.0126018 0.0297129 -0.736829 -0.544167 -0.591682 0.0121919 0.01532 0.0224234
-0.352802 -0.269283 -0.317876 0.0231425 0.00323694 -0.0444504 -0.35129 -0.266582 -0.316913 0.0235438 0.00221154 -0.0616271
-0.361401 -0.276433 -0.331632 -0.0445701 0.00655328 0.0268895 -0.362341 -0.274296 -0.328827 -0.056777 0.00735216 0.0202909
-0.0359869 0.332852 -0.00539333 0.0253405 -0.00785185 0.0183563 -0.0398356 0.329335 -0.0128628 0.0262816 -0.00657951 0.0119296
-0.105751 -0.25776 -0.21142 -0.102862 0.0104553 -0.0110915 -0.116813 -0.263695 -0.217063 -0.110124 0.00970753 -0.0136444
0.223321 0.301813 0.10892 -0.0406781 0.00857894 -0.0261837 0.209852 0.292551 0.0952957 -0.036418 0.00810123 -0.0283481
-0.572881 -0.552125 -0.499925 -0.031185 0.0133706 -0.00854073 -0.579093 -0.550696 -0.493212 -0.0283103 0.013386 -0.011574
-0.102619 -0.253786 -0.208579 -0.0291986 0.00686932 -0.0845213 -0.113168 -0.259474 -0.211354 -0.0250183 0.00612667 -0.0992878
1.28522 1.06759 1.13925 -0.0431821 0.000507451 -0.0424645 1.29158 1.07291 1.13126 -0.0390496 -0.00479747 -0.0477269
-0.417048 -0.319315 -0.3434 -0.0803109 0.00202552 -0.0252944 -0.414148 -0.322389 -0.343285 -0.091447 0.00384673 -0.027748
-0.103629 0.283771 -0.0154787 -0.0284779 -0.010567 -0.0280895 -0.112504 0.269567 -0.0241253 -0.0295621 -0.00887136 -0.0301865
-0.802884 -0.602398 -0.617321 -0.015975 -0.00109811 -0.0240507 -0.794256 -0.592438 -0.603353 -0.0142868 -0.0021171 -0.0268051
-0.418134 -0.324269 -0.333199 -0.0201976 0.00110965 -0.0887689 -0.416095 -0.32751 -0.333996 -0.0209148 0.0025016 -0.10041
0.844044 1.03434 0.981357 -0.0282714 -0.0245833 -0.0400738 0.841856 1.02608 0.972407 -0.0313846 -0.0197612 -0.0366172
0.554377 0.510338 0.504305 0.0217969 0.050405 -0.050757 0.530932 0.489858 0.492271 0.0217915 0.0664986 -0.0547449
-0.987684 -0.893704 -0.917757 0.000747168 0.0189781 -0.0279004 -0.981694 -0.884044 -0.907901 -0.007515 0.0321561 -0.0295805
-0.613487 -0.638945 -0.662625 0.00267085 0.0250008 -0.103456 -0.620566 -0.644424 -0.667763 -0.00500031 0.0398735 -0.115215
-0.626515 -0.649725 -0.661509 -0.0602746 0.0251586 -0.0400541 -0.634871 -0.657118 -0.665274 -0.0788848 0.0389465 -0.0422881
-0.331752 -0.174439 -0.377065 0.0184807 0.0350139 -0.0416781 -0.352545 -0.189014 -0.392814 0.0152305 0.0501422 -0.0423102
-0.497324 -0.52205 -0.556398 -0.0228584 -0.0155871 0.0108034 -0.49264 -0.514949 -0.554092 -0.0320159 -0.00716444 0.013392
-0.593788 -0.557005 -0.590599 -0.013007 -0.0254344 -0.015492 -0.583735 -0.544514 -0.577133 -0.0152353 -0.0248573 -0.012977
-0.578892 -0.564801 -0.58167 -0.0267892 0.0128574 -0.0382626 -0.581811 -0.567122 -0.583505 -0.0329642 0.00245272 -0.0432107
-0.426824 -0.505156 -0.492614 0.00513407 -0.00636971 -0.0100765 -0.441697 -0.497026 -0.499038 0.00461272 -0.00190247 -0.0132251
-0.615619 -0.603495 -0.567097 0.0281894 -0.00438052 -0.0260367 -0.615299 -0.605444 -0.569829 0.0270836 -0.0119214 -0.0359925
-0.222629 -0.26536 -0.220528 0.0228723 -0.00345952 -0.032379 -0.228032 -0.256357 -0.217341 0.0229183 0.000258642 -0.0397096
-0.458936 -0.393514 -0.338507 0.00999685 0.0175021 -0.027443 -0.457663 -0.394183 -0.325578 0.00717852 0.0175452 -0.0266578
-0.584668 -0.57434 -0.574763 0.0182752 -0.02148 -0.0175173 -0.579725 -0.571083 -0.593006 0.0112243 -0.0114174 -0.00773006
-0.363313 -0.243308 -0.250504 0.00972682 -0.0422441 0.000663664 -0.359877 -0.230695 -0.243796 0.0146764 -0.0430329 0.00480722
-0.207604 -0.22538 -0.218914 0.0173475 -0.0363941 -0.0244364 -0.217627 -0.219306 -0.215843 0.0149 -0.0430657 -0.0295062
-0.270573 -0.276735 -0.306241 -0.025688 -0.00105519 0.000972745 -0.270862 -0.274163 -0.309296 -0.0256672 -0.00343339 -0.00699969
-0.605521 -0.574308 -0.54143 -0.00162547 0.0145334 0.0330549 -0.617889 -0.590954 -0.538096 -0.00178593 0.0174078 0.0323723
-0.528739 -0.493536 -0.511013 -0.0110309 -0.00269251 -0.00201993 -0.523025 -0.485793 -0.497845 -0.0112065 -0.00339426 0.000829444
-0.421597 -0.50596 -0.483328 -0.00734369 0.000150172 -0.0153553 -0.420948 -0.495902 -0.483405 -0.00288599 -0.00188284 -0.0156356
-0.684213 -0.600034 -0.692006 -0.00944839 -0.0377793 -0.00791511 -0.701805 -0.604381 -0.714609 -0.00928086 -0.0393427 -0.0122423
-0.364231 -0.378434 -0.374213 0.00605021 -0.0274969 0.0106816 -0.368791 -0.376566 -0.381415 0.00551265 -0.0313643 0.001335
-0.551401 -0.557396 -0.588942 0.0368872 0.0264472 0.00401297 -0.552391 -0.559639 -0.582159 0.0346856 0.020298 0.00903907
-0.586712 -0.588815 -0.565726 0.020045 8.82399e-05 -0.000483454 -0.585471 -0.588328 -0.556548 0.0139102 -0.00279006 -0.00187093
-0.196467 -0.220969 -0.26641 -0.0037121 -0.0299756 0.0128836 -0.20453 -0.227519 -0.260458 -0.00299074 -0.0266361 0.0187937
-0.197454 -0.137817 -0.208706 0.00960156 -0.0132318 -0.0402866 -0.200665 -0.12957 -0.225456 0.00791309 -0.0133611 -0.0488696
-0.6085 -0.629964 -0.589879 -0.0226919 -0.0341427 0.0263621 -0.610587 -0.639996 -0.602291 -0.0209611 -0.0298125 0.0350088
-0.465759 -0.546086 -0.538758 0.0290606 0.000955067 0.0381267 -0.462772 -0.552063 -0.53727 0.0267656 0.000797778 0.042061
-0.222588 -0.258702 -0.262826 -0.00794959 -0.00173796 0.0025907 -0.224605 -0.250516 -0.269987 -0.00355438 -0.00640309 0.00377864
-0.32606 -0.307824 -0.3088 0.0133651 -0.0243426 -0.0244873 -0.332464 -0.309096 -0.303359 0.00691377 -0.0205878 -0.0194027
-0.560017 -0.640643 -0.600995 0.00301657 0.0308691 -0.0313163 -0.563816 -0.660262 -0.598927 0.00650722 0.0347952 -0.0283541
-0.727529 -0.725947 -0.663578 0.00855884 -0.00168432 -0.0218737 -0.712504 -0.737254 -0.63931 0.0112243 -0.00220031 -0.0285822
-0.337943 -0.283618 -0.280544 -0.00544967 0.0212186 0.00449079 -0.344935 -0.276864 -0.281636 -0.00993728 0.0140265 0.00209049
-0.305664 -0.279316 -0.221782 -0.00715686 -0.00645141 0.0403397 -0.314122 -0.284356 -0.220447 -0.0115161 0.000521111 0.0323006
-0.243969 -0.229054 -0.265824 0.00922879 0.0184531 0.0222553 -0.248061 -0.220199 -0.271554 0.00387772 0.0274491 0.0211067
-0.341962 -0.286079 -0.298355 0.00173297 0.000137162 -0.00556569 -0.344916 -0.282905 -0.303607 0.00148809 0.0158967 -0.00310605
-0.199662 -0.136324 -0.201494 -0.0227429 0.0244576 -0.0197898 -0.199144 -0.140616 -0.2011 -0.0179423 0.0248201 -0.0261096
-0.215118 -0.283104 -0.224061 -0.00485257 0.0235914 0.00288563 -0.215133 -0.29371 -0.218436 -0.0083429 0.0289889 -0.00543173
-0.62723 -0.64477 -0.666006 -0.0343607 -0.0155908 0.0462732 -0.634887 -0.658621 -0.67626 -0.0277971 -0.0156184 0.0586725
-0.466181 -0.432923 -0.431859 0.0144809 -0.0221554 0.0216573 -0.46873 -0.440256 -0.427167 0.0135289 -0.0305744 0.0217232
-0.264931 -0.275762 -0.277265 -0.00616062 -0.00583226 -0.0197564 -0.274935 -0.27144 -0.275677 -0.0102393 -0.00320648 -0.0180691
-0.653646 -0.611558 -0.64085 -0.0194817 -0.00888054 -0.0124255 -0.666826 -0.617287 -0.656035 -0.0147386 -0.00781827 -0.0129679
-0.253412 -0.234535 -0.24013 -0.00134742 -0.00362957 -0.0102935 -0.25634 -0.232026 -0.230046 -0.00766648 -0.0106883 -0.0107054
-0.393876 -0.450117 -0.369627 0.00891457 -0.0157909 0.0263255 -0.399148 -0.453574 -0.363069 0.0121227 -0.0156974 0.0313207
-0.714579 -0.694148 -0.68348 0.0225035 0.0447599 0.0162031 -0.711327 -0.706012 -0.670817 0.0225574 0.0444075 0.0159031
-0.305448 -0.235821 -0.275421 -0.00350564 -0.00510247 -0.00259136 -0.308092 -0.243935 -0.275058 -0.00666395 -0.00414981 -0.00278025
-0.465205 -0.421908 -0.415944 0.0144589 -0.0404422 0.0213136 -0.455032 -0.424878 -0.40278 0.0166777 -0.0485707 0.0205105
-0.603731 -0.6408 -0.674759 -0.0191571 0.0194839 -0.00457902 -0.600778 -0.634029 -0.685905 -0.0225851 0.0176283 -0.0039887
-0.769964 -0.747652 -0.778817 -0.0295425 0.0115242 0.0095944 -0.757009 -0.745656 -0.769974 -0.0278681 0.0118764 0.010928
-0.657131 -0.60337 -0.61897 0.000203047 0.00365593 -0.00178361 -0.654499 -0.6072 -0.597526 -0.00780358 0.0103554 -0.0115507
-0.516102 -0.555812 -0.580282 0.0123436 0.00463318 0.0011815 -0.515628 -0.561674 -0.586584 0.0104848 0.00385988 -0.00832877
-0.473984 -0.409755 -0.502849 0.000139986 0.0172788 0.0226965 -0.476578 -0.411194 -0.499894 0.0042416 0.0144659 0.0212964
-0.523645 -0.534806 -0.561431 0.0365105 -0.00852398 0.00274922 -0.525516 -0.541325 -0.564961 0.0331994 -0.0167407 0.00473062
-0.552666 -0.541778 -0.471467 0.00117828 -0.0489657 -0.0213311 -0.552834 -0.541866 -0.465174 -0.00547284 -0.0457767 -0.0261102
-0.441448 -0.412143 -0.468807 0.0005026 -0.0148439 -0.000329597 -0.439527 -0.410718 -0.468512 0.00537617 -0.010062 -0.00746691
-0.459391 -0.424537 -0.404838 0.0120576 0.0225609 -0.0338994 -0.462002 -0.417611 -0.406982 0.0125809 0.0205072 -0.0348772
-0.451555 -0.505758 -0.472191 -0.00507605 -0.000538519 0.000476066 -0.459988 -0.513672 -0.476517 -0.00832926 0.00589556 0.00280901
-0.433685 -0.502336 -0.632118 0.0109191 -0.00628325 -0.00192788 -0.426653 -0.50344 -0.634944 0.0119712 -0.00472722 -0.00408716
-0.2974 -0.248071 -0.309379 0.0169986 -0.0196884 0.0209046 -0.293263 -0.259907 -0.317555 0.0156186 -0.0132826 0.020102
-0.614029 -0.615486 -0.676277 0.02476 -0.00870676 0.00147457 -0.609636 -0.611026 -0.66504 0.0189003 -0.00188562 0.00552315
-0.465592 -0.43928 -0.460464 0.038703 0.00179935 0.0160642 -0.474724 -0.452654 -0.456611 0.0390322 -0.00597136 0.0216914
-0.531133 -0.487374 -0.481415 0.0422183 0.00493198 -0.00600774 -0.538472 -0.486954 -0.477717 0.0353972 0.00493315 -0.0203092
-0.685182 -0.652401 -0.646885 -0.0123102 -0.022647 0.00820027 -0.671206 -0.661066 -0.645717 0.00186049 -0.0269805 0.00227006
-0.699065 -0.619009 -0.726526 0.0147622 -0.01892 -0.0166747 -0.696982 -0.611866 -0.727882 0.00701537 -0.0161449 -0.0172548
-0.667901 -0.667298 -0.640451 -0.0193317 0.0159778 -0.0149803 -0.683106 -0.673897 -0.642479 -0.019301 0.016811 -0.0168396
-0.621017 -0.571528 -0.591464 0.00790318 -0.00177293 -0.00886835 -0.632038 -0.571082 -0.583826 0.00403914 0.00213599 -0.00906037
-0.360773 -0.399793 -0.337392 0.0104797 -0.00561934 0.0183539 -0.355626 -0.406048 -0.337321 0.01469 -0.0110864 0.0191189
-0.541849 -0.540486 -0.517744 0.0314839 -0.0159432 -0.00458974 -0.542959 -0.544742 -0.544144 0.0343383 -0.0158039 -0.00128247
-0.349645 -0.332841 -0.347442 -0.0047349 0.00996538 -0.00439721 -0.350104 -0.342327 -0.351968 -0.00520327 0.0144155 -0.0150877
-0.693296 -0.718345 -0.720102 0.0171029 0.000886085 -0.0154715 -0.689648 -0.714488 -0.712213 0.0198722 -0.00271457 -0.00573241
-0.767086 -0.73902 -0.726691 0.0277043 -0.00737513 0.0462005 -0.757449 -0.745777 -0.711442 0.0325842 -0.0143754 0.0491807
-0.569821 -0.582203 -0.579763 -0.0230515 -0.00935756 0.0586398 -0.576802 -0.585473 -0.593779 -0.020062 -0.00885105 0.0555378
-0.3012 -0.270616 -0.249722 -0.00045837 -0.0234937 0.0141248 -0.305752 -0.274892 -0.255429 -0.00595216 -0.0238539 0.0171252
-0.470303 -0.451707 -0.536936 0.0252154 0.0260169 0.0178924 -0.46568 -0.447413 -0.544172 0.0214526 0.0234683 0.0172501
-0.595446 -0.607874 -0.581663 -0.04427 -0.016481 -0.00271049 -0.59161 -0.619475 -0.588408 -0.0397644 -0.0264771 -0.00387951
-0.542704 -0.534111 -0.583262 0.0272166 -0.0235666 0.00680978 -0.533622 -0.539387 -0.575052 0.0266039 -0.0266426 0.00987778
-0.20702 -0.199046 -0.245664 0.016117 -0.00792151 -0.0236384 -0.213943 -0.204097 -0.240344 0.010363 -0.00210426 -0.0262981
-0.625162 -0.589889 -0.617231 0.0325306 0.0461418 -0.00873156 -0.637704 -0.60222 -0.63532 0.0419737 0.0379233 -0.0127713
-0.551526 -0.542321 -0.47246 0.0265954 -0.0120176 0.0175118 -0.54232 -0.550324 -0.458177 0.019024 -0.0125059 0.0258246
-0.217045 -0.215997 -0.249384 0.00790564 -0.00989462 -0.00491607 -0.225091 -0.216785 -0.252375 0.00795667 -0.00792161 -0.0010421
-0.47387 -0.485211 -0.477313 -0.0115255 -0.0228138 0.0137949 -0.485971 -0.499679 -0.492903 -0.00672506 -0.0195744 0.0113109
-0.691206 -0.742327 -0.834245 0.0144177 0.0189487 -0.0103469 -0.677357 -0.740158 -0.828929 0.0155199 0.0229346 -0.0115413
-0.458362 -0.364988 -0.399542 0.0235168 -0.0541217 0.0307399 -0.445266 -0.354519 -0.393818 0.0157213 -0.05134 0.0265688
-0.520534 -0.483459 -0.513236 0.015176 -0.0146321 -0.00114178 -0.525343 -0.47269 -0.509287 0.00187698 -0.0160951 -0.000150185
-0.541883 -0.559677 -0.577001 0.0264706 -0.0164131 0.000423787 -0.539327 -0.56663 -0.579176 0.0280199 -0.0207128 0.00249259
-0.614698 -0.580433 -0.572564 -0.00564385 -0.0141546 0.00492689 -0.622819 -0.579022 -0.577378 -0.012682 -0.0149542 0.00672123
-0.553916 -0.522013 -0.592029 0.000779896 0.0441596 -0.0132065 -0.561255 -0.536876 -0.60665 -0.0043137 0.0282898 -0.00825864
-0.628761 -0.658413 -0.635731 -0.0219465 0.0346879 0.00170024 -0.637323 -0.655177 -0.635948 -0.019436 0.0278651 0.00556309
-0.339982 -0.372964 -0.393951 0.0183595 -0.0191047 -0.0031703 -0.339942 -0.368673 -0.397628 0.0126458 -0.0106286 -0.0027487
-0.282646 -0.329051 -0.346029 -0.0148128 0.00803884 -0.0286182 -0.279136 -0.329716 -0.345578 -0.00808858 0.00525364 -0.0281677
-0.384527 -0.409524 -0.427807 -0.0176412 -0.0228886 0.0202994 -0.379031 -0.410699 -0.438833 -0.0166041 -0.0224313 0.0165543
-0.388392 -0.399144 -0.390915 -0.000274318 0.00675717 -0.0182431 -0.382736 -0.394393 -0.387916 -0.000904198 0.0146728 -0.0206827
-0.195845 -0.202954 -0.212835 0.0341298 -0.0254737 0.0122261 -0.206768 -0.211735 -0.205994 0.0301374 -0.015657 0.00508432
-0.548959 -0.506827 -0.564257 -0.00834316 -0.0278898 -0.0011954 -0.553405 -0.513848 -0.591349 -0.000921667 -0.0362022 0.0118469
-0.38849 -0.405037 -0.449246 0.026797 -0.000390684 0.00558298 -0.388158 -0.401343 -0.441723 0.0185172 0.001265 0.00285642
-0.421211 -0.409776 -0.495438 -0.00579089 -0.017372 -0.0169951 -0.423091 -0.422994 -0.504828 -0.00158802 -0.0155413 -0.0109257
-0.652076 -0.611863 -0.598428 0.0416231 -0.00026476 -0.00816803 -0.668764 -0.621315 -0.605976 0.0404581 -0.0156149 -0.00873154
-0.434382 -0.429191 -0.451593 0.0219306 -0.0158882 0.0113527 -0.426487 -0.425401 -0.441853 0.0212497 -0.0184259 0.0181056
-0.590824 -0.599625 -0.622399 0.00208735 -0.0194208 -0.0233768 -0.589825 -0.61302 -0.627511 0.0139851 -0.0260316 -0.022648
-0.513689 -0.532327 -0.559505 0.0109755 0.0158304 0.0247612 -0.509471 -0.52098 -0.554709 0.00482957 0.00618679 0.0247119
-0.48691 -0.460115 -0.470438 -0.0210081 0.00925194 -0.0246173 -0.500396 -0.468325 -0.47527 -0.0163804 0.00437951 -0.0231598
-0.48659 -0.561647 -0.564795 -0.00308499 -0.0128817 0.029587 -0.488567 -0.561232 -0.565138 -0.00416142 -0.0167348 0.0337306
-0.288096 -0.199079 -0.299682 0.0140262 -0.0261773 -0.0165154 -0.297234 -0.20371 -0.305039 0.00880907 -0.0209821 -0.0140968
-0.539358 -0.520045 -0.571625 -0.0233403 -0.0126096 -0.0266077 -0.546623 -0.524909 -0.586039 -0.0234783 -0.0173599 -0.0334674
-0.232314 -0.191241 -0.284571 -0.00315523 0.0108934 0.0174752 -0.229363 -0.191801 -0.278603 0.00406 0.0130184 0.0239779
-0.553661 -0.502322 -0.560981 -0.0100444 0.00193962 0.00649763 -0.551072 -0.498474 -0.553519 0.000580741 -0.00725605 0.00619531
-0.539818 -0.528518 -0.563917 0.0107233 -0.0216503 -0.00510416 -0.539824 -0.519416 -0.574391 0.00797759 -0.0217599 -0.0054763
-0.384297 -0.425003 -0.401578 -0.00549903 -0.0163227 0.00980774 -0.383845 -0.424973 -0.394442 -0.00281438 -0.0126495 0.00675599
-0.166716 -0.154375 -0.211631 -0.00859005 -0.0115235 0.0197333 -0.178094 -0.162077 -0.207075 -0.00576358 -0.00238593 0.0131587
-0.454854 -0.472485 -0.513478 -0.0166292 0.0164295 0.0201896 -0.458953 -0.469435 -0.520016 -0.0191214 0.0117589 0.0268844
-0.22611 -0.249445 -0.247738 -0.0251387 -0.0175415 -0.00998486 -0.225585 -0.24513 -0.253471 -0.0175619 -0.013043 -0.0177905
0.438284 0.348891 0.112682 0.0044013 -0.0105845 -0.0102358 0.455871 0.350137 0.108643 0.00480636 -0.00881512 -0.0130562
-0.580166 -0.526728 -0.54571 -0.00061194 0.0140262 -0.00349249 -0.575203 -0.51489 -0.533924 -0.00403994 0.01488 0.00491142
-0.691823 -0.757042 -0.720279 -0.0160589 0.0237423 -0.00595929 -0.700859 -0.754489 -0.714976 -0.0141675 0.0260488 -0.00411377
-0.463997 -0.506316 -0.574487 -0.00777094 -0.0126294 0.00650966 -0.45277 -0.499955 -0.568443 -0.00621957 -0.0140059 0.0120158
-0.618785 -0.616438 -0.623866 0.0338011 0.0151539 -0.0138906 -0.638335 -0.621589 -0.640659 0.030101 0.00074963 -0.0180734
-0.199753 -0.206423 -0.230494 -0.0107942 -0.0254067 0.0261488 -0.214496 -0.202395 -0.226649 -0.00786765 -0.0254027 0.0236041
-0.511966 -0.516809 -0.533875 0.0262777 -0.00777885 -0.0210937 -0.501501 -0.525928 -0.533012 0.0250656 -0.000521975 -0.0306256
-0.567619 -0.620283 -0.591754 0.00929766 0.00428422 0.0181251 -0.562422 -0.611283 -0.60382 0.0123882 0.0030613 0.0153217
-0.73278 -0.678338 -0.717765 0.0254902 -0.00900453 0.0371386 -0.732732 -0.66762 -0.708449 0.0254531 -0.0141148 0.0406281
-0.596878 -0.619398 -0.648405 -0.00407742 -0.00659128 -0.0237763 -0.598591 -0.623184 -0.66076 -0.00583907 -0.00172481 -0.0184154
-0.694103 -0.682718 -0.761676 -0.0459776 0.0129132 -0.0035405 -0.689333 -0.676748 -0.760207 -0.0421285 0.0165245 -0.0005
-0.252894 -0.286252 -0.306513 0.0164018 -0.0017884 -0.0201496 -0.258497 -0.293607 -0.312471 0.0191444 0.00073142 -0.0141466
-0.61975 -0.564089 -0.584847 0.0499396 -0.00317529 -0.0172995 -0.616417 -0.561328 -0.588932 0.0573437 -0.00512185 -0.0193843
-0.422219 -0.414078 -0.468806 -0.00722408 -0.0139978 0.0026108 -0.425882 -0.426926 -0.4802 -0.0145467 -0.0219861 0.0034887
-0.313706 -0.274113 -0.317073 0.00798302 0.0234067 0.013069 -0.314264 -0.271089 -0.323792 0.0162724 0.0301624 0.00594068
-0.429816 -0.373525 -0.365866 0.0129712 0.0122664 -0.00211574 -0.426011 -0.373467 -0.358397 0.0111259 0.0242075 -0.00571315
-0.394421 -0.439844 -0.399473 -0.00288005 -0.00909902 -0.0329999 -0.399098 -0.458848 -0.405642 0.00211173 -0.00775278 -0.0378906
-0.653646 -0.641653 -0.708497 0.0099895 -0.0127029 0.00888913 -0.643349 -0.63257 -0.714852 0.013466 -0.00564815 0.0082108
-0.282886 -0.310012 -0.273075 0.0116458 -0.0261481 -0.00622049 -0.275239 -0.300051 -0.272988 0.0143417 -0.0304667 -0.0105242
-0.242886 -0.276862 -0.251905 -0.0374613 0.017134 0.0272548 -0.248364 -0.28185 -0.260892 -0.0350833 0.0197961 0.0284991
-0.377636 -0.435495 -0.405929 0.000631665 0.00836505 -0.016312 -0.365742 -0.435133 -0.392875 0.00207278 0.00739827 -0.0141513
-0.708672 -0.653061 -0.689971 -0.0224215 0.0344959 -0.0164598 -0.702689 -0.651824 -0.693978 -0.023251 0.0309791 -0.0245903
-0.32165 -0.337213 -0.308052 0.00663121 -0.0134443 -0.0166774 -0.311729 -0.338535 -0.308249 0.00413364 -0.012058 -0.0138656
-0.618147 -0.676729 -0.55794 0.0203062 -0.0120434 0.00836852 -0.621375 -0.670459 -0.561748 0.0184622 -0.00410056 0.0138591
-0.346985 -0.395136 -0.428791 0.00926651 -0.00493457 -0.0143521 -0.349136 -0.401734 -0.441372 0.0110051 0.000942037 -0.0176997
-0.495128 -0.538032 -0.586509 0.0531844 0.000195286 -0.0350573 -0.499701 -0.5336 -0.575791 0.0616295 -0.00534302 -0.0390343
-0.440328 -0.430564 -0.407724 -0.0181547 0.00238132 -0.017986 -0.437368 -0.424693 -0.402167 -0.0207371 -0.00400481 -0.0152009
-0.470894 -0.487349 -0.476048 -0.00733387 -0.00947823 0.0164398 -0.468524 -0.492351 -0.478526 -0.00811278 -0.0119072 0.023491
-0.327222 -0.357054 -0.421739 0.0211235 0.0059655 0.00120465 -0.322217 -0.357043 -0.423196 0.0208318 0.0108582 0.000509074
-0.287327 -0.293736 -0.290532 0.00474947 -0.00252503 -0.0183289 -0.287085 -0.306668 -0.29635 0.00742574 0.00341617 -0.029644
-0.262178 -0.283488 -0.295845 -0.0125947 -0.0152254 -0.021698 -0.246911 -0.284485 -0.292232 -0.0133411 -0.00302383 -0.0188687
-0.292304 -0.365357 -0.302112 0.0297965 0.0417945 -0.00980516 -0.291959 -0.36579 -0.296417 0.0296144 0.0426515 -0.0120462
-0.292622 -0.306849 -0.267955 0.0082872 -0.00829031 -0.0166871 -0.289818 -0.300706 -0.268108 0.0167014 -0.0118086 -0.0125455
-0.605854 -0.609036 -0.659064 -0.0135788 -0.0389481 -0.0381193 -0.628937 -0.614642 -0.663355 -0.0154866 -0.0455278 -0.0471245
-0.228904 -0.255016 -0.215083 0.00286515 -0.0220614 0.0563438 -0.233713 -0.25211 -0.210598 -0.000471914 -0.0242999 0.0537588
-0.181919 -0.184735 -0.133351 -0.0111971 -0.0105253 0.013968 -0.188363 -0.193096 -0.146258 -0.0186695 -0.00878685 0.0180225
-0.822495 -0.774353 -0.875554 -0.00880002 0.0113054 0.00168062 -0.806486 -0.76011 -0.85627 -0.00735728 0.0186459 0.00289191
-0.572074 -0.588031 -0.603508 0.0409951 -0.0365333 -0.0249252 -0.590875 -0.619344 -0.606908 0.0413431 -0.0283436 -0.019323
-0.663507 -0.60476 -0.634838 -0.0101995 0.033276 -0.00232825 -0.675465 -0.591527 -0.641553 -0.0150949 0.0381725 -0.0100511
-0.274166 -0.311351 -0.306962 0.0173424 0.00509872 -0.00533328 -0.278118 -0.314962 -0.312179 0.0234504 0.00437901 -0.00554901
-0.603814 -0.57758 -0.552404 0.0070301 -0.0159567 0.00872735 -0.603735 -0.560958 -0.54924 0.00935512 -0.00991969 0.00360062
-0.514373 -0.4454 -0.52393 -0.00549057 0.0230957 -0.00697707 -0.503584 -0.442439 -0.525847 -0.00310494 0.023856 -0.00620623
-0.665613 -0.708297 -0.642045 0.00231644 0.0119377 0.00608917 -0.665704 -0.71796 -0.647609 0.00335846 0.0149712 0.015129
-0.610842 -0.516886 -0.601518 -0.0172027 0.0448852 -0.00789899 -0.614428 -0.51441 -0.593941 -0.010547 0.049322 -0.016089
-0.579605 -0.552173 -0.537825 0.00816996 -0.017619 -0.0325531 -0.586855 -0.554064 -0.56498 0.00194648 -0.0204395 -0.0255592
-0.579496 -0.609463 -0.5892 0.0125082 -0.0333565 0.0200781 -0.575928 -0.619421 -0.597298 0.0126474 -0.0387743 0.0207364
-0.231602 -0.25532 -0.105163 -0.0136589 0.0166222 -0.012787 -0.232573 -0.266447 -0.105254 -0.0100568 0.0124022 -0.0185931
-0.528061 -0.553004 -0.541004 -0.00851736 0.0433528 0.0166814 -0.530523 -0.560201 -0.555207 -0.012224 0.0429961 0.0187993
-0.606275 -0.639326 -0.66858 -0.00596313 0.000667014 0.00163367 -0.613744 -0.64704 -0.673756 -0.0136709 -0.000644259 -0.00250093
-0.411606 -0.370038 -0.371964 -0.0158692 0.00989783 0.00549397 -0.414845 -0.369377 -0.3654 -0.0134404 0.00385654 0.00581469
-0.467998 -0.485755 -0.48359 0.0267783 0.00261427 0.0316676 -0.467792 -0.482886 -0.492721 0.0229488 -0.00495691 0.0257411
-0.549712 -0.604864 -0.58704 0.00351048 -0.00703704 -0.018605 -0.540286 -0.594612 -0.579243 0.00426846 -0.00982401 -0.0243446
-0.0493248 -0.202508 -0.142107 0.0103547 0.0133743 0.0151547 -0.0435273 -0.208196 -0.137625 0.0142665 0.0284077 -0.000745988
-0.310999 -0.301517 -0.316572 2.32227e-05 0.00263046 0.0039877 -0.312874 -0.299119 -0.305083 -0.00606333 0.00312377 0.00696414
-0.438376 -0.390193 -0.372901 -0.0511221 -0.000282459 -0.00403335 -0.424821 -0.378312 -0.369513 -0.0446643 -0.000459877 -0.00705765
-0.236356 -0.219112 -0.163331 -0.00739275 0.0336621 -0.0109293 -0.249212 -0.225731 -0.17084 -0.00756735 0.0372688 -0.017119
-0.355612 -0.429519 -0.380892 0.0305842 0.0104089 -0.0278812 -0.34549 -0.426803 -0.372076 0.0246806 0.0113189 -0.0236127
-0.58796 -0.595188 -0.627043 0.0544246 -0.0174332 0.0490708 -0.590888 -0.582199 -0.630482 0.0421128 -0.0181092 0.0501317
-0.621262 -0.670503 -0.606047 -0.0309987 0.0121607 0.0011977 -0.62798 -0.674579 -0.59916 -0.0270994 -0.00560327 -0.00108889
-0.583054 -0.614873 -0.59338 -0.00912858 -0.00947183 -0.0191346 -0.582092 -0.615653 -0.588955 -0.0168686 -0.012731 -0.0127556
-0.414719 -0.444888 -0.438315 0.0145264 -0.00879293 -0.00818756 -0.412139 -0.441552 -0.430679 0.00758889 -0.012728 -0.0130709
-0.589579 -0.517996 -0.619855 -0.0196086 -0.00754355 -0.000970043 -0.597719 -0.521511 -0.627528 -0.0140714 -0.00970173 0.0131628
-0.33025 -0.341291 -0.46363 0.030851 -0.0155335 -0.0153746 -0.348065 -0.357587 -0.470407 0.0277752 -0.0241894 -0.0169843
-0.508971 -0.447445 -0.467134 -0.0316363 -0.00374849 -0.00875301 -0.511595 -0.434382 -0.47253 -0.0352528 -0.00245722 -0.0104711
-0.245939 -0.24071 -0.169484 0.0241368 -0.00430862 0.012868 -0.247747 -0.242466 -0.173719 0.020121 -0.0125412 0.0168464
-0.446672 -0.4223 -0.537848 -0.0227714 0.0339635 -0.00572706 -0.447146 -0.433537 -0.525967 -0.0274972 0.034311 -0.0112517
-0.396237 -0.389883 -0.394096 -0.0107353 0.0352285 0.00892125 -0.397467 -0.374948 -0.394002 -0.0195513 0.0365951 0.0110976
-0.453301 -0.470306 -0.46852 0.00886678 0.000990744 -0.00868183 -0.460307 -0.477069 -0.474592 0.00704765 -0.00474438 -0.0104454
-0.631593 -0.592724 -0.625863 -0.0355731 -0.0194905 0.0369965 -0.635609 -0.590714 -0.628963 -0.0294244 -0.0170855 0.0357256
-0.393522 -0.430741 -0.457643 -0.0246284 -0.0292649 -0.00172265 -0.404489 -0.427829 -0.464453 -0.0183646 -0.0280563 -0.00760512
-0.580201 -0.526344 -0.615322 -0.00275886 -0.00754916 0.0270919 -0.586408 -0.537279 -0.617778 -0.00213753 0.000754444 0.0262649
-0.434611 -0.387276 -0.402639 -0.0315348 -0.0154199 0.0574819 -0.424991 -0.39067 -0.399295 -0.0367506 -0.021831 0.063588
-0.389819 -0.43584 -0.452564 -0.01569 0.0150527 0.0184966 -0.395802 -0.437343 -0.463153 -0.0247621 0.0064913 0.0136047
-0.6093 -0.671305 -0.667683 -0.0224821 0.00470554 0.0216044 -0.615514 -0.676392 -0.681645 -0.0263923 0.000435062 0.0170583
-0.117803 -0.0793666 -0.0741355 -0.0380102 0.0286749 -0.00505745 -0.131681 -0.0761109 -0.073224 -0.0392853 0.0288218 -0.0151773
-0.496561 -0.403114 -0.52007 0.00357314 0.00118769 0.0141045 -0.482398 -0.389823 -0.517761 0.00691586 0.00276537 0.0210824
-0.681055 -0.675867 -0.673443 0.00946886 0.0167589 -0.0351075 -0.701561 -0.678653 -0.679189 -0.000472346 0.0230355 -0.0273828
-0.512207 -0.505809 -0.498523 -0.00935009 0.0135636 0.00517522 -0.536082 -0.513663 -0.519171 -0.018075 0.0140489 0.0124649
-0.528689 -0.505865 -0.513814 -0.00872473 -0.0073213 0.00762434 -0.529139 -0.503636 -0.515329 -0.0167002 -0.00233938 0.00262759
-0.637666 -0.713864 -0.716013 0.00845738 -0.0185936 0.0509293 -0.628545 -0.709225 -0.707342 0.0115373 -0.0181015 0.0517763
-0.68133 -0.624868 -0.571354 0.00855755 -0.0095452 0.0108531 -0.676981 -0.634838 -0.575971 0.0067563 -0.0107769 0.00170426
-0.283911 -0.340187 -0.24347 0.0160014 -0.000325658 0.0126947 -0.285234 -0.338087 -0.231394 0.0207764 0.00495753 0.0137374
-0.436872 -0.448358 -0.416015 -0.0145384 0.0108934 0.018855 -0.45115 -0.459464 -0.408964 -0.014984 0.00619414 0.0221641
-0.41775 -0.463671 -0.463092 0.0258488 0.000145181 -0.0268934 -0.411885 -0.452295 -0.449483 0.0233178 0.00310426 -0.0306704
-0.489591 -0.492322 -0.489382 -0.01744 -0.0326772 0.0252569 -0.495505 -0.499819 -0.483245 -0.0231935 -0.034057 0.0288873
-0.440925 -0.464392 -0.413289 0.0375439 0.0147129 2.33974e-05 -0.43503 -0.466104 -0.404837 0.0360951 0.0173861 -0.00152062
-0.597011 -0.580469 -0.676217 -0.020792 0.00196195 0.0312389 -0.615362 -0.590142 -0.686004 -0.0325661 0.00263327 0.0299393
-0.448498 -0.511376 -0.505532 0.00974973 -0.0123672 0.00649122 -0.456459 -0.517985 -0.508077 0.0131091 -0.00447259 0.00744994
-0.326687 -0.327021 -0.293118 -0.00801613 0.00839668 0.0230323 -0.33051 -0.321849 -0.296482 -0.00925043 0.00303957 0.0193873
-0.642755 -0.594624 -0.590992 0.0159197 0.0216796 0.00784569 -0.64356 -0.584796 -0.59606 0.00913025 0.0238592 0.00980407
-0.312125 -0.250541 -0.22117 -0.0420339 0.000373416 -0.00499075 -0.314302 -0.24489 -0.222288 -0.0426209 0.00900352 -0.00829537
-0.759091 -0.669588 -0.729621 0.0208656 -0.00312165 -0.00175876 -0.75492 -0.674987 -0.735342 0.0192669 -0.00257531 -0.00581481
-0.513587 -0.496884 -0.480975 -0.014024 0.0083528 -0.0248542 -0.512614 -0.490169 -0.477339 -0.00740272 0.00686981 -0.0298125
-0.403706 -0.523817 -0.435041 0.00570261 -0.0332111 0.0440101 -0.408024 -0.533382 -0.438583 0.00826018 -0.0371497 0.0426157
-0.475925 -0.484809 -0.45013 -0.0119664 -0.0140035 0.0192528 -0.477829 -0.487301 -0.46743 -0.0133383 -0.0196542 0.0170391
-0.468327 -0.503321 -0.571415 -0.00219541 0.00322409 0.0435248 -0.478471 -0.511894 -0.562798 -0.00664667 -0.00172562 0.0461368
-0.594206 -0.649386 -0.655616 -0.0134894 0.00488617 0.0139059 -0.59829 -0.657287 -0.670508 -0.0129743 0.00388914 0.00967154
-0.542042 -0.546335 -0.542571 0.000885583 -0.0111949 0.0195768 -0.541337 -0.547637 -0.517824 0.00363062 -0.00355414 0.0212427
-0.446913 -0.404811 -0.462306 0.00535416 0.0272497 0.0300627 -0.447899 -0.406054 -0.465524 0.0100152 0.0234948 0.0309635
-0.28764 -0.331049 -0.346189 -0.0191474 -0.0343185 -0.00867808 -0.284512 -0.328359 -0.353124 -0.0177772 -0.0337675 -0.0156319
-0.295405 -0.320065 -0.324376 -0.00310248 0.0193487 0.0139227 -0.303709 -0.313825 -0.316811 -0.00634636 0.0227733 0.0119996
-0.462444 -0.376739 -0.460441 -0.0344791 0.049735 -0.0530354 -0.467108 -0.382661 -0.457862 -0.0257391 0.036735 -0.0482148
-0.492681 -0.555123 -0.4911 0.0275097 -0.0151184 -0.0302197 -0.49634 -0.558727 -0.500525 0.0315752 -0.0107852 -0.0150501
-0.448001 -0.420639 -0.475381 -0.0271032 0.0265566 -0.00530964 -0.458191 -0.41949 -0.473701 -0.0263388 0.0211754 -0.0048542
-0.607575 -0.576724 -0.590238 -0.00654544 0.0162524 -0.0159832 -0.605191 -0.5866 -0.586306 -0.0135445 0.0184497 -0.0156102
-0.62257 -0.585066 -0.592971 -0.00962011 0.0164912 -0.0128702 -0.628963 -0.602457 -0.607765 -0.0116766 0.0082816 -0.00852574
-0.348696 -0.338167 -0.355158 -0.0200797 -0.0404134 -0.0088116 -0.331737 -0.335882 -0.352373 -0.0159391 -0.0322183 -0.0136685
-0.32582 -0.359764 -0.383038 0.0311303 -0.00468572 0.0190407 -0.339053 -0.358414 -0.391079 0.0387074 -0.00191889 0.0137794
-0.532961 -0.562124 -0.563842 -0.0532493 0.0337042 -0.0545707 -0.53263 -0.564044 -0.55868 -0.0438934 0.0334149 -0.0501167
-0.557041 -0.521227 -0.600278 0.0252103 -0.0373938 -0.0155376 -0.566206 -0.532846 -0.608678 0.0250359 -0.0269042 -0.0167199
-0.619636 -0.526226 -0.536241 -0.0184786 0.00851568 0.0134161 -0.619148 -0.519772 -0.520587 -0.0157165 0.0233907 0.0238726
-0.591543 -0.562949 -0.53073 -0.0212239 -0.00378857 -0.00902824 -0.598629 -0.568188 -0.52777 -0.0149594 -0.0102347 -0.00348944
-0.0300509 0.0471887 0.0498363 0.0227037 -0.00334692 0.00419566 -0.0350999 0.0329864 0.0309488 0.0210677 -5.80864e-05 -0.00133562
-0.598437 -0.549753 -0.577504 0.00648035 -0.021281 -0.0197788 -0.602491 -0.546221 -0.567561 0.0024658 -0.0140756 -0.0229399
-0.506718 -0.503568 -0.495612 -0.0082908 -0.00512015 -0.0115432 -0.505451 -0.501313 -0.489099 -0.00151975 0.000428395 -0.0103243
-0.720605 -0.769355 -0.809589 -0.0118487 0.0160058 -0.00849449 -0.710759 -0.754552 -0.803746 -0.00916568 0.0214543 -0.0118602
-0.570008 -0.551182 -0.599812 -0.0148897 0.000144119 0.00116275 -0.575254 -0.547314 -0.595542 -0.00265574 0.00194204 0.00385951
-0.587053 -0.554553 -0.51533 0.029063 -0.0367512 -0.00844012 -0.583115 -0.552418 -0.521696 0.0344491 -0.0374616 -0.0167201
-0.693691 -0.754712 -0.766717 0.0244372 0.0022055 -0.018418 -0.693916 -0.741374 -0.769099 0.0267877 0.0118601 -0.0194241
-0.699182 -0.634698 -0.70015 0.00238419 -0.0230966 -0.00881461 -0.687818 -0.613633 -0.693818 -0.00229556 -0.0305788 -0.00734093
-0.317894 -0.345103 -0.360772 -0.0117963 0.00687381 -0.0266519 -0.310094 -0.338663 -0.362412 -0.00909975 0.0127543 -0.0306262
-0.39227 -0.398202 -0.313886 0.0260103 -0.0320408 0.0322543 -0.387995 -0.3808 -0.313051 0.0264147 -0.0366101 0.02581
-0.535264 -0.457101 -0.495443 -0.0242761 -0.0069653 -0.0327558 -0.535793 -0.458664 -0.493826 -0.0226359 -0.00468401 -0.0363213
-0.535703 -0.520724 -0.439813 -9.75188e-05 0.0198594 0.0194688 -0.54525 -0.540911 -0.45345 0.000845617 0.0152709 0.0130224
-0.447306 -0.47572 -0.449185 -0.0162984 -0.015191 -0.00704429 -0.441123 -0.460466 -0.440309 -0.0175656 -0.0121967 -0.00466457
-0.308111 -0.31646 -0.256234 -0.00235151 -0.0230084 0.0319283 -0.319684 -0.314544 -0.247981 -0.00337012 -0.0205804 0.0310065
0.222117 0.296087 0.325935 0.0231201 -0.000120905 0.0070247 0.216907 0.286753 0.314206 0.0230836 0.00459858 -0.000324012
-0.47369 -0.526932 -0.5065 7.58859e-05 -0.00673667 0.00302671 -0.479994 -0.528507 -0.512861 0.00233821 -0.00376432 0.00711815
-0.432151 -0.411274 -0.363463 0.00265975 -0.0126731 0.0174853 -0.429728 -0.410295 -0.373894 0.00850469 -0.0140375 0.0221994
-0.28082 -0.273629 -0.225332 0.00762146 0.028775 -0.00872807 -0.298352 -0.280972 -0.23955 -0.000944877 0.0345603 -0.0138564
-0.518385 -0.562716 -0.570162 0.0201623 -0.00770565 -0.00578257 -0.525186 -0.594053 -0.582347 0.0277456 -0.00870883 0.00331136
-0.517338 -0.543578 -0.554265 0.000952865 0.000637338 0.0273029 -0.537616 -0.541499 -0.559391 0.00727352 -0.0113444 0.0249793
-0.448247 -0.470978 -0.503491 -0.0149242 -0.00409259 0.0142368 -0.450636 -0.473281 -0.513469 -0.0116786 -0.00874241 0.0210206
-0.540126 -0.545603 -0.534732 -0.0348939 -0.0491698 0.0261347 -0.546866 -0.536444 -0.541842 -0.0375637 -0.0485374 0.0228041
-0.525361 -0.463914 -0.493366 -0.0119654 -0.0147747 -0.0215312 -0.524389 -0.46558 -0.489947 -0.0177814 -0.0095263 -0.0185527
-0.523496 -0.552295 -0.427809 0.0170841 -0.0245711 0.0167222 -0.531321 -0.552979 -0.431458 0.019868 -0.0232489 0.010779
-0.347634 -0.40246 -0.439211 -0.0107301 -0.0234894 0.0071795 -0.350628 -0.408419 -0.45343 -0.0128137 -0.0142493 0.0153652
-0.179839 -0.163736 -0.103068 0.002101 -0.0497349 -0.0188151 -0.203141 -0.178911 -0.114024 0.0118738 -0.0607838 -0.0153385
-0.219123 -0.169039 -0.18136 0.0617867 -0.00580579 -0.00346672 -0.214941 -0.158872 -0.179644 0.0736662 0.00783821 -0.00959531
-0.296215 -0.336493 -0.311279 0.0195534 0.033515 0.00212194 -0.300458 -0.333257 -0.324951 0.0218064 0.0259616 -0.00439333
-0.609505 -0.554592 -0.534722 0.0113845 0.0286493 0.00456449 -0.634083 -0.561468 -0.546629 0.00707895 0.0289223 0.00788846
-0.55812 -0.430185 -0.455963 -0.000738021 -0.0137713 0.016086 -0.565233 -0.428292 -0.453202 0.0017637 -0.0107713 0.011233
-0.406934 -0.450415 -0.389728 -0.023212 -0.0607553 0.0122364 -0.421489 -0.454501 -0.383578 -0.0197256 -0.0511052 0.00827451
-0.437169 -0.418298 -0.376596 0.00796896 -0.0105549 -0.0269971 -0.435203 -0.419642 -0.370222 0.00773796 -0.00703654 -0.0255747
-0.522082 -0.554265 -0.477074 0.0213438 -0.000231563 0.000282627 -0.518363 -0.5534 -0.471104 0.0159522 0.0085679 -0.00710253
-0.135413 -0.261042 -0.177148 -0.0236203 -0.0157347 -0.0237083 -0.134152 -0.264248 -0.175967 -0.0324702 -0.0247006 -0.0259366
-0.42778 -0.368424 -0.389389 0.0209388 0.0308526 0.0320381 -0.418619 -0.351925 -0.374661 0.0270867 0.0307274 0.0393669
-0.612116 -0.568335 -0.577393 0.0436181 0.00724282 -0.0301348 -0.625591 -0.563206 -0.573477 0.0473712 0.00545599 -0.0289765
-0.146034 -0.303124 -0.197726 -0.0169021 -0.0206956 -0.0032354 -0.14451 -0.304805 -0.194341 -0.015167 -0.023187 -0.00269043
-0.540652 -0.647791 -0.614751 -0.00377698 0.00546254 -0.0141432 -0.539926 -0.657388 -0.62471 0.000418889 0.0102086 -0.0181817
-0.163682 -0.111014 -0.0917683 -0.00616907 0.0129777 0.00835887 -0.163464 -0.10705 -0.101443 -0.0108188 0.0044821 0.00782586
-0.236133 -0.229702 -0.259514 0.00805426 -0.00982369 0.000539842 -0.235471 -0.240292 -0.256558 0.0126976 -0.0125562 0.00153074
-0.3824 -0.310344 -0.326064 0.0226505 -0.0114553 -0.0268858 -0.374067 -0.309505 -0.319036 0.0245864 -0.0084687 -0.0250825
-0.404306 -0.378748 -0.416836 -0.0251168 -0.00551853 0.0121795 -0.398303 -0.384314 -0.414866 -0.0263979 -1.69136e-05 0.0137466
-0.227342 -0.212292 -0.140492 -0.00140618 -0.00896687 -0.0301646 -0.236315 -0.221418 -0.138897 0.0033021 -0.00619 -0.0200472
-0.520421 -0.535603 -0.503473 -0.0639919 0.00500129 -0.0270516 -0.52723 -0.529753 -0.507953 -0.0539252 0.0101034 -0.0236067
-0.264581 -0.280398 -0.329221 -0.0131645 -0.00429782 0.0123574 -0.274545 -0.283534 -0.33978 -0.00992778 -0.0127269 0.0101775
-0.226399 -0.172868 -0.232975 -0.0242861 0.00523661 0.0458549 -0.223677 -0.176021 -0.219814 -0.0177646 0.00456025 0.0498731
-0.634992 -0.565108 -0.529667 -0.00220865 -0.0229088 -0.0172145 -0.624017 -0.574501 -0.531741 -0.00471617 -0.0230305 -0.012771
-0.510623 -0.545334 -0.537632 -0.0144452 -0.00185858 -0.0269959 -0.514742 -0.540494 -0.536638 -0.00496673 -0.00531105 -0.0284525
-0.242538 -0.257356 -0.250321 0.00844766 0.00635239 -0.0428933 -0.247685 -0.253488 -0.246747 0.0123575 -0.00267457 -0.048442
-0.553945 -0.475534 -0.512058 -0.0505519 0.0095499 -0.00238626 -0.564511 -0.483658 -0.529727 -0.039034 0.0158047 0.00475037
-0.286564 -0.313052 -0.290334 -0.0107747 -0.00482279 0.00378632 -0.289364 -0.313468 -0.287459 -0.0175948 -0.00271481 0.0034021
-0.51963 -0.371821 -0.437794 -0.025108 -0.00312368 0.00701148 -0.513611 -0.372802 -0.437907 -0.0323294 -0.012606 0.00301414
-0.383405 -0.373491 -0.43721 -0.0113932 -0.014923 0.0282265 -0.379147 -0.376897 -0.44177 -0.0156922 -0.0223417 0.0265856
-0.6323 -0.645606 -0.623405 -0.0383426 -0.0171202 0.0191655 -0.631101 -0.63214 -0.622091 -0.0318927 -0.0132327 0.0208509
-0.353077 -0.335363 -0.310837 -0.00849915 0.00371358 -0.000562283 -0.351464 -0.32945 -0.304227 -0.0138964 -0.00258858 -0.00121543
-0.51661 -0.515314 -0.520987 0.0304122 0.000331808 -0.0162931 -0.518865 -0.514713 -0.515182 0.0356532 0.00474957 -0.0137364
-0.29786 -0.315449 -0.329921 -0.0139741 0.0140866 0.00291868 -0.294786 -0.307361 -0.329495 -0.0170772 0.0100324 0.00770852
-0.403205 -0.470263 -0.393347 0.00132016 0.0313821 0.0280673 -0.415494 -0.470367 -0.395205 0.00489062 0.0269655 0.0201365
-0.549758 -0.547238 -0.539194 0.0201059 0.00244305 0.00269659 -0.548311 -0.548139 -0.535523 0.0176292 0.00713636 -0.00169691
-0.177262 -0.137944 -0.229227 -0.0368105 -0.0361062 0.00387178 -0.181196 -0.134585 -0.227768 -0.0349236 -0.0342181 0.00801796
-0.495851 -0.494767 -0.565389 0.0439497 0.000929445 0.019383 -0.492103 -0.502566 -0.57279 0.0531309 0.0103294 0.0231245
-0.131829 -0.141529 -0.0859356 0.00503598 -0.00312422 0.00819821 -0.143575 -0.140792 -0.101769 0.00268074 -0.00408864 0.00814179
-0.554415 -0.511626 -0.526923 0.016054 -0.0051615 -0.00490209 -0.570447 -0.510073 -0.529932 0.012222 0.0025958 -0.00697772
-0.315795 -0.27629 -0.276115 -0.00654126 0.0253069 0.013912 -0.304733 -0.277727 -0.260931 -0.0145673 0.0245734 0.0151215
-0.287534 -0.299876 -0.268444 0.0100718 0.00778896 -0.0248655 -0.284775 -0.285433 -0.255307 0.0114791 0.00614821 -0.0284239
-0.510596 -0.537533 -0.51446 -0.0106717 -0.0152753 0.00328074 -0.510789 -0.537803 -0.525664 -0.0116069 -0.0123685 -0.000824753
-0.572468 -0.518647 -0.546864 0.0209559 0.000802647 -0.00686414 -0.567042 -0.518238 -0.543617 0.0190072 0.00447772 -0.00879025
-0.319746 -0.349779 -0.304926 0.0052057 0.0168231 -0.0107958 -0.319781 -0.356099 -0.312575 0.00216981 0.0220695 -0.00410981
-0.709382 -0.66402 -0.787655 0.0208765 -0.0182843 -0.0467574 -0.705195 -0.650415 -0.788969 0.0211012 -0.0035387 -0.0492563
-0.503266 -0.506455 -0.544401 0.0196961 0.0473741 -0.0284624 -0.507597 -0.502081 -0.55793 0.0242991 0.0611661 -0.0257579
-0.799308 -0.82257 -0.855666 -0.00467701 0.0143838 -0.0218915 -0.78466 -0.801668 -0.840303 0.000218827 0.0185719 -0.0172386
-0.686698 -0.607281 -0.611323 0.0143998 0.00977181 0.0141581 -0.694494 -0.614974 -0.60665 0.0140503 0.0109028 0.0186157
-0.262979 -0.288376 -0.338097 -0.0243916 -0.00675719 -0.0334337 -0.273602 -0.289295 -0.326757 -0.0277718 -0.0106477 -0.0333654
-0.471649 -0.498761 -0.435325 0.0189738 -0.00647591 0.0486824 -0.474514 -0.496871 -0.450214 0.0177496 -0.000196914 0.0441717
-0.424163 -0.402708 -0.345666 -0.0403061 -0.0337182 -0.0147492 -0.420266 -0.397885 -0.340806 -0.0410248 -0.0364147 -0.0151228
-0.435653 -0.488099 -0.461156 -0.0245536 0.0241783 -0.0167408 -0.442029 -0.493926 -0.461573 -0.0217935 0.0183524 -0.0151264
-0.584356 -0.503 -0.481915 0.00213965 0.0398656 0.0185012 -0.599271 -0.52064 -0.486433 0.00310883 0.0431843 0.0271252
-0.363609 -0.356413 -0.372832 0.0303205 0.0200196 0.0241995 -0.359938 -0.356312 -0.376813 0.0234569 0.0192035 0.0258656
-0.272119 -0.32005 -0.32293 0.0156638 -0.0296408 0.026132 -0.270933 -0.315176 -0.319468 0.024203 -0.0289837 0.0225803
-0.286695 -0.301312 -0.323933 0.00514218 -0.00633015 0.0143521 -0.286617 -0.306694 -0.328455 -0.00390877 -0.0125656 0.0104176
-0.218533 -0.261849 -0.267786 0.0422702 -0.0088793 -0.044139 -0.213216 -0.262349 -0.262365 0.040506 -0.00765685 -0.0397522
-0.619017 -0.588471 -0.579462 0.011573 -0.0254595 0.0253135 -0.642746 -0.597835 -0.577927 0.012217 -0.0240409 0.029452
-0.45687 -0.439775 -0.391217 -0.0038413 0.0266828 -0.00660758 -0.455285 -0.428063 -0.393067 0.00490333 0.0297394 -0.0071392
-0.396078 -0.237984 -0.353111 4.17936e-06 -0.00316221 -0.0229834 -0.4082 -0.277024 -0.359459 0.00532099 -0.0051077 -0.0321096
-0.321235 -0.309954 -0.232507 -0.0336098 0.00821323 -0.01596 -0.337946 -0.335098 -0.241169 -0.0496968 0.00681522 -0.00904702
-0.380324 -0.254829 -0.295518 0.0397178 0.000242629 0.0114496 -0.395368 -0.262854 -0.317358 0.0214214 0.00804739 -0.00354199
-0.23145 -0.250227 -0.272324 -0.00692892 -0.0645572 0.017109 -0.219402 -0.226162 -0.263165 -0.00953317 -0.0611563 0.0214089
-0.207773 -0.228826 -0.141411 0.0330996 0.0132582 0.0575611 -0.260905 -0.270743 -0.181277 0.0359156 -0.00432304 0.0464023
-0.257849 -0.240411 -0.175456 0.0249566 -0.008421 -0.00320327 -0.266864 -0.24235 -0.187566 0.0188902 -0.00425516 -0.014565
-0.285057 -0.138881 -0.183626 0.030906 -0.00706001 0.00752699 -0.315759 -0.15919 -0.188193 0.0245493 -0.0194293 0.0206157
-0.0817473 -0.0818533 -0.103407 -0.0107364 0.0694706 -0.0659709 -0.0937525 -0.111433 -0.12393 -0.0129454 0.0640047 -0.0377537
-0.0927284 -0.278832 -0.102024 0.0831819 -0.0105237 0.0050674 -0.0894335 -0.264607 -0.0967349 0.059706 0.0011118 0.00648484
-0.195561 -0.252372 -0.198385 -0.027257 -0.0111991 0.00923057 -0.217264 -0.264769 -0.198206 -0.0288409 -0.016534 0.0172517
-0.291594 -0.2189 -0.215742 0.00734292 -0.00380416 -0.0461218 -0.307358 -0.240264 -0.234012 0.00781075 0.00418025 -0.0518988
-0.157131 -0.215525 -0.222895 0.000877002 -0.0406356 0.0535843 -0.16167 -0.235506 -0.23063 -0.00228944 -0.0390035 0.0545114
-0.566142 -0.478599 -0.501589 0.00201841 0.0443855 0.0196089 -0.560532 -0.480905 -0.510003 0.00550712 0.0331455 0.032272
-0.432686 -0.474903 -0.381359 -0.0107318 -0.016095 0.0735605 -0.434166 -0.469541 -0.37775 -0.00397393 -0.0209814 0.072994
-0.394834 -0.412396 -0.380361 -0.0194653 -0.0291968 0.0941257 -0.373737 -0.393104 -0.37444 -0.0172414 -0.0285934 0.0941438
-0.413677 -0.314113 -0.347248 0.11652 0.0101535 0.049787 -0.404462 -0.311366 -0.349617 0.114238 0.00573399 0.0523848
-0.555559 -0.510325 -0.634601 -0.000467013 0.0360042 0.00783524 -0.55886 -0.515194 -0.648594 -0.00222491 0.0381888 -0.000239693
-0.391419 -0.483748 -0.4382 -0.0253787 -0.010181 -0.0306085 -0.383107 -0.478406 -0.434285 -0.0265815 -0.0196693 -0.0330279
-0.477334 -0.378239 -0.35247 -0.0321025 0.00725858 0.0830594 -0.481343 -0.363054 -0.344011 -0.0307161 -0.000203067 0.0821086
-0.363554 -0.404535 -0.441828 -0.0273697 -0.0220484 0.0117071 -0.358908 -0.394704 -0.439999 -0.0240209 -0.0196501 0.0193164
-0.376891 -0.409892 -0.395823 -0.0237456 0.0344655 0.0196043 -0.376483 -0.415269 -0.405188 -0.0173831 0.0301619 0.0199939
-0.479903 -0.452094 -0.341466 -0.0856331 -0.0074044 0.0243601 -0.477113 -0.435617 -0.321643 -0.0807523 -0.00597761 0.0245344
-0.401044 -0.31281 -0.377925 0.0248249 -0.0365215 0.0455101 -0.396315 -0.307304 -0.380793 0.0192277 -0.0374313 0.0455228
-0.396498 -0.413623 -0.378418 0.0232813 0.115662 0.0222488 -0.376519 -0.392576 -0.358818 0.0243732 0.111795 0.0264654
0.918581 0.349378 1.12353 0.0259819 0.0029611 -0.0149914 0.911837 0.328997 1.08583 0.0147314 0.00363584 -0.0167668
1.22344 1.08411 1.60029 0.0366435 -0.0788575 -0.12064 1.24336 1.07092 1.5758 0.0299704 -0.0883633 -0.129386
0.226885 0.142514 0.239638 0.0959151 -0.000686377 -0.00511557 0.240308 0.138842 0.219505 0.0889299 0.00529926 -0.00156988
-0.06945 -0.484525 -0.387345 0.010317 -0.00237491 -0.016552 -0.0808751 -0.495412 -0.391949 0.00245553 -9.44099e-05 -0.0185092
1.48627 1.05016 1.31563 -0.0105118 0.0409036 -0.0805963 1.47339 1.031 1.29389 -0.0261048 0.0380175 -0.0721469
0.99465 0.816956 0.550745 0.0798714 -0.0118401 -0.0563819 0.985961 0.803262 0.531461 0.0707297 0.000667839 -0.053341
0.22334 0.254295 0.0893811 0.0155576 -0.0353715 -0.0748788 0.215186 0.236328 0.0751408 0.00608562 -0.0382056 -0.0983853
0.766358 0.201531 0.643451 0.0206214 -0.0347666 0.0687094 0.761785 0.194395 0.609866 0.0269765 -0.0323476 0.0850667
0.16545 -0.0485508 0.0857676 -0.0328597 0.0456727 0.0376635 0.15777 -0.0631512 0.037682 -0.0302717 0.0486335 0.0286423
-0.159915 -0.051602 -0.101738 0.0074063 -0.0132193 -0.010934 -0.186809 -0.0754668 -0.126287 0.00879 -0.00612018 -0.0125135
-0.110663 -0.0883009 -0.116977 -0.00224402 -0.00939392 0.027271 -0.12312 -0.0827812 -0.135141 0.010555 -0.00981444 0.0137065
-0.18047 -0.194071 -0.00923507 0.0255386 0.023366 -0.0233011 -0.180178 -0.216124 0.00343432 0.0351717 0.0183049 -0.0170392
-0.0668697 -0.161156 -0.0741682 -0.0113376 -0.0312048 -0.0770865 -0.0709421 -0.161844 -0.0834015 -0.013455 -0.0334976 -0.0745617
-0.171829 -0.106488 -0.117486 0.0207209 -0.0283094 -0.0158769 -0.181925 -0.106635 -0.143443 0.0200015 -0.0265828 -0.018069
-0.0543805 0.023383 0.0121621 -0.00495256 -0.0210721 -0.0620279 -0.0789954 0.00179358 -0.00684753 0.00253414 -0.0276112 -0.0650343
-0.0577388 0.007003 -0.00751348 -0.0763783 0.00885853 -0.0398337 -0.0562371 -0.00906512 -0.0290281 -0.0677037 0.00863883 -0.0552914
0.00167121 -0.0686832 -0.0676204 0.0488448 -0.0275583 0.0129594 -0.0133218 -0.108003 -0.0880606 0.0378064 -0.0321186 0.0193079
-0.0119201 0.0273001 -0.00422139 0.0529444 0.0339028 0.105328 -0.0156015 0.0138965 -0.0237754 0.0603512 0.0311769 0.105928
-0.162536 -0.0475638 -0.0357798 0.00376836 0.0499628 -0.0537691 -0.197476 -0.0606877 -0.0641923 0.00778957 0.0418953 -0.0504889
-0.135976 -0.0923182 -0.0987324 0.0809074 -0.0574205 -0.0342151 -0.157152 -0.100754 -0.108861 0.068943 -0.0603527 -0.0334378
-0.186402 -0.201908 -0.0967325 0.0152038 -0.0217484 0.00586179 -0.203736 -0.223757 -0.134964 0.0176222 -0.0108307 0.00177901
-0.0317291 -0.0390257 -0.0821569 -0.0850443 0.0172336 -0.0239292 -0.0398375 -0.0521761 -0.107025 -0.0792017 0.0239359 -0.0230941
-0.0299326 0.0456478 -0.0193217 0.0339659 -0.014745 -0.0147474 -0.0483933 0.01835 -0.0418968 0.0381493 -0.0125035 0.00345321
-0.00430805 0.0232562 0.0326429 0.0345927 0.016305 0.0167389 -0.02504 0.0132417 0.0282123 0.0511285 0.0138749 0.0274681
0.0379718 -0.101976 -0.0805047 0.0246441 0.0489141 -0.00671051 0.0403964 -0.11325 -0.0842873 0.0262681 0.0758632 -0.00450722
0.0292073 0.128576 -0.0270777 -0.0966283 0.00433807 -0.0461954 0.0218031 0.113336 -0.0393048 -0.0786015 -0.00664809 -0.0469609
-0.152907 -0.103762 -0.148839 -0.00874384 -0.00163595 -0.00671146 -0.150378 -0.116191 -0.157461 -0.00144272 0.00591704 -0.0125447
0.0224992 0.0311056 -0.0600393 0.00876577 0.0508201 0.0257636 0.0106636 0.00129475 -0.0900273 0.0035237 0.0668702 0.0353237
-0.0255445 0.000699422 -0.114949 0.0354008 0.0586642 0.0152256 -0.0388651 0.00212179 -0.115894 0.0479588 0.055516 0.0072787
0.0340869 -0.205351 -0.109423 -0.0147929 0.00153741 0.00634365 0.023472 -0.213037 -0.127327 -0.0341393 -0.0103819 0.00343883
-0.150446 -0.122822 -0.238621 0.0252289 -0.00540513 0.0524078 -0.158495 -0.124606 -0.224821 0.0225864 -0.0193981 0.0571457
-0.0210657 -0.117514 -0.0285715 -0.00818221 0.0530367 0.0330792 -0.0394412 -0.134313 -0.0250086 0.00052821 0.0405312 0.0412089
0.0707201 -0.02921 0.0728851 0.0452853 -0.066483 -0.0242914 0.0589122 -0.0470735 0.0658753 0.0306707 -0.077597 -0.0234293
0.0189993 -0.0734544 -0.067502 -0.000596545 0.00716337 0.0483486 0.00184056 -0.100608 -0.0619877 -0.00958309 0.00277617 0.0496164
-0.0290688 0.0209354 0.0126087 0.0372497 0.0884125 -0.0450498 -0.0215436 0.0236792 0.0494154 0.0402738 0.106328 -0.0381269
-0.0204923 0.0299745 0.100305 -0.0047497 0.0287275 0.00565732 -0.0573607 0.0128118 0.0791741 -0.0077458 0.0313986 0.00357531
-0.0631569 -0.0840302 -0.0735756 0.0276912 0.0183927 0.0135755 -0.0938045 -0.109895 -0.0786422 0.0237931 0.0053563 0.000353148
-0.0892694 -0.156151 -0.114366 0.00169761 0.0262787 0.0212876 -0.0832714 -0.16789 -0.116417 0.0144273 0.0242582 0.0159003
0.00814703 0.0338813 0.0139157 -0.040038 -0.0156489 -0.0102417 0.0132077 0.0312702 0.0142228 -0.0346992 -0.0169164 -0.00638068
0.0409221 -0.0291092 -0.0566846 -0.00282224 0.0156616 0.0219971 0.0283626 -0.0237831 -0.0675852 -0.014988 0.0122737 0.0285674
0.0356779 0.0243294 -0.023326 -0.0198776 0.0233303 -0.0191623 0.041126 0.0260019 -0.0222271 -0.0226931 0.0209183 -0.0133216
-0.0310878 -0.015409 -0.0295612 -0.00816829 -0.00506598 0.00680033 -0.0266396 -0.00495642 -0.0303664 -0.00483093 -0.00328796 0.00671636
0.030485 0.0489351 -0.0313512 -0.0134568 -0.0223367 -0.0347437 0.0369141 0.0425667 -0.0294267 -0.0161233 -0.021417 -0.0332772
0.0384295 0.0428855 -0.011871 0.0389466 -0.00716442 -0.014244 0.03159 0.0482426 -0.0148581 0.038549 -0.0101582 -0.0191548
0.0109101 0.0196564 -0.00546217 0.0195237 -0.00520468 0.00869057 0.0123954 0.0150203 0.0077571 0.0247835 -0.00707852 0.00379796
0.00553454 0.000985308 -0.0586685 0.00696794 -0.0225196 0.0204718 -0.00666235 0.00208432 -0.0675297 0.00936741 -0.0206111 0.0126986
-0.0587788 -0.0136703 0.0325514 -0.0194048 0.0252155 -0.0106726 -0.0587366 -0.0229956 0.028798 -0.0226723 0.0154036 -0.00490167
-0.0618776 -0.0348632 -0.0726021 -0.00714677 -0.019721 0.00539996 -0.0779578 -0.0356186 -0.067826 -0.00165654 -0.0180191 0.00992691
0.00704189 0.051774 0.0808993 -0.0214555 0.0138587 -0.0289105 0.00855019 0.0668379 0.0666772 -0.0170059 0.021091 -0.0306575
-0.00120261 -0.0162299 0.010829 0.00787273 0.022141 -0.00276535 -0.00765037 -0.0236185 -0.00088963 0.00673562 0.0243274 0.000945
-0.0024562 0.0740022 -0.00158841 0.0181071 0.0250089 -0.00154923 0.000195926 0.0586616 -0.00959753 0.0153883 0.020369 4.77161e-05
0.00745623 0.0197743 0.0213511 -0.0254895 -0.00427416 -0.0014298 -0.00442889 0.0202708 0.0221528 -0.0203138 -0.00497191 -0.00312846
0.023752 -0.0062387 0.0193396 -0.0197007 0.00304307 -0.00311288 0.00859926 -0.0155343 0.00196142 -0.0198884 0.00105673 0.00156667
-0.0712746 -0.08604 -0.0694332 -0.0175254 0.00451346 0.00706695 -0.0649606 -0.0777088 -0.0708711 -0.0182723 0.00215401 0.000760617
-0.0589761 -0.0378066 -0.119728 0.0053503 0.00982171 -0.00648257 -0.0454436 -0.0445542 -0.112423 0.00392105 0.00520907 -0.00370259
-0.0337973 -0.1437 -0.118489 -0.0129102 0.00437101 0.0190348 -0.0202931 -0.13958 -0.129435 -0.0191519 0.00552673 0.00801698
-0.0473811 -0.0270722 -0.0436888 0.000871994 0.0104555 -0.0246325 -0.048354 -0.0353408 -0.0500929 0.00267772 0.00836883 -0.0240324
-0.0992682 -0.0735078 -0.0535912 -0.0110782 0.00621817 -0.0010001 -0.099688 -0.075979 -0.0675599 -0.0121741 0.014752 0.00211494
-0.10037 -0.0798461 -0.0593347 0.0068343 -0.0147123 0.0066902 -0.100166 -0.0676889 -0.0619491 0.00899982 -0.0101824 0.00463389
-0.0560842 -0.0673593 -0.0504359 0.0140139 0.0148885 -0.00365477 -0.0603869 -0.0669352 -0.0611757 0.013576 0.017167 0.00581012
-0.0888004 -0.117273 -0.0767575 0.000984791 -0.00362081 -0.0036544 -0.0935025 -0.108548 -0.0785749 -0.00299377 -0.00303401 -0.0137306
-0.0810902 -0.0064121 -0.0689311 -0.0110064 -0.0177706 -0.0112057 -0.0933237 -0.0147993 -0.0646114 -0.00459815 -0.0104306 -0.0119815
-0.0210555 -0.0922223 -0.0777995 -0.0272086 0.00540833 -0.00819926 -0.0258835 -0.0986009 -0.0808114 -0.0216531 0.0109888 -0.0137609
0.0204264 -0.0336983 0.00966152 -0.017874 0.0165886 0.0197215 0.0122314 -0.0224865 -0.00112235 -0.0125539 0.0182559 0.0172958
-0.137298 -0.0613157 -0.0529415 0.0167024 -0.011012 0.00481933 -0.142553 -0.0513704 -0.0610612 0.0131581 -0.0134314 0.013334
-0.0677155 -0.0522263 -0.0501595 -0.0157629 0.0122398 0.0131722 -0.05812 -0.0590148 -0.0494913 -0.0181881 0.0130372 0.00842698
-0.0429657 -0.0330147 -0.054105 0.0115436 -0.00730897 0.0103336 -0.0481406 -0.0517871 -0.0474121 0.0160783 -0.0108251 0.00772901
-0.0151442 -0.0153213 -0.0844197 -0.0192349 0.0518156 -0.0079294 -0.0143335 -0.0223502 -0.0948661 -0.0190669 0.0605122 -0.0144384
-0.218019 -0.195266 -0.167506 -0.0260435 -0.00308055 -0.00250366 -0.245344 -0.214144 -0.185463 -0.0121292 -0.00436506 0.00764605
-0.264686 -0.205723 -0.191022 0.016852 -0.0113902 -0.00343749 -0.27018 -0.203122 -0.218271 0.00939815 -0.0175456 -0.00770691
-0.177426 -0.188495 -0.31182 -0.0466222 0.0486069 -0.00274088 -0.186485 -0.185675 -0.314718 -0.0421643 0.0491056 0.00556302
-0.141653 -0.0588985 -0.113562 0.00483342 0.0189591 0.0142001 -0.162242 -0.0860723 -0.120694 0.0176095 0.0150093 0.00716735
-0.0250271 -0.0693427 -0.124801 -0.0162111 0.000407196 -0.00733714 -0.037054 -0.0864714 -0.1322 -0.00805549 0.00948562 0.00263759
-0.0624861 -0.071211 -0.178443 -0.0295545 -0.0676246 -0.0364155 -0.0774097 -0.100893 -0.192671 -0.0198283 -0.0673702 -0.0403999
-0.0951421 -0.11893 -0.165886 -0.0186702 0.0373544 -0.00344312 -0.10483 -0.107707 -0.191748 -0.0104508 0.0401896 -0.00422877
-0.108484 -0.162114 -0.140379 0.0206618 0.00318151 0.0119647 -0.124381 -0.169421 -0.150351 0.018559 0.0162976 0.0132884
-0.154616 -0.136068 -0.233605 0.0453367 0.00270262 -0.0161728 -0.17546 -0.14417 -0.241762 0.0442532 0.0067408 -0.00583309
-0.138934 -0.145986 -0.12221 0.0122255 0.0087522 -0.0425238 -0.153807 -0.161898 -0.12795 0.00903772 0.00514889 -0.0437794
-0.0581734 -0.122782 -0.0726938 -0.00308783 0.018616 0.0290666 -0.083688 -0.134357 -0.0778085 0.00961179 0.0127599 0.0325862
-0.203708 -0.104561 -0.169991 0.0453741 -0.0191983 0.0104831 -0.225131 -0.108188 -0.179352 0.0530868 -0.0128147 0.0065887
-0.0759059 -0.169182 -0.172027 0.0118039 0.0281296 -0.0163292 -0.0860461 -0.189663 -0.189955 0.0080892 0.0258602 -0.0239461
-0.0924441 -0.0936406 -0.0118517 0.00626704 0.0133956 -0.089271 -0.114705 -0.0981398 -0.023698 0.00866926 0.0181712 -0.0963581
-0.0268254 -0.139602 -0.0500268 -0.0311114 -0.0111452 0.02149 -0.0489185 -0.138963 -0.0588006 -0.0323357 -0.0138168 0.0161749
0.089063 0.055709 0.101085 -0.0330691 0.0475882 -0.0246465 0.0818075 0.0519823 0.0917169 -0.0402379 0.0503348 -0.0263452
0.0601661 0.0097938 0.0422078 -0.0229718 -0.056375 0.00490599 0.0312165 -0.0108667 0.0150494 -0.0216579 -0.0554298 0.0161761
-0.0809685 -0.0256564 -0.0287825 0.0411172 -0.0189762 0.0312897 -0.107742 -0.0275256 -0.0297964 0.0386635 -0.0140791 0.0338609
-0.06527 -0.0284481 -0.0262972 0.00830877 0.0471851 -0.0168185 -0.0674978 -0.034119 -0.0417482 0.0114633 0.0455257 -0.0196733
0.0202027 -0.0374031 -0.0483141 0.00394944 0.000423952 0.0106843 0.0207046 -0.0415257 -0.0641732 0.013881 0.00502049 0.0169251
0.0102345 -0.0292369 -0.0273364 -0.0110108 -0.00792959 0.0194686 0.00134765 -0.0422711 -0.0317149 -0.0138278 -0.0157105 0.0213308
0.0490618 -0.0596703 -0.0297984 0.0269274 -0.0427409 0.00155738 0.0377143 -0.0573963 -0.019788 0.0278413 -0.044116 -0.00537636
-0.0530157 0.00504366 -0.0352501 0.000616794 -0.0522134 -0.0243547 -0.0729101 -0.00475673 -0.0397814 -0.00291821 -0.0502907 -0.0327946
0.0223419 -0.081097 -0.0245155 -0.0318274 0.0152796 0.00972112 0.0129551 -0.0834685 -0.0361386 -0.0100183 0.0189448 -0.00258457
-0.019966 -0.042246 -0.146243 0.00519885 0.0149753 0.040189 -0.0320382 -0.0499636 -0.154494 0.00850593 0.0270052 0.0423993
-0.0917569 -0.000331578 -0.0891862 -0.0225286 0.0295497 0.0120965 -0.0804724 -0.00434839 -0.114696 -0.037642 0.0469071 0.00804031
-0.0802878 -0.0431968 -0.0635797 0.0107638 0.022511 0.0183714 -0.0730907 -0.0417396 -0.0592434 0.0070121 0.0374856 0.0169606
-0.0395889 -0.101823 -0.0573264 -0.0183379 0.0183077 -0.0219276 -0.0555516 -0.12637 -0.0680601 -0.0183729 0.0249001 -0.0171011
-0.0264158 -0.0706437 0.0348564 -0.00853693 -0.0526517 0.0298964 -0.0369364 -0.078612 0.0201412 -0.00446549 -0.0550444 0.0286199
0.00120365 0.116169 0.0206324 -0.0142219 0.00565248 0.0660535 -1.49383e-05 0.107756 0.0041063 -0.00735963 3.75309e-05 0.0622075
-0.0142142 -0.0355533 -0.0604817 -0.00728044 -0.0567619 0.0273593 -0.033098 -0.0380381 -0.0544928 -0.00940839 -0.0649978 0.0173644
-0.0243301 0.0133452 -0.0166811 -0.0137869 -0.0434893 0.00265427 -0.0425746 -0.00244858 -0.0326717 -0.00418994 -0.0460919 -0.00484049
0.00704097 0.0272544 0.0525733 -0.00690625 -0.0109327 -0.0165971 -0.00351506 0.0188975 0.045025 -0.00783661 -0.00564148 -0.0115262
-0.033833 -0.0247549 0.0816683 0.0135254 -0.0241027 0.0304635 -0.0354149 -0.0347177 0.068981 0.00293062 -0.0258871 0.0373449
-0.0459838 -0.147857 -0.108734 0.0075143 -0.00675261 -0.00622592 -0.0457298 -0.151553 -0.0935028 -0.00452383 -0.00865358 -0.000149259
-0.00484772 0.00228944 0.052894 0.0107441 -0.0264042 0.0137832 -0.0145774 0.0056692 0.0510675 0.00151167 -0.0206233 0.00587975
-0.0777019 0.0145138 -0.105008 -0.0179295 -0.0217335 -0.0175086 -0.0571301 0.0284073 -0.104969 -0.0105081 -0.0177251 -0.00442574
-0.0282564 0.047574 -0.062381 0.00784503 -0.0213705 0.00726388 -0.0293633 0.0544392 -0.0763369 0.00514611 -0.0108544 0.00295821
-0.105019 -0.0941498 -0.0257888 0.0111179 0.0216853 -0.0213242 -0.12113 -0.0968899 -0.044455 0.0169522 0.0293174 -0.0138733
-0.0520556 -0.00232334 0.000302883 0.0123508 0.00874802 -0.013854 -0.0474475 -0.00598272 -0.00847623 0.00329611 -0.000927901 -0.0104944
0.0730891 0.132876 0.0308122 0.0123274 0.0339615 -0.00678964 0.0520996 0.114635 0.0169409 0.00899969 0.0313756 -0.00713969
0.0189483 -0.0554024 0.0010521 -0.00447321 -0.011199 0.00365539 0.00308685 -0.0664932 0.00771914 -0.00367802 -0.0180273 0.00515068
0.0205795 0.0238538 0.0151072 -0.0220727 -0.00144412 -0.00748726 0.0228323 0.011776 0.00534852 -0.0200647 5.72222e-05 -0.00121944
0.0437867 -0.0444106 -0.0190001 0.0275478 -0.00603412 -0.0263267 0.0371778 -0.0521214 -0.0271481 0.0261339 0.00754981 -0.0189883
0.000943223 0.0350978 0.0713086 0.0249732 -0.0027621 -0.025683 -0.00643926 0.0194275 0.0643917 0.0160141 -0.00305154 -0.0277173
-0.0409382 -0.0522397 -0.0889245 0.00181606 -0.00486409 -0.012009 -0.0447499 -0.0567364 -0.0935167 -0.00824481 -0.0116214 -0.013472
-0.0343875 -0.0929067 0.0591173 0.033487 0.00486771 0.029126 -0.0462123 -0.110628 0.0539138 0.0276214 0.00513154 0.0316626
-0.140672 -0.00208002 -0.0910837 -0.0354949 -0.0225355 0.0454651 -0.139255 -0.00848043 -0.103229 -0.0257843 -0.0270813 0.0454769
-0.0308142 0.0684941 0.0499295 0.037174 0.00429323 0.00341818 -0.0337993 0.0650495 0.0618804 0.0305183 -0.00326204 0.00278216
-0.116261 -0.0967657 -0.0393728 0.00984376 -0.0459585 0.00263996 -0.123309 -0.122247 -0.0473391 0.00305574 -0.0469371 -0.0027121
0.000618024 -0.0292281 -0.0593192 -0.0349786 0.0258186 -0.00976214 -0.00704605 -0.0492933 -0.0527307 -0.0308662 0.0224607 -0.0108704
-0.0399933 0.0590747 0.0661056 -0.0119541 -0.00294091 -0.0342073 -0.0459305 0.0542201 0.0530886 -0.0165739 -0.00727315 -0.0386843
0.011662 0.026481 -0.022513 0.0144703 -0.0616161 -0.0521499 -0.010387 0.0242264 -0.0222326 0.0149546 -0.0618202 -0.0526177
0.144958 0.134885 0.0919134 0.0219368 0.0435487 0.00711459 0.146352 0.124943 0.0736849 0.0187369 0.0508597 0.0099337
-0.0569182 -0.0800909 -0.0870441 -0.0468861 -0.00255993 0.0142413 -0.0648669 -0.0883235 -0.0997085 -0.0463307 -0.0149517 0.0206577
-0.0495424 -0.132571 -0.115904 0.00652171 0.00532065 -0.0132804 -0.0409119 -0.127792 -0.114463 0.00841512 0.00700741 -0.0135324
-0.0112335 -0.108584 -0.117617 0.0260202 -0.00276732 0.019227 -0.000476296 -0.118245 -0.129994 0.0327758 -0.00501914 0.0162099
-0.0511935 -0.0712107 -0.133094 -0.00580088 -0.0173071 0.0269857 -0.0506047 -0.0605695 -0.138882 -0.0126963 -0.0190496 0.0265311
-0.0312065 -0.0554072 -0.0731134 -0.00729777 -0.000577905 -0.0185111 -0.0349636 -0.0696073 -0.0867386 -0.00620784 -0.00307457 -0.0135339
-0.094043 -0.0672132 -0.0164301 -0.0261727 -0.00217525 -0.0286229 -0.0944336 -0.0712523 -0.0124757 -0.0165479 0.00395327 -0.0330314
-0.0482553 -0.0899426 -0.116543 0.000781695 -0.00801999 0.00866362 -0.0516549 -0.0814431 -0.125325 -0.000803642 -0.0113656 0.00190204
-0.064548 -0.0046931 -0.0733739 0.0074344 0.00179381 -0.0147218 -0.0699264 -0.0133403 -0.0829164 0.003485 0.00149543 -0.0134473
0.00271583 -0.0155354 -0.0311286 -0.0044852 0.012803 -0.00211214 -0.00133926 -0.0156858 -0.0279128 -0.0136807 0.0107279 -0.0157148
-0.0175368 0.0304377 -0.0262818 -0.00747482 0.0059297 0.0120977 -0.0235648 0.0348601 -0.0299948 -0.00479389 0.00534858 0.0160095
-0.0269151 0.00413257 -0.117136 -0.0166317 -0.0157418 0.0353286 -0.0313877 -5.2716e-05 -0.129372 -0.0235458 -0.0140319 0.0372835
-0.112435 -0.00249199 -0.0661009 0.013581 -0.016369 -0.0012433 -0.122812 0.00908574 -0.0735557 0.0163607 -0.02874 -0.000649197
-0.0407354 -0.0493623 0.00322447 0.00220755 -0.0177364 0.0213709 -0.045812 -0.0710596 -0.00155222 -0.00418957 -0.0181441 0.016104
-0.0123292 0.0317437 -0.0222985 0.00548034 0.0113496 0.00721046 -0.0170949 0.0223805 -0.0202306 0.00373846 0.0104276 -0.00136802
-0.00946541 -0.0409301 -0.0634664 -0.00412279 0.0470013 -0.0191094 -0.0234773 -0.0557116 -0.0793917 0.00242951 0.0527125 -0.0144
-0.0865608 -0.0769649 -0.0619034 0.0123496 -0.0261824 0.0381109 -0.0924456 -0.0781368 -0.0705402 0.00781531 -0.0195319 0.0281327
0.000123383 0.0145975 -0.0089812 0.00361004 0.0294745 -0.0299051 -0.00935593 0.00196969 -0.024442 0.00412037 0.0296056 -0.041352
-0.079338 -0.0642859 -0.0401991 0.0111087 0.00609661 -0.0464358 -0.0841459 -0.0638482 -0.0300162 0.00683346 0.00528556 -0.053267
-0.109873 -0.0601877 -0.0844599 -0.00320347 0.00876512 -0.0193002 -0.110035 -0.0759791 -0.0822546 -0.0129178 0.0105315 -0.018428
0.0139183 0.0350301 -0.0309723 0.00913749 -0.037129 0.00868011 0.0141656 0.0405107 -0.0396598 0.00769006 -0.040069 0.012818
-0.0469548 -0.0280057 -0.0597933 -0.00398718 -0.0189923 0.00411757 -0.0584404 -0.0363085 -0.0629185 -0.000462716 -0.0265955 0.00172148
0.00441547 0.0351649 0.0338736 0.0180345 0.0286232 -0.0074518 -0.012123 0.00617457 0.0242876 0.0221425 0.0257145 -0.00547136
-0.0630203 -0.0969072 -0.0364309 0.0136144 0.00708224 -0.020233 -0.0630289 -0.108894 -0.0562596 0.00872062 0.00396494 -0.0171543
-0.108641 -0.0595996 -0.0608313 0.00146975 0.0425928 0.0183387 -0.125433 -0.0669289 -0.071009 0.00215395 0.0458402 0.0212146
-0.112359 -0.0738293 -0.0069832 0.00241829 0.0179373 0.0172581 -0.128505 -0.0798953 0.000426728 0.00242654 0.0111442 0.0167022
-0.0541967 0.0409147 -0.0466835 -0.000842037 -0.0251685 0.0367317 -0.0624441 0.0289715 -0.0542967 -0.00562815 -0.0274752 0.0306112
-0.0290118 -0.0257145 -0.0533589 -0.0166677 -0.0183115 0.0205504 -0.0437688 -0.0379227 -0.0606739 -0.0238848 -0.011048 0.0206362
-0.130857 -0.160869 -0.126643 0.0167706 0.020702 -0.0223744 -0.1489 -0.152913 -0.131581 0.0191525 0.0282781 -0.0198178
0.0387336 -0.0728702 -0.0466955 0.0141556 0.00278425 -0.00375432 0.0392889 -0.0816114 -0.0596814 0.0134727 0.0054363 -0.00806086
0.0313735 -0.0248817 0.0620652 0.00761734 -0.0243127 -0.0228092 0.021281 -0.0433723 0.0559194 0.00295488 -0.0186346 -0.0227336
-0.150946 -0.0980277 -0.0832289 -0.0034243 0.00949618 -0.0127449 -0.163263 -0.10574 -0.0879384 -0.000393086 0.00719982 -0.0113079
-0.0753866 -0.0598032 -0.0676852 0.032017 0.0275765 0.0665853 -0.0827359 -0.0520594 -0.0732752 0.0231593 0.03475 0.070758
-0.0211629 0.0707992 -0.0177133 0.0426455 -0.0141932 -0.000300855 -0.0268235 0.0664895 -0.031407 0.0391971 -0.0076879 -0.00223605
0.0150537 0.0287411 -0.0951425 -0.0232524 0.00253613 -0.0432757 0.0182999 0.0211355 -0.103424 -0.0315938 0.0123706 -0.0611223
-0.0279008 0.0182189 -0.0486654 -0.00730352 0.0185462 0.0260088 -0.0381 -0.00597975 -0.0482536 -0.00139617 0.0205572 0.0185054
-0.0458374 -0.0202893 -0.098913 0.0143887 0.0172276 0.00685135 -0.0462048 -0.028666 -0.110297 0.00987778 0.0250359 0.00812161
-0.0787412 -0.0689338 -0.0428119 -0.0075649 0.0223511 0.0390713 -0.0598285 -0.0636362 -0.0296192 -0.0163827 0.0152064 0.0455288
-0.0585321 -0.0530336 -0.0905416 -0.0173245 -0.00427861 -0.0164888 -0.0757756 -0.0706361 -0.102935 -0.0166696 -0.00644167 -0.0135548
0.0135365 0.0579495 0.0147562 -0.00165298 -0.0223433 0.0175858 0.0109705 0.0449841 1.41975e-05 -0.00676025 -0.02252 0.0270773
-0.0228859 0.0408745 0.0244608 0.00892791 -0.0141751 0.0194979 -0.0308454 0.0394073 0.0214759 0.0136172 -0.0109173 0.00867401
0.057539 -0.0712383 0.00626431 -0.00464268 -0.00758936 -0.00821211 0.0502678 -0.0765118 -0.00787883 0.00364951 -0.00635802 -0.0147397
0.00846951 -0.114609 -0.0313952 -0.010693 -0.00526342 0.0656396 -0.000316296 -0.109322 -0.0314512 -0.0125307 0.00158617 0.0637954
-0.0459262 0.00562385 -0.0437964 -0.0260777 0.00137101 0.00389691 -0.0507586 0.0151636 -0.0483133 -0.0226181 0.00318944 0.00813333
0.0732074 0.0142224 0.0339429 0.0319724 0.0201281 -0.00517327 0.0735516 0.0176106 0.0283138 0.0268988 0.018734 -0.00313802
-0.000140004 -0.0846252 -0.0441169 -0.0368364 0.0295973 -0.000515467 -0.00463481 -0.0940864 -0.0407088 -0.0413604 0.020687 0.00679383
-0.0576967 0.0200033 -0.0341193 0.035555 -0.0416251 -0.00157054 -0.0646982 0.0185198 -0.0448148 0.0269931 -0.0395023 -0.00699327
0.0273258 -0.0330928 -0.0732467 -0.00388624 0.00421799 -0.00781706 0.0302227 -0.042894 -0.0859368 0.000350741 0.0126312 -0.00569414
0.00471468 0.0335776 -0.054627 -0.0298805 0.0027329 -0.0265938 -0.00193506 0.0271462 -0.0652522 -0.0192193 0.00785068 -0.0261898
-0.0734248 -0.104143 -0.0781942 -0.00873664 -0.00430029 -0.0312611 -0.0793404 -0.0992206 -0.0790231 -0.00660617 -0.00379111 -0.0331386
-0.000988728 -0.00691398 0.01208 0.0277474 -0.0339163 -0.0511642 -0.00999303 -0.0122233 0.0125485 0.0277865 -0.0335879 -0.0546496
-0.0311352 -0.0517894 0.0171756 -0.00387346 -0.0104517 -0.0231992 -0.0447965 -0.0710254 0.0153248 -0.00142451 -0.0143256 -0.0182394
-0.0251449 -0.0792828 -0.0370275 -0.000216596 -0.00539609 -0.0158603 -0.0335241 -0.0988621 -0.0395748 -0.00662747 -0.00432802 -0.015377
-0.0136213 -0.0739152 -0.00448381 -0.00409747 0.0372945 0.00711806 -0.0225409 -0.0839241 -0.00983698 -0.00764043 0.0331987 0.0071421
-0.0416064 0.0100087 -0.0288967 -0.0313107 -0.00225674 -0.0077058 -0.047274 0.0121519 -0.042888 -0.0430487 0.00325673 -0.0126933
0.018145 0.0575133 0.0168181 -0.00403461 0.0371286 -0.041828 0.0144013 0.0432549 0.00434327 0.00333339 0.031743 -0.0440967
-0.0103224 -0.075387 -0.10434 0.0316362 -0.0341461 0.0340413 -0.00852259 -0.0928771 -0.115955 0.0343843 -0.0355619 0.0401707
-0.00137942 -0.0378299 -0.110942 -0.0109874 0.00822078 -0.0134665 -0.0173332 -0.0612415 -0.12223 -0.0164967 0.00544383 -0.011943
-0.118812 -0.0951608 -0.0355786 -0.0507856 -0.031576 0.00211371 -0.125954 -0.0922112 -0.0184888 -0.0529057 -0.0236784 0.0112004
-0.0202545 -0.0351988 -0.052214 0.00601634 0.00130858 0.0233752 -0.033478 -0.0414969 -0.0534344 0.00985747 -0.00329988 0.0186262
-0.0799141 -0.0509247 -0.0682365 0.00491761 -0.0215074 -0.000900757 -0.0931814 -0.0554607 -0.0596211 0.00538012 -0.0113077 0.000807963
-0.044111 -0.0454745 -0.0806772 -0.0333509 -0.033826 0.00565938 -0.0526025 -0.0519362 -0.0939547 -0.0354116 -0.037221 -8.44444e-05
-0.0290661 -0.0360665 -0.0601953 0.0138274 -0.0279956 0.0264375 -0.0439935 -0.0406419 -0.0815601 0.0106864 -0.0335859 0.0260856
-0.0820149 -0.00439345 -0.0612791 -0.018243 -0.00830152 0.00551422 -0.0806243 -0.00127877 -0.0596337 -0.0238304 -0.0186052 0.00610228
-0.0810373 -0.0483264 -0.0995163 0.0313155 0.000719753 -0.00209272 -0.0830852 -0.0573742 -0.113898 0.0288133 0.00433679 -0.00102167
-0.0760876 -0.0541102 -0.0704309 -0.00930267 0.0325333 0.00960233 -0.0824576 -0.0734393 -0.0721897 -0.0168272 0.0320302 -0.00309265
-0.0837955 -0.0957045 -0.0451642 0.00619318 -0.0319759 -0.00313561 -0.0856076 -0.106486 -0.0456855 0.0076713 -0.0240085 -0.00891784
0.0834516 0.0463999 0.0432248 0.00666244 -0.038007 -0.00426575 0.0721459 0.0223256 0.0371885 0.011453 -0.0334881 -0.00924333
-0.050606 -0.141528 -0.113857 0.0115815 0.0492525 0.0132461 -0.0474909 -0.140968 -0.126925 0.012841 0.0534884 0.00845444
-0.122798 -0.0878926 -0.10081 0.0450808 0.0379727 0.0294869 -0.122153 -0.0953329 -0.108485 0.0581478 0.0519675 0.0324996
-0.0335036 -0.104766 -0.0759104 0.0225725 -0.0211184 0.0451328 -0.0405239 -0.114977 -0.0912259 0.0423061 -0.0166166 0.0374813
-0.118565 -0.086669 0.0393479 0.00112671 0.0777408 -0.0175479 -0.125643 -0.0999267 0.0416469 0.00691414 0.0875019 -0.0161338
-0.113133 -0.12003 -0.0799797 0.0460601 -0.0112802 -0.0313981 -0.116039 -0.141671 -0.0991476 0.0644931 -0.00726438 -0.032162
0.0396698 0.0260506 -0.0212373 0.00638614 0.0392132 -0.0147333 0.0367688 0.00693691 -0.00571173 0.0135757 0.0508339 -0.0196836
-0.0865462 -0.0392999 -0.0487354 0.0181908 0.0198573 -0.0372519 -0.0929467 -0.0475525 -0.0357639 0.0284812 0.0261462 -0.0490863
0.00585855 0.0497202 0.0232316 0.0117554 0.013496 0.000896825 -0.000541296 0.0379677 0.0166713 0.0267433 0.0319859 0.00416253
-0.0799388 -0.0951753 -0.0954245 0.0195792 -0.0155288 0.00791193 -0.093999 -0.0954868 -0.0857635 0.0230867 -0.00424247 0.0103681
0.00270622 -0.0116649 0.00767061 0.0111648 0.010082 -0.0326921 0.011608 -0.0106576 -0.00137296 0.0258981 0.0190579 -0.04212
-0.175437 -0.102809 -0.110573 -0.00704493 0.0255505 0.0312412 -0.19104 -0.110397 -0.110912 0.0101728 0.0265057 0.0283372
-0.0566409 -0.0590885 -0.0931042 0.0159868 0.0199026 0.0220138 -0.0564933 -0.0717391 -0.0825884 0.0251917 0.0386425 0.0252904
-0.069239 -0.129381 -0.0930792 -0.0132364 -0.0130931 0.00383441 -0.0766141 -0.120987 -0.11234 -0.00267889 -0.00320969 -0.00644858
0.00866402 -0.0249779 -0.0971558 -0.00943892 -0.00138519 0.000721351 0.0192815 -0.0359983 -0.108176 -0.0113759 0.00877006 0.00943839
0.0618022 0.0795821 0.0297399 -0.00115357 0.0113888 -0.0988556 0.0488446 0.0539427 0.0110932 0.00416 0.0152047 -0.105239
-0.0891799 -0.128469 -0.131675 0.00944746 0.00247186 0.0193977 -0.105016 -0.132789 -0.142142 0.0180236 0.0164234 0.0254939
-0.0043746 0.0157673 0.0432999 -0.0378046 0.00621899 0.0104793 -0.0134333 -0.00437056 0.0410571 -0.0257899 0.0232359 0.00869179
-0.113057 -0.0845794 -0.141701 0.00591108 -0.0288792 -0.0159024 -0.11087 -0.101939 -0.155286 0.0168777 -0.0238644 -0.0234005
0.00759983 -0.0215568 -0.0152803 0.00924396 0.0279749 -0.00327152 0.00863926 -0.0253902 -0.0107866 0.0182581 0.0350183 -0.00336352
0.0735116 0.0587205 0.0451609 0.0150302 0.031392 -0.00512344 0.0675271 0.0571623 0.0453404 0.0263096 0.0420905 -0.00894475
0.0363431 0.00558801 0.00565681 0.0166856 0.00289473 -0.0049926 0.0324917 0.0161035 0.0231702 0.0304746 -0.00207333 -0.0137855
-0.00826167 -0.0192799 -0.0115726 0.0215441 0.0487524 0.0223579 -0.0237519 -0.0214636 -0.0142886 0.0321012 0.0436709 0.0245678
0.0559736 -0.051888 0.0426841 0.0265343 0.0126625 0.0292921 0.0516125 -0.065326 0.0317651 0.0413865 0.0222261 0.032759
0.0134104 0.00216089 0.0108175 -0.0129574 -0.0235155 0.001748 0.00113611 -0.0133564 0.0150051 -0.00195488 -0.0123121 0.000772469
0.000369448 -0.072732 -0.0604016 0.0215259 0.0273387 -0.0137299 -0.0132521 -0.083798 -0.0605478 0.0292203 0.0349783 -0.0140669
0.0396834 0.0285128 -0.0259817 0.00777441 -0.0159427 0.0199613 0.0249095 0.0431807 -0.0400606 0.0112439 -0.0151169 0.0186715
-0.177945 -0.1226 -0.149829 0.0318959 0.0187788 -0.00176464 -0.183614 -0.127896 -0.148533 0.0376367 0.0285351 -0.0045366
-0.0420277 -0.103007 -0.0372448 -0.0255164 -0.00936192 0.0180019 -0.0277102 -0.108013 -0.0574591 -0.0146245 -0.00112463 0.0240478
-0.104084 -0.133978 -0.160906 0.00702657 -0.039015 0.0112799 -0.104763 -0.144534 -0.156003 0.0111873 -0.0279793 0.00809778
-0.0825125 -0.0363925 -0.0635027 0.00472387 -0.00224271 0.0340793 -0.0941096 -0.0273083 -0.0611053 0.0169782 -0.0010271 0.0390499
-0.017307 -0.0274447 -0.0707763 0.0116269 0.0296188 -0.00366135 -0.0143004 -0.0446277 -0.0735889 0.0241023 0.0368702 0.00675265
0.0264843 0.0615286 -0.00596095 -0.00525123 0.0190998 -0.0300884 0.0285078 0.057076 -0.0135432 0.0170453 0.0179009 -0.0409664
-0.0227434 -0.0631712 -0.102613 0.0204292 -0.00392507 0.0302578 -0.0252841 -0.0723242 -0.105579 0.0336483 0.00202611 0.0255422
-0.0200733 -0.0323745 -0.0156244 0.0123163 0.00183938 0.00724426 -0.00554154 -0.048305 -0.0231275 0.0223335 0.0162664 0.00485191
0.018998 0.0638701 0.0417389 -0.00354969 0.0153437 0.0256925 0.0078834 0.0573415 0.0385714 0.00203451 0.030955 0.0300022
0.0274148 -0.0857963 -0.0447167 0.00379148 -0.0134794 0.0136767 0.0322295 -0.0842256 -0.0523189 0.018076 -0.00635401 0.0121241
-0.175644 -0.115453 -0.0353403 0.0203088 -0.022835 -0.0136527 -0.179553 -0.108161 -0.0369106 0.0404244 -0.0146146 -0.0158774
0.0085022 0.013889 0.0392909 -0.0199855 0.0211128 -0.0396063 0.00826735 0.00586599 0.0262827 -0.00900568 0.021761 -0.0476374
-0.0703556 0.0150192 -0.0305331 0.0402768 -0.0220648 -0.0252889 -0.071768 -1.25309e-05 -0.0611828 0.0523787 -0.0106579 -0.0274861
0.0493439 -0.012352 -0.0492695 -0.00318297 0.0183284 -0.0265148 0.0237962 -0.0193616 -0.0574328 0.0145638 0.0267197 -0.0310983
-0.0678202 0.00726095 -0.0699271 0.0089909 -0.0199416 0.00686666 -0.0759304 -0.00275815 -0.0638574 0.0234712 -0.0160347 0.00176796
-0.0443966 0.00499652 0.0131535 -0.000637813 -0.00107664 0.00666198 -0.034758 0.0205395 0.00957481 0.0065771 -0.00116648 0.00520568
0.0263015 0.0294072 -0.0047544 -0.01143 0.0118599 0.0073911 0.0304864 0.0452491 -0.00881914 -0.00251056 0.011767 0.00638617
0.0410009 0.101015 0.143744 0.0242204 0.0375137 -0.045799 0.0349912 0.0852333 0.121862 0.0379961 0.0445144 -0.0441699
0.0421211 0.0169975 -0.00710903 0.0167273 0.0313423 0.00491157 0.0266159 0.0152628 -0.0151225 0.0294063 0.0385171 0.00465586
0.0309725 0.10347 0.0214109 0.0216 0.00981773 -0.0300547 0.0346194 0.103969 0.0220001 0.0296634 0.00766426 -0.0332124
-0.0081621 0.0562466 0.0537433 -0.0165493 0.00381144 -0.0108945 0.0152478 0.0781989 0.0616019 -0.00877864 -0.0090158 -0.0111514
-0.101649 -0.0605978 0.0120379 0.0100187 0.00289522 0.0190765 -0.082824 -0.0567853 0.0159159 0.0204289 0.00640648 0.0195415
0.0445812 0.0336993 0.0254072 0.0167073 0.00462818 0.0254234 0.0460688 0.0380529 0.0096266 0.0169992 0.00418877 0.0268785
0.0161613 0.0374532 0.0134739 0.0273181 -0.0141187 -0.00559822 0.0225437 0.0111838 -0.0161875 0.0317195 -0.0170175 -0.00514972
-0.0579647 -0.0857764 -0.00201613 -0.0202283 -0.00585581 0.0382876 -0.0505533 -0.107594 0.0102949 -0.0229721 -0.00365162 0.0467051
-0.000792164 -0.026957 0.00162295 0.00794322 -0.000779215 0.0248488 0.0102476 -0.0440478 0.00530111 0.00393491 0.00227069 0.0190348
-0.0380319 0.0206672 0.0323904 -0.0128568 -0.0268107 0.0213935 -0.0694267 0.0273448 0.0402737 -0.0122056 -0.0210857 0.0380092
-0.0474902 -0.0521622 -0.0506903 -0.0286048 -0.00877231 0.0320045 -0.0496314 -0.0779711 -0.0564831 -0.0342906 -0.00047 0.0239175
-0.0520906 -0.0746131 0.0603336 -0.00442479 -0.0388392 0.00088584 -0.0567501 -0.0989688 0.0734711 -0.00750343 -0.0400882 0.010303
0.0108656 -0.0123301 -0.00859941 0.0170568 0.00617926 0.0691269 -0.00246977 -0.0294722 -0.0204342 0.025682 0.0136258 0.0749924
0.00125179 -0.024664 0.0304847 -0.0146078 0.00654695 -0.0194865 0.00122185 -0.0453813 0.0338824 -0.0101593 0.0111209 -0.0212035
0.0242661 0.0356234 0.0524122 -0.0260229 0.0289453 -0.0122032 0.00235556 0.0368664 0.05364 -0.0286458 0.0381653 -0.0283033
-0.0578863 -0.0666242 -0.0965685 -0.00854056 -0.0109223 0.0105369 -0.0483188 -0.098783 -0.0958395 -0.00204338 -0.00731 0.00397444
-0.0498279 -0.0942639 -0.123248 0.0354065 -0.0416042 -0.0230592 -0.0414078 -0.127564 -0.119979 0.0380908 -0.0483513 -0.0262743
-0.0394418 -0.0826706 -0.0636408 0.00478778 -0.0113316 0.0104174 -0.0373242 -0.0889397 -0.0909619 0.00690264 -0.00594606 0.0206661
-0.127002 -0.0854111 -0.00488831 -0.0140009 0.00632076 0.0326764 -0.129195 -0.0920944 0.00800463 -0.0154297 7.92593e-05 0.0346724
-0.0882617 -0.143208 -0.112195 0.000762287 0.0223123 -0.0278044 -0.0799941 -0.167225 -0.106266 0.000488148 0.0206856 -0.0229011
-0.0601974 -0.000524027 -0.00149378 0.00936535 0.000786367 0.0326119 -0.0594711 -0.01634 -0.00209361 0.00926653 0.00999278 0.0352944
-0.0133004 -0.0445513 -0.0535798 -0.0367067 0.0378891 0.00744865 -0.0133241 -0.0436473 -0.0721407 -0.0369913 0.0418398 0.00387509
-0.134383 -0.0469572 -0.126047 0.00743268 0.0399559 -0.00168172 -0.145521 -0.0648583 -0.115226 0.0103389 0.0403028 -0.00389597
-0.0419925 -0.000638269 -0.0126923 -0.0186085 -0.0121441 -0.0324493 -0.0309326 -0.0338994 -0.0223621 -0.0213635 -0.0105999 -0.0308354
-0.0245563 -0.0393985 -0.0626594 0.0396675 0.00887633 -0.0218995 -0.0206558 -0.0709314 -0.0762904 0.0376714 0.012085 -0.0207407
-0.0301001 -0.0285878 0.0631021 0.017491 -0.0249253 -0.00583828 -0.0252669 -0.0464918 0.0715514 0.0110445 -0.0199573 0.003215
0.0795255 0.0380686 0.0711247 -0.0182507 0.0220372 -0.00601815 0.0962956 0.0309437 0.046617 -0.0170284 0.0268441 -0.00912366
-0.00788415 0.0409914 0.0159302 0.00169334 -0.0115269 0.00624304 -0.0164345 0.013821 0.0302774 0.00576218 -0.00949134 0.00718644
0.0809922 0.0531126 0.010638 0.0188225 -0.0112407 -0.000176324 0.0972212 0.043664 -0.00524639 0.0126125 -0.00365144 -0.00630833
-0.0478423 -0.0661358 -0.0394915 0.0245097 -0.0334825 0.00709786 -0.01927 -0.10899 -0.050348 0.0208019 -0.0392927 0.0151893
-0.00626489 0.0123866 -0.0533292 0.00247733 0.0145045 0.0101366 -0.00256037 -0.000458287 -0.073718 -0.00131708 0.0125791 0.00915662
-0.0502613 0.000682184 -0.00485531 -0.0262196 0.0164841 -0.00833684 -0.0633753 -0.00484042 -0.0161212 -0.0218141 0.0222208 -0.00955755
-0.0214199 -0.0734333 -0.0337998 -0.021124 -0.026534 -0.0126875 -0.0317757 -0.080127 -0.0413473 -0.0305895 -0.0317121 -0.00857107
-0.260037 -0.216684 -0.1174 0.0262527 0.0184015 -0.00352763 -0.275192 -0.216062 -0.103177 0.0311734 0.0203572 -0.014749
0.0934198 0.0325901 0.0358255 -0.00549623 -0.0198681 -0.00114291 0.110522 0.0240794 0.0075237 -0.0124163 -0.0184431 0.00443296
-0.112046 -0.0223827 -0.0911909 0.0328836 -0.0355686 -0.00863409 -0.127479 -0.0335231 -0.0940284 0.0376816 -0.0506822 -0.00911347
-0.0375718 -0.0523503 -3.69985e-05 -0.0381482 0.0160149 -0.030768 -0.0409337 -0.0766581 0.00407347 -0.03598 0.0209031 -0.0314844
-0.0761954 -0.0657121 -0.0747662 -0.0242676 0.0112184 -0.0268799 -0.0925176 -0.0795367 -0.0789885 -0.0209842 0.00682116 -0.0272934
-0.062423 -0.0207612 -0.0282413 0.0123008 0.00113052 0.0279285 -0.0617856 -0.0229364 -0.0419709 0.0117201 -0.00133727 0.0331053
-0.0374436 0.0036125 0.049243 -0.0412191 -0.00995224 0.0275042 -0.045422 -0.00703597 0.0351254 -0.0431379 -0.0111116 0.0299705
-0.0316979 -0.00324355 -0.0244672 -0.0320343 -0.00244099 -0.00103778 -0.0425931 -0.0219842 -0.0341585 -0.0391499 -0.000506944 -0.000899676
0.0310171 0.0229276 0.0821903 -0.00422513 0.0279447 -0.0192796 0.0147654 0.00778611 0.0657195 -0.0032669 0.0273784 -0.0204396
-0.0876384 -0.0727718 -0.0986048 0.0422943 0.014332 0.00471823 -0.0713675 -0.083185 -0.119946 0.0445125 0.0195581 0.000191574
0.00632516 0.0263547 0.0296771 0.00444132 0.0259482 -0.0057738 -0.00374139 0.0291423 0.0164083 0.00539676 0.0265264 -0.00637787
-0.0134601 0.00790135 -0.00336659 0.0310655 -0.00486091 0.00945512 -0.0242084 0.0114827 -0.0161165 0.0336806 -0.00430519 0.00832032
-0.102474 -0.0613843 -0.122528 0.0222302 -0.00656182 0.0228305 -0.115173 -0.0754733 -0.130849 0.0273807 -0.0076944 0.0110848
-0.00115614 -0.0882659 -0.0319023 0.00463346 -0.00287802 0.000125383 -0.012074 -0.103842 -0.0311222 0.00568551 0.000429769 0.00450644
0.106173 0.045219 0.114643 -0.0165726 0.0146878 -0.0570123 0.0988887 0.026198 0.109811 -0.0184662 0.0138363 -0.0551325
-0.0545255 -0.107647 -0.079824 0.00996832 -0.00887076 0.00118542 -0.0628986 -0.113569 -0.090501 0.00577556 -0.0108445 0.00557644
-0.0488903 -0.0235021 -0.0432368 -0.00034421 0.0214677 0.00784456 -0.0461525 -0.0116958 -0.0638403 0.00297199 0.0183259 0.00394931
0.0795258 0.0380682 0.0711252 -0.018251 0.0220372 -0.00601816 0.0962952 0.0309433 0.0466168 -0.0170285 0.0268442 -0.00912361
-0.0396234 -0.0280243 -0.0230074 0.0109424 0.0151712 -0.00407371 -0.0417971 -0.0468256 -0.0302514 0.00773847 0.017788 -0.00700736
-0.129883 -0.129399 -0.0688936 -0.000963586 0.00744085 -0.00840045 -0.13476 -0.143856 -0.068134 0.000538472 0.00338639 -0.0107137
-0.0419927 -0.00063831 -0.0126919 -0.0186084 -0.0121443 -0.0324496 -0.0309316 -0.0339008 -0.0223551 -0.0213625 -0.0105958 -0.0308422
-0.0531906 -0.0726853 -0.00960797 0.0471027 -0.0701254 -0.00460951 -0.0552719 -0.0867007 -0.015218 0.0430662 -0.0686064 -0.0154861
-0.0898041 -0.0215142 -0.0679635 0.0395456 -0.0298583 -0.00958419 -0.112522 -0.0340974 -0.0403479 0.0365683 -0.0327861 -0.0147691
-0.119424 -0.0540311 -0.0844919 -0.010868 0.0236906 0.013897 -0.154336 -0.0833174 -0.0682919 -0.0137441 0.0288234 0.00414782
-0.0836983 -0.0185882 -0.0914335 0.0237939 0.0267195 0.0129278 -0.0843244 -0.0435794 -0.0996584 0.0257313 0.0270964 0.0180756
-0.0486029 -0.0772311 -0.0748378 0.012746 -0.0118193 0.00165515 -0.0573049 -0.0824066 -0.0869807 0.0112535 -0.0131948 0.00145806
-0.0770983 -0.120484 -0.064451 0.00668516 0.00709643 0.0268932 -0.0683488 -0.139595 -0.0717675 0.010201 0.00216588 0.0201434
-0.118403 -0.104684 -0.128315 0.0171279 0.00427866 -0.011976 -0.106577 -0.120872 -0.142009 0.0185451 0.0126613 -0.00952296
-0.13081 0.0145833 -0.0502853 0.0270356 0.0285056 -0.0223191 -0.158599 0.0348986 -0.0729125 0.0241731 0.0220394 -0.0145276
-0.116583 -0.0685036 0.0522551 0.00429344 -0.0383498 -0.00293373 -0.148174 -0.0755631 0.0334338 0.00818306 -0.0332592 0.00324954
-0.110844 0.0230622 0.0055384 0.000991898 -0.000412458 -0.0108793 -0.137768 0.031305 0.000652361 -0.00351097 0.00961083 0.00624361
-0.0770206 -0.0703157 -0.0656062 0.019028 -0.00247414 0.0463761 -0.0783815 -0.0994286 -0.0839887 0.0130666 -0.00874833 0.0471604
0.0332951 0.0659792 0.0154602 0.00958108 0.0364721 -0.0178973 0.0294241 0.0525769 -0.000104167 0.0146263 0.0443327 -0.0249162
-0.00417384 0.0253787 0.00640126 0.0037725 -0.0453982 0.00109269 -0.028876 0.0163993 0.0166994 0.0029362 -0.0555879 -0.00621648
-0.00764333 0.0130585 0.00430847 -0.00309603 0.0179658 -0.00380276 -0.00967537 -0.00343255 0.0198003 -0.00561565 0.0121819 -0.00827495
-0.0694787 -0.0629832 -0.0415862 -0.0119352 -0.0160118 0.00792414 -0.0692557 -0.0842429 -0.0457326 -0.0140433 -0.00599463 0.00193907
-0.0456867 0.00537472 0.00120079 0.00142733 -0.00621659 0.0059135 -0.0642551 -0.0201684 0.00672866 0.00570713 -0.00308134 0.00602528
-0.0445355 -0.0348094 -0.0264354 0.00201194 -0.0015544 -0.00777683 -0.037265 -0.051322 -0.0277116 -0.00321912 0.00923019 -0.0102035
-0.0949588 -0.0120809 0.023239 -0.00469818 0.0325031 -0.0122967 -0.0999374 -0.0330155 0.0300327 -0.00204903 0.0341419 -0.0177372
-0.0116105 -0.00595188 -0.0442541 0.010428 -0.00909275 0.00710422 -0.0215159 -0.0248068 -0.0546574 0.00637722 -0.00854898 0.00736148
-0.112299 -0.113298 -0.127611 -0.00736182 -0.0305768 0.00790971 -0.114929 -0.132405 -0.107377 -0.00874963 -0.0313361 0.00498074
-0.0233695 0.0713575 0.0692266 -0.0391575 0.00482113 0.00891046 -0.0233739 0.0587875 0.089707 -0.0445615 0.00379389 0.00316523
-0.0743024 0.0138969 -0.0224834 -0.014613 0.00944184 0.0366392 -0.0778739 -0.0122873 -0.0274368 -0.0204471 0.00315745 0.031351
0.0360751 -0.0184085 -0.0681109 0.0345668 -0.00623335 0.00239134 0.0304439 -0.0505403 -0.0509398 0.0377955 -0.00449699 -0.00647486
-0.0080936 -0.0295502 -0.0191546 -0.000979068 0.0298739 0.019422 -0.0185702 -0.0481992 -0.0221726 -0.000950231 0.0285041 0.0209515
0.00604416 0.0519176 0.0331349 0.00241172 0.00505323 -0.0189336 -0.0164283 0.0428213 0.0152227 -0.00435222 0.00585935 -0.0189818
-0.0379889 -0.0570597 -0.0244362 0.00386901 0.0118039 -0.0242812 -0.055392 -0.0780141 -0.0286126 0.00223079 0.0133166 -0.0265692
-0.0535918 -0.0458745 -0.0145393 -0.0149383 -0.0129446 0.00406699 -0.0584256 -0.0422082 -0.0361256 -0.0133651 -0.0095906 0.00921741
0.00141654 0.0223103 0.0149354 -0.0277525 0.00869877 -0.0163796 -0.0279018 0.0093706 -0.0049763 -0.0263203 0.0126149 -0.0150793
-0.100462 -0.0951419 -0.0201186 0.00487015 0.027245 -0.00198596 -0.128567 -0.12417 -0.0189573 0.00197782 0.0278426 -0.0015038
0.0429649 0.0849894 0.0618899 -0.0204943 0.0274745 0.0237035 0.0227317 0.0662585 0.0500958 -0.0207435 0.0274 0.0250498
-0.041762 -0.0176627 0.0114228 -0.0131809 -0.0298245 -0.000784344 -0.0640424 -0.0420547 0.00132861 -0.0148606 -0.0293428 0.000781574
-0.0313955 0.00478234 0.008976 -0.0135499 0.00516185 -0.000642488 -0.0566067 -0.00534315 -0.00650407 -0.011815 0.00781801 -0.00525824
-0.00196073 0.0054579 0.00250009 0.00697265 3.60601e-05 -0.0217016 -0.0204159 -0.00771866 -0.0190062 0.00199574 0.00225306 -0.0204259
-0.0257042 -0.0248051 -4.6886e-05 -0.00521901 -0.0114268 -0.00911714 -0.0286499 -0.0249672 -0.0139849 -0.00669722 -0.0193458 -0.0132382
-0.0493333 -0.0046793 -0.0096867 0.0119466 0.00436779 0.0158756 -0.0567111 0.00307503 -0.0161261 0.010511 0.0038099 0.017142
-0.0483407 -0.0534759 -0.0123288 0.0153865 -0.0153097 0.0283184 -0.0506504 -0.0627116 -0.00339111 0.0220639 -0.0130448 0.0255665
-0.0999825 -0.100014 -0.0590881 0.00132076 0.00606084 0.0244295 -0.105021 -0.106361 -0.0630351 6.96528e-05 0.00392927 0.0242623
0.00219381 -0.0428584 -0.0305372 -0.00557111 -0.0173664 -0.0143439 -0.00273656 -0.0586613 -0.0229293 0.00451392 -0.01525 -0.0254521
-0.0058949 -0.0136393 0.0316271 -0.0118886 0.00581909 0.0130018 -0.0154458 -0.0295973 0.0450487 -0.010614 0.0153182 0.00438774
-0.025642 -0.0151888 -0.0424124 -0.00908894 -0.0136967 -0.00740525 -0.0324938 -0.0211811 -0.0462102 -0.00125115 -0.0178913 -0.0199265
-0.0650404 -0.104115 -0.0925963 0.00759403 -0.00746508 -0.016419 -0.0538048 -0.128358 -0.0764303 0.011659 -0.0123693 -0.0230903
-0.0174865 -0.0202411 -0.0179484 0.0444961 0.007389 0.0020032 -0.0233347 -0.0304359 -0.028464 0.0458349 0.000894063 -0.000643819
-0.00756904 0.0200245 0.0382612 0.0104016 0.00294168 -0.0187278 -0.0254541 -0.00486677 0.0374798 0.00985281 0.000899792 -0.0233374
0.00643066 0.0152253 0.0198939 0.0196217 -0.0128245 -0.0115193 -0.00883424 0.0105561 0.00441642 0.0199276 -0.00722302 -0.0179476
-0.0221926 0.00730426 -0.0309737 0.0549922 0.0291138 -0.0190697 -0.0324595 0.000509063 -0.0425872 0.0653225 0.0331071 -0.0235043
-0.0352708 -0.049144 -0.0474969 0.00159971 0.00355931 -0.0264532 -0.0383105 -0.0572442 -0.0575966 -0.00168677 -5.70486e-05 -0.0372181
0.00300009 -0.00449332 -0.00343548 0.0154128 0.00529573 0.00748567 0.000947396 0.0100439 -0.00495795 0.0138014 0.00391128 0.0100995
-0.00809225 0.0264575 -0.0186932 0.0108028 -0.0220894 -0.0249484 -0.0088842 0.0179512 -0.0258685 0.012169 -0.0205872 -0.0230698
-0.0779011 -0.0462021 -0.0198775 -0.00671321 -0.00796383 0.00431111 -0.0717848 -0.0492075 -0.0184901 -0.0117587 -0.00544333 0.000465833
-0.0454437 -0.0375961 -0.0333004 0.0360115 0.0265021 0.00485889 -0.0500567 -0.0340561 -0.0395884 0.0335166 0.0212654 0.00229806
-0.0154324 -0.0196349 0.064784 -0.00257353 -0.0301526 -0.0062668 -0.0194797 -0.0213717 0.0756924 -0.00451056 -0.0237998 -0.00811882
-0.0894682 -0.0413188 -0.0900944 0.0145185 0.0100856 -0.000766962 -0.0889674 -0.0361501 -0.0938771 0.0127872 0.0121402 -0.00164875
-0.0794531 -0.0761437 -0.0827564 0.00319372 0.00338217 0.0119802 -0.094373 -0.0807633 -0.0875144 0.00891938 -0.000181007 0.0147732
-0.0545573 -0.0797443 -0.0536753 0.0043019 0.00743412 0.0106598 -0.0437606 -0.0861456 -0.0571213 0.00887958 0.0121815 0.00743611
-0.0328235 -0.106663 -0.0574397 -0.0117262 0.0185191 0.025715 -0.0433316 -0.113278 -0.0552498 -0.0105704 0.0215995 0.0283409
0.0510396 0.0286672 0.0252362 0.00439858 -0.0213641 0.0294888 0.0540338 0.0406243 0.0123694 0.0054266 -0.0247918 0.0175113
-0.049116 -0.0513877 -0.0428404 0.0155161 -0.0199523 -0.00754104 -0.0546287 -0.0626097 -0.0466227 0.0178747 -0.0216686 -0.00643118
0.000957582 -0.0234209 0.0114968 -0.00654065 -0.0223053 0.00669632 0.00245601 -0.024432 0.00782597 -0.00237594 -0.0173855 0.000718403
-0.00335347 -0.0229742 -0.0396905 -0.0176543 0.00469693 -0.001791 -0.00068441 -0.0352062 -0.0545699 -0.020709 0.00792493 -0.00593663
-0.0025072 0.0106605 -0.0339012 0.0265934 -0.00310893 0.00727964 -0.00822378 0.00539545 -0.0557766 0.0305304 -0.00759285 0.00490014
0.0239877 0.0104286 0.0396343 0.00915711 -0.0135731 0.00877106 0.0185601 0.00626264 0.0403093 0.012833 -0.0122376 0.00653076
-0.0193859 -0.0185202 -0.0255935 -0.0150671 0.00656537 0.00410109 -0.00790434 -0.01762 -0.029728 -0.020601 0.00664823 -0.00180618
-0.0730241 -0.0851061 -0.0756504 0.00639489 0.0138547 -0.0167198 -0.0708652 -0.0938337 -0.0797401 0.00612451 0.0241541 -0.0198364
0.038082 0.0314114 0.0347083 -0.00402802 -0.0146393 -0.00255047 0.0287469 0.0384308 0.0339608 -0.00977163 -0.0124592 0.000260243
0.0535319 0.0271283 0.0363655 0.0386276 0.0131811 -0.00893244 0.0544086 0.00702125 0.0337443 0.0402754 0.021604 -0.0154706
-0.0671631 -0.0485547 -0.00606299 0.0139516 -0.0130434 -0.0141296 -0.0633746 -0.0666893 -0.0120615 0.0228048 -0.00656663 -0.0214525
-0.0345109 -0.0839166 -0.0460226 0.0194614 -0.0279689 -0.0415651 -0.0393685 -0.0962662 -0.0455384 0.0156189 -0.0255445 -0.0510028
-0.0112781 -0.0366496 -0.011984 0.0176694 -0.0101898 0.00355166 -0.0219198 -0.0500872 -0.0141082 0.00806948 -0.0134091 -0.00738851
-0.0459323 -0.0601879 -0.0310408 0.00543886 0.0282118 0.0328667 -0.0495369 -0.0693908 -0.0365412 0.00964326 0.0274483 0.0342208
0.0339094 0.0118733 -0.0280614 0.00769868 0.00603178 0.00741449 0.0334531 0.0107276 -0.0126235 0.010216 0.00636566 -0.00185552
0.000626748 0.0303289 0.0115598 0.0217396 -0.0310592 0.000675594 0.00114507 0.0213342 0.0100862 0.0198752 -0.0246927 -0.00896038
-0.0801212 -0.0399598 -0.0518795 -0.0299948 -0.0310181 -0.0128056 -0.0846162 -0.045879 -0.0599961 -0.0385505 -0.0353221 -0.0178158
0.0307391 0.0643425 0.0136921 0.00794824 -0.00452098 -0.00432691 0.0305257 0.0544244 0.0152892 -0.00103861 -0.00249778 -0.000990035
-0.027448 -0.0277784 -0.016793 0.00184855 -0.0224932 -0.0106632 -0.021826 -0.0241372 -0.0255095 -0.00185625 -0.020387 -0.0164032
-0.0244462 0.00692016 0.0406623 0.0166871 -0.00490249 -0.0156321 -0.0343939 -0.00456823 0.0370315 0.0127147 -0.0140827 -0.0213733
-0.0284973 -0.0427384 -0.00099514 0.00523996 0.0177209 0.0238018 -0.0335547 -0.0406389 0.00188701 0.00381076 0.0187898 0.0223845
-0.02914 -0.0671973 -0.0382714 0.0106719 -0.00411578 0.0141009 -0.0388991 -0.0848468 -0.0445073 0.0076174 -0.00910406 0.0176592
-0.0327853 -0.0362227 0.00721587 0.00896402 0.00160045 -0.0233741 -0.0354549 -0.0395134 0.00445705 0.0125468 -0.00136215 -0.029425
0.029849 0.00051346 0.0125856 0.00251575 -0.0104549 0.00154824 0.0323486 -0.00793236 -0.0144948 -0.00408021 -0.00941347 0.000776076
0.00084533 -0.00859779 -0.000832234 0.00970863 -0.0125903 -0.0129619 -7.48611e-05 -0.00985646 0.00127736 0.00950403 -0.00266604 -0.0114606
-0.00677215 -0.0231268 0.0106532 0.0229775 -0.0150364 -2.86986e-05 -0.012853 -0.0348874 0.00579243 0.0291926 -0.0149247 -0.000791042
-0.020017 -0.00574811 -0.01008 0.0124016 0.0135029 -0.00222106 -0.0319986 0.00205372 -0.0169048 0.00916201 0.0214593 0.00139007
-0.0597044 -0.090125 -0.0672374 -0.0234151 -0.0199567 -0.00563234 -0.071293 -0.08391 -0.0581766 -0.019572 -0.0272351 -0.00788483
-0.0177858 -0.0196975 0.00544725 0.0208961 0.00257771 0.00764561 -0.0279996 -0.0282583 0.0100362 0.0195617 0.00518253 0.0100842
-0.00743257 -0.0889563 -0.0573538 -0.0151963 0.0199226 0.00541645 -0.0135451 -0.0957503 -0.0505871 -0.00937194 0.0236086 0.00942486
-0.072296 -0.0506453 -0.0451885 0.00781597 0.00881398 0.00274308 -0.0752589 -0.0573765 -0.030547 0.0151255 0.00836608 -0.00794705
-0.0502625 -0.0180539 -0.0118194 -0.0105443 -0.00510539 0.0170937 -0.0498637 -0.0124137 -0.00818236 -0.00578246 -0.00683743 0.0172885
-0.0239274 0.00250708 -0.0179258 0.0176035 -0.0173811 -0.0172061 -0.0372934 -0.00857271 -0.0142095 0.00859785 -0.0136224 -0.0144955
-0.0366913 -0.0236622 -0.00439074 0.0299905 -0.0170112 0.00557246 -0.0377441 -0.026786 -0.0130465 0.036137 -0.0111442 -0.000476285
-0.0527745 -0.0463809 -0.0285432 0.00788324 -0.00213828 0.0196733 -0.057857 -0.0478953 -0.0401447 0.00493521 -0.00578823 0.0219382
-0.031772 -0.030169 -0.0564823 0.0209336 -0.0106554 0.00959803 -0.0304703 -0.0338018 -0.0446799 0.0219189 -0.0141721 0.00290899
-0.0267362 -0.052941 -0.0760194 -0.00957624 -0.0412157 0.00342277 -0.0292058 -0.0533723 -0.07368 -0.00261538 -0.0411058 -0.00196892
-0.0779661 0.0135115 -0.0240527 -0.0334161 -0.0130364 -0.0168955 -0.0860532 0.0102884 -0.0263449 -0.0328106 -0.0171035 -0.020881
-0.0266303 -0.00878058 0.00193422 0.0313824 -0.0162256 -0.0400298 -0.0485882 -0.0131896 -0.000999271 0.0373047 -0.0198382 -0.0419956
-0.0743013 -0.0752105 -0.023904 0.00777977 -0.00563137 0.000285499 -0.0792296 -0.0861805 -0.0172697 0.0120545 0.00236889 -0.0062499
-0.0218985 -0.0167612 -0.0346677 -0.00398865 0.000695168 0.00169732 -0.0285522 -0.0297181 -0.0349375 0.00701747 0.0144334 0.000251146
-0.0505494 -0.0537238 -0.0145492 0.00467406 0.0192475 -0.000674644 -0.0619806 -0.067054 -0.00680253 0.00522882 0.0216151 -0.00245854
-0.0144036 0.00637085 0.00047215 0.0154834 0.0249363 -0.0167345 0.00242278 -0.0129481 0.000268507 0.0166045 0.0205005 -0.0186078
-0.0106232 0.00624893 -0.0453983 -0.0169119 0.00746853 -0.0200632 -0.0101214 -0.00994972 -0.0595074 -0.00654594 0.0153389 -0.0184922
-0.00464236 0.0228416 -0.0217801 -0.0185418 0.0165188 -0.00372852 -0.0170577 0.0209462 -0.0217693 -0.0216643 0.0179066 -0.00900392
0.00409524 -0.0294439 -0.0542782 0.0162464 -0.0181703 -0.0238759 0.00579628 -0.0352877 -0.0634133 0.0166625 -0.0243508 -0.0271792
-0.0272967 -0.012283 -0.0259049 -0.00605014 0.025983 -0.0224475 -0.042556 -0.0129831 -0.0336711 -0.00852049 0.0271883 -0.0328859
0.00153966 -0.0108286 0.000376161 0.0044497 0.0161925 -0.00853339 -0.00857524 -0.026873 0.0132134 0.00137924 0.0195197 -0.00996094
0.0191393 0.0381221 -0.00969755 0.00500924 0.00489939 0.00104842 0.0312634 0.0286771 -0.0197373 0.000997118 0.00285354 0.0103896
0.0233299 -0.0153574 0.0272371 0.0189222 0.00150405 0.0206154 0.0250087 -0.0203759 0.0243019 0.0185041 0.00183931 0.0274812
-0.026763 -0.0369657 -0.0714733 0.0183268 0.0213034 0.0193708 -0.0309513 -0.0460903 -0.0725346 0.021227 0.0191673 0.0218742
-0.00680832 -0.00979558 -0.0120535 0.00422359 -0.0128789 0.016066 -0.0178519 0.000595139 -0.0240883 0.00547271 -0.0109753 0.0186584
0.014756 -0.0340831 -0.00477178 0.0208681 0.0105349 0.0141162 0.0100531 -0.0322679 0.000977882 0.0179799 0.00944417 0.0180575
